song_id	title	artist	setlist_count	lyrics_url	candidate_url	candidate_title	confidence	note
cg_お願いシンデレラ	お願い！シンデレラ	CINDERELLA PROJECT	169		https://www.uta-net.com/song/311179/	島村卯月(大橋彩香)、小日向美穂(津田美波)、三村かな子(大坪由佳)、渋谷凛(福原綾香)、多田李衣菜(青木瑠璃子)、神崎蘭子(内田真礼)、本田未央(原紗友里)、城ヶ崎美嘉(佳村はるか)、城ヶ崎莉嘉(山本希望) お願い！シンデレラ(M@STER VERSION) 歌詞 - 歌ネット	high	曲名一致 + 関連名詞 18件
sidem_drive_a_live	DRIVE A LIVE	315 ALLSTARS	136		https://www.uta-net.com/song/279041/	315 ALLSTARS DRIVE A LIVE 歌詞 - 歌ネット	high	曲名一致 + 関連名詞 1件
ml_thank_you	Thank You!	765 MILLIONSTARS 天海春香、春日未来、如月千早、木下ひなた、四条貴音、ジュリア、高山紗代子、田中琴葉、天空橋朋花、箱崎星梨花、松田亜利沙、三浦あずさ、水瀬伊織、最上静香、望月杏奈、矢吹可奈、エミリー スチュアート、大神環、我那覇響、菊地真、北上麗花、高坂海美、佐竹美奈子、島原エレナ、高槻やよい、永吉昴、野々原茜、馬場このみ、福田のり子、舞浜歩、真壁瑞希、百瀬莉緒、横山奈緒、秋月律子、伊吹翼、北沢志保、篠宮可憐、周防桃子、徳川まつり、所恵美、豊川風花、中谷育、七尾百合子、二階堂千鶴、萩原雪歩、伴田路子、双海亜美、双海真美、星井美希、宮尾美也	111		https://www.uta-net.com/song/145311/	765 MILLIONSTARS Thank You! 歌詞 - 歌ネット	high	曲名一致 + 関連名詞 2件
765as_ready	READY!!	765PRO ALLSTARS	91		https://www.uta-net.com/song/117549/	765PRO ALLSTARS READY!!(M＠STER VERSION) 歌詞 - 歌ネット	high	曲名一致 + 関連名詞 1件
765as_the_idolmster	THE IDOLM@STER	天海春香、菊地真、双海亜美、双海真美、星井美希	90		(候補なし)	天海春香(中村繪里子)、如月千早(今井麻美)、高槻やよい(仁後真耶子)、萩原雪歩(浅倉杏美)、菊地真(平田宏美)、双海亜美/真美(下田麻美)、水瀬伊織(釘宮理恵)、三浦あずさ(たかはし智秋)、秋月律子(若林直美) THE IDOLM@STER(M@STER VERSION -REMIX-) 歌詞 - 歌ネット	not_found	候補なし
sidem_beyond_the_dream	Beyond The Dream	天ヶ瀬冬馬、御手洗翔太、伊集院北斗、天道輝、桜庭薫、柏木翼、鷹城恭二、ピエール、渡辺みのり、伊瀬谷四季、秋山隼人、若里春名、冬美旬、榊夏来、蒼井享介、蒼井悠介、硲道夫、舞田類、山下次郎、華村翔真、猫柳キリオ、清澄九郎、握野英雄、木村龍、信玄誠司、紅井朱雀、黒野玄武、神谷幸広、東雲荘一郎、アスラン＝ベルゼビュートⅡ世、卯月巻緒、水嶋咲、都築圭、神楽麗、大河タケル、牙崎漣、円城寺道流、岡村直央、橘志狼、姫野かのん、秋月涼、九十九一希、兜大吾、葛之葉雨彦、北村想楽、古論クリス	77		https://www.uta-net.com/song/279040/	315 ALLSTARS Beyond The Dream 歌詞 - 歌ネット	high	曲名一致 + 関連名詞 1件
ml_brand_new_theater	Brand New Theater!	765 MILLION ALLSTARS 天海春香、春日未来、如月千早、木下ひなた、四条貴音、ジュリア、高山紗代子、天空橋朋花、箱崎星梨花、松田亜利沙、三浦あずさ、水瀬伊織、最上静香、望月杏奈、矢吹可奈、エミリー スチュアート、大神環、我那覇響、菊地真、北上麗花、高坂海美、佐竹美奈子、島原エレナ、高槻やよい、永吉昴、野々原茜、馬場このみ、福田のり子、舞浜歩、真壁瑞希、百瀬莉緒、横山奈緒、秋月律子、伊吹翼、北沢志保、篠宮可憐、周防桃子、徳川まつり、所恵美、豊川風花、中谷育、七尾百合子、二階堂千鶴、萩原雪歩、ロコ、双海亜美、双海真美、星井美希、宮尾美也、白石紬、桜守歌織	65		https://www.uta-net.com/song/233282/	765 MILLION ALLSTARS Brand New Theater! 歌詞 - 歌ネット	high	曲名一致 + 関連名詞 1件
gakuen_初	初	花海咲季、月村手毬、藤田ことね、姫崎莉波、紫雲清夏、篠澤広、葛城リーリヤ、倉本千奈、有村麻央	64		https://www.uta-net.com/song/355031/	初星学園 初 歌詞 - 歌ネット	high	曲名一致 + 関連名詞 1件
765as_go_my_way	GO MY WAY!!	天海春香、菊地真、星井美希、双海亜美、双海真美、水瀬伊織	56		https://www.uta-net.com/song/275780/	天海春香(中村繪里子)、高槻やよい(仁後真耶子)、水瀬伊織(釘宮理恵) GO MY WAY!! (M@STER VERSION) 歌詞 - 歌ネット	high	曲名一致 + 関連名詞 6件
765as_キラメキラリ	キラメキラリ	高槻やよい	54		https://www.uta-net.com/song/276475/	高槻やよい(仁後真耶子) キラメキラリ 歌詞 - 歌ネット	high	曲名一致 + 関連名詞 2件
sc_spread_the_wings	Spread the Wings!!	シャイニーカラーズ（櫻木真乃、風野灯織、八宮めぐる、月岡恋鐘、田中摩美々、白瀬咲耶、三峰結華、幽谷霧子、小宮果穂、園田智代子、西城樹里、杜野凛世、有栖川夏葉、大崎甘奈、大崎甜花、桑山千雪）	50		https://www.uta-net.com/song/250040/	シャイニーカラーズ Spread the Wings!! 歌詞 - 歌ネット	high	曲名一致 + 関連名詞 1件
765as_乙女よ大志を抱け	乙女よ大志を抱け！！	天海春香	45		https://www.uta-net.com/song/276469/	天海春香(中村繪里子) 乙女よ大志を抱け！！ 歌詞 - 歌ネット	high	曲名一致 + 関連名詞 2件
ml_dreaming	Dreaming!	春日未来、最上静香、伊吹翼	44		https://www.uta-net.com/song/194742/	春日未来(山崎はるか)、最上静香(田所あずさ)、伊吹翼(Machico) Dreaming! 歌詞 - 歌ネット	high	曲名一致 + 関連名詞 6件
ml_素敵なキセキ	素敵なキセキ	春日未来	44		https://www.uta-net.com/song/148530/	春日未来(山崎はるか) 素敵なキセキ 歌詞 - 歌ネット	high	曲名一致 + 関連名詞 2件
gakuen_campus_mode	Campus mode!!	花海咲季、月村手毬、藤田ことね、姫崎莉波、紫雲清夏、篠澤広、葛城リーリヤ、倉本千奈、有村麻央	43		https://www.uta-net.com/song/355775/	初星学園 Campus mode!! 歌詞 - 歌ネット	high	曲名一致 + 関連名詞 1件
cg_star	Star!!	CINDERELLA PROJECT [島村卯月、渋谷凛、本田未央、双葉杏、三村かな子、城ヶ崎莉嘉、神崎蘭子、前川みく、諸星きらり、多田李衣菜、赤城みりあ、新田美波、緒方智絵里、アナスタシア	39		https://www.uta-net.com/song/181076/	CINDERELLA PROJECT Star!! 歌詞 - 歌ネット	high	曲名一致 + 関連名詞 1件
ml_precious_grain	Precious Grain	最上静香	38		https://www.uta-net.com/song/146949/	最上静香(田所あずさ) Precious Grain 歌詞 - 歌ネット	high	曲名一致 + 関連名詞 2件
ml_welcome	Welcome!!	765 MILLION ALLSTARS 天海春香、春日未来、如月千早、木下ひなた、四条貴音、ジュリア、高山紗代子、田中琴葉、天空橋朋花、箱崎星梨花、松田亜利沙、三浦あずさ、水瀬伊織、最上静香、望月杏奈、矢吹可奈、エミリー スチュアート、大神環、我那覇響、菊地真、北上麗花、高坂海美、佐竹美奈子、島原エレナ、高槻やよい、永吉昴、野々原茜、馬場このみ、福田のり子、舞浜歩、真壁瑞希、百瀬莉緒、横山奈緒、秋月律子、伊吹翼、北沢志保、篠宮可憐、周防桃子、徳川まつり、所恵美、豊川風花、中谷育、七尾百合子、二階堂千鶴、萩原雪歩、ロコ、双海亜美、双海真美、星井美希、宮尾美也	38		https://www.uta-net.com/song/254657/	765 MILLION ALLSTARS Welcome!! 歌詞 - 歌ネット	high	曲名一致 + 関連名詞 1件
765as_msterpiece	M@STERPIECE	765PRO ALLSTARS	36		https://www.uta-net.com/song/158899/	765PRO ALLSTARS M@STERPIECE 歌詞 - 歌ネット	high	曲名一致 + 関連名詞 1件
cg_goin	GOIN'!!!	CINDERELLA PROJECT [島村卯月、渋谷凛、本田未央、双葉杏、三村かな子、城ヶ崎莉嘉、神崎蘭子、前川みく、諸星きらり、多田李衣菜、赤城みりあ、新田美波、緒方智絵里、アナスタシア	36		https://www.uta-net.com/song/190993/	CINDERELLA PROJECT GOIN'!!! 歌詞 - 歌ネット	high	曲名一致 + 関連名詞 1件
765as_いっぱいいっぱい	いっぱいいっぱい	秋月律子	35		https://www.uta-net.com/song/260174/	秋月律子(若林直美) いっぱいいっぱい 歌詞 - 歌ネット	high	曲名一致 + 関連名詞 2件
ml_diamond_days	DIAMOND DAYS	七尾百合子、天空橋朋花、箱崎星梨花、松田亜利沙、ロコ	35		https://www.uta-net.com/song/214189/	七尾百合子(伊藤美来)、天空橋朋花(小岩井ことり)、箱崎星梨花(麻倉もも)、松田亜利沙(村川梨衣)、ロコ(中村温姫) DIAMOND DAYS 歌詞 - 歌ネット	high	曲名一致 + 関連名詞 9件
ml_トキメキの音符になって	トキメキの音符になって	箱崎星梨花	35		https://www.uta-net.com/song/146951/	箱崎星梨花(麻倉もも) トキメキの音符になって 歌詞 - 歌ネット	high	曲名一致 + 関連名詞 2件
765as_自分restrt	自分REST@RT	天海春香、星井美希、如月千早、高槻やよい、萩原雪歩、菊地真、双海真美、四条貴音、我那覇響	34		https://www.uta-net.com/song/275771/	天海春香(中村繪里子)、星井美希(長谷川明子)、如月千早(今井麻美)、高槻やよい(仁後真耶子)、萩原雪歩(長谷優里奈)、菊地真(平田宏美)、双海真美(下田麻美)、四条貴音(原由実)、我那覇響(沼倉愛美) 自分REST@RT (M@STER VERSION) 歌詞 - 歌ネット	high	曲名一致 + 関連名詞 17件
765as_風花	風花	四条貴音	34		https://www.uta-net.com/song/275887/	四条貴音(原由実) 風花 歌詞 - 歌ネット	high	曲名一致 + 関連名詞 2件
cg_never_say_never	Never say never	渋谷凛	34		https://www.uta-net.com/song/129033/	渋谷凛(福原綾香) Never say never 歌詞 - 歌ネット	high	曲名一致 + 関連名詞 2件
cg_tulip	Tulip	LiPPS（速水奏、塩見周子、城ヶ崎美嘉、宮本フレデリカ、一ノ瀬志希）	33		https://www.uta-net.com/song/208264/	速水奏(飯田友子)、塩見周子(ルゥティン)、城ヶ崎美嘉(佳村はるか)、宮本フレデリカ(高野麻美)、一ノ瀬志希(藍原ことみ) Tulip(M@STER VERSION) 歌詞 - 歌ネット	high	曲名一致 + 関連名詞 9件
cg_orange_sapphire	Orange Sapphire	城ヶ崎莉嘉、諸星きらり、城ヶ崎美嘉、本田未央、赤城みりあ	32		(候補なし)	-	not_found	候補なし
cg_smileing	S(mile)ING！	島村卯月	31		https://www.uta-net.com/song/290389/	島村卯月(大橋彩香) S(mile)ING！ 歌詞 - 歌ネット	high	曲名一致 + 関連名詞 2件
765as_the_world_is_all_one_	The world is all one !!	765PRO ALLSTARS	30		https://www.uta-net.com/song/275772/	765PRO ALLSTARS The world is all one!! (M@STER VERSION) 歌詞 - 歌ネット	high	曲名一致 + 関連名詞 1件
sc_いつだって僕らは	いつだって僕らは	ノクチル（浅倉透、樋口円香、福丸小糸、市川雛菜）	30		https://www.uta-net.com/song/291085/	ノクチル いつだって僕らは 歌詞 - 歌ネット	high	曲名一致 + 関連名詞 1件
765as_arcadia	arcadia	如月千早	29		https://www.uta-net.com/song/275894/	如月千早(今井麻美) arcadia 歌詞 - 歌ネット	high	曲名一致 + 関連名詞 2件
765as_relations	relations	星井美希、如月千早	29		https://www.uta-net.com/song/275903/	星井美希(長谷川明子)、如月千早(今井麻美) relations (M@STER VERSION) 歌詞 - 歌ネット	high	曲名一致 + 関連名詞 4件
sc_oh_my_god	OH MY GOD	シーズ（七草にちか、緋田美琴）	29		https://www.uta-net.com/song/310405/	シーズ OH MY GOD 歌詞 - 歌ネット	high	曲名一致 + 関連名詞 1件
sidem_バーニンクールで輝いて	バーニン・クールで輝いて	神速一魂（紅井朱雀、黒野玄武）	29		https://www.uta-net.com/song/206732/	神速一魂 バーニン・クールで輝いて 歌詞 - 歌ネット	high	曲名一致 + 関連名詞 1件
765as_エージェント夜を往く	エージェント夜を往く	菊地真	28		https://www.uta-net.com/song/275905/	菊地真(平田宏美)、双海亜美/真美(下田麻美)、秋月律子(若林直美) エージェント夜を往く (M@STER VERSION) 歌詞 - 歌ネット	high	曲名一致 + 関連名詞 6件
765as_オーバーマスター	オーバーマスター	星井美希、我那覇響、四条貴音	28		https://www.uta-net.com/song/275899/	星井美希(長谷川明子)、我那覇響(沼倉愛美)、四条貴音(原由実) オーバーマスター (M@STER VERSION) 歌詞 - 歌ネット	high	曲名一致 + 関連名詞 6件
765as_自転車	自転車	菊地真	28		https://www.uta-net.com/song/260166/	菊地真(平田宏美) 自転車 歌詞 - 歌ネット	high	曲名一致 + 関連名詞 2件
cg_shine	Shine!!	CINDERELLA PROJECT [島村卯月、渋谷凛、本田未央、双葉杏、三村かな子、城ヶ崎莉嘉、神崎蘭子、前川みく、諸星きらり、多田李衣菜、赤城みりあ、新田美波、緒方智絵里、アナスタシア	28		https://www.uta-net.com/song/191750/	CINDERELLA PROJECT Shine!! 歌詞 - 歌ネット	high	曲名一致 + 関連名詞 1件
sc_wandering_dream_chaser	Wandering Dream Chaser	ストレイライト（芹沢あさひ、黛冬優子、和泉愛依）	28		https://www.uta-net.com/song/273887/	ストレイライト Wandering Dream Chaser 歌詞 - 歌ネット	high	曲名一致 + 関連名詞 1件
765as_the_idolmster_2nd-mix	THE IDOLM@STER 2nd-mix	天海春香、星井美希、萩原雪歩、我那覇響、四条貴音	27		(候補なし)	-	not_found	候補なし
cg_nation_blue	Nation Blue	渋谷凛、高垣楓、神崎蘭子、多田李衣菜、新田美波	27		(候補なし)	-	not_found	候補なし
cg_yes_party_time	Yes! Party Time!!	島村卯月、渋谷凛、本田未央、赤城みりあ、安部菜々	27		https://www.uta-net.com/song/222743/	島村卯月(大橋彩香)、渋谷凛(福原綾香)、本田未央(原紗友里)、赤城みりあ(黒沢ともよ)、安部菜々(三宅麻理恵) Yes! Party Time!! (M@STER VERSION) 歌詞 - 歌ネット	high	曲名一致 + 関連名詞 10件
ml_flyers	Flyers!!!	765 MILLION ALLSTARS 天海春香、春日未来、如月千早、木下ひなた、四条貴音、ジュリア、高山紗代子、田中琴葉、天空橋朋花、箱崎星梨花、松田亜利沙、三浦あずさ、水瀬伊織、最上静香、望月杏奈、矢吹可奈、エミリー スチュアート、大神環、我那覇響、菊地真、北上麗花、高坂海美、佐竹美奈子、島原エレナ、高槻やよい、永吉昴、野々原茜、馬場このみ、福田のり子、舞浜歩、真壁瑞希、百瀬莉緒、横山奈緒、秋月律子、伊吹翼、北沢志保、篠宮可憐、周防桃子、徳川まつり、所恵美、豊川風花、中谷育、七尾百合子、二階堂千鶴、萩原雪歩、ロコ、双海亜美、双海真美、星井美希、宮尾美也、白石紬、桜守歌織	27		https://www.uta-net.com/song/271307/	765 MILLION ALLSTARS Flyers!!! 歌詞 - 歌ネット	high	曲名一致 + 関連名詞 1件
sc_ambitious_eve	Ambitious Eve	シャイニーカラーズ（櫻木真乃、風野灯織、八宮めぐる、月岡恋鐘、田中摩美々、白瀬咲耶、三峰結華、幽谷霧子、小宮果穂、園田智代子、西城樹里、杜野凛世、有栖川夏葉、大崎甘奈、大崎甜花、桑山千雪）	27		https://www.uta-net.com/song/266132/	シャイニーカラーズ Ambitious Eve 歌詞 - 歌ネット	high	曲名一致 + 関連名詞 1件
765as_空	空	音無小鳥	26		https://www.uta-net.com/song/275778/	音無小鳥(滝田樹里) 空 歌詞 - 歌ネット	high	曲名一致 + 関連名詞 2件
cg_beyond_the_starlight	BEYOND THE STARLIGHT	城ヶ崎莉嘉、緒方智絵里、北条加蓮、川島瑞樹、大槻唯	26		https://www.uta-net.com/song/223207/	城ヶ崎莉嘉(山本希望)、緒方智絵里(大空直美)、北条加蓮(渕上舞)、川島瑞樹(東山奈央)、大槻唯(山下七海) BEYOND THE STARLIGHT 歌詞 - 歌ネット	high	曲名一致 + 関連名詞 10件
sc_dye_the_sky	Dye the sky.	シャイニーカラーズ（櫻木真乃、風野灯織、八宮めぐる、月岡恋鐘、田中摩美々、白瀬咲耶、三峰結華、幽谷霧子、小宮果穂、園田智代子、西城樹里、杜野凛世、有栖川夏葉、大崎甘奈、大崎甜花、桑山千雪、芹沢あさひ、黛冬優子、和泉愛依、浅倉透、樋口円香、福丸小糸、市川雛菜）	26		https://www.uta-net.com/song/284111/	シャイニーカラーズ Dye the sky. 歌詞 - 歌ネット	high	曲名一致 + 関連名詞 1件
sidem_moon_nightのせいにして	MOON NIGHTのせいにして	DRAMATIC STARS（天道輝、桜庭薫、柏木翼）	26		https://www.uta-net.com/song/211076/	DRAMATIC STARS MOON NIGHTのせいにして 歌詞 - 歌ネット	high	曲名一致 + 関連名詞 1件
765as_alright	ALRIGHT*	萩原雪歩	25		https://www.uta-net.com/song/260167/	萩原雪歩(浅倉杏美) ALRIGHT* 歌詞 - 歌ネット	high	曲名一致 + 関連名詞 2件
765as_眠り姫	眠り姫	如月千早	25					
cg_tokimekiエスカレート	TOKIMEKIエスカレート	城ヶ崎美嘉	25					
gakuen_fighting_my_way	Fighting My Way	花海咲季	25					
gakuen_キミとセミブルー	キミとセミブルー	姫崎莉波、有村麻央、紫雲清夏	25					
sc_hide_attack	Hide & Attack	ストレイライト（芹沢あさひ、黛冬優子、和泉愛依）	25					
765as_start	START!!	天海春香	24					
cg_あんずのうた	あんずのうた	双葉杏	24					
sc_fly_and_fly	Fly and Fly	シーズ（七草にちか、緋田美琴）	24					
sc_multicolored_sky	Multicolored Sky	シャイニーカラーズ（櫻木真乃、風野灯織、八宮めぐる、月岡恋鐘、田中摩美々、白瀬咲耶、三峰結華、幽谷霧子、小宮果穂、園田智代子、西城樹里、杜野凛世、有栖川夏葉、大崎甘奈、大崎甜花、桑山千雪）	24					
765as_マリオネットの心	マリオネットの心	星井美希	23					
765as_蒼い鳥	蒼い鳥	如月千早	23					
sc_シャイノグラフィ	シャイノグラフィ	シャイニーカラーズ（櫻木真乃、風野灯織、八宮めぐる、月岡恋鐘、田中摩美々、白瀬咲耶、三峰結華、幽谷霧子、小宮果穂、園田智代子、西城樹里、杜野凛世、有栖川夏葉、大崎甘奈、大崎甜花、桑山千雪、芹沢あさひ、黛冬優子、和泉愛依、浅倉透、樋口円香、福丸小糸、市川雛菜）	23					
sc_太陽キッス	太陽キッス	放課後クライマックスガールズ（小宮果穂、園田智代子、西城樹里、杜野凛世、有栖川夏葉）	23					
765as_my_song	my song	水瀬伊織、菊地真、三浦あずさ	22					
cg_twilight_sky	Twilight Sky	多田李衣菜	22					
cg_ミツボシ	ミツボシ☆☆★	本田未央	22					
sidem_legacy_of_spirit	Legacy of Spirit	Legenders（葛之葉雨彦、北村想楽、古論クリス）	22					
sidem_starlight_celebrate	STARLIGHT CELEBRATE!	DRAMATIC STARS（天道輝、桜庭薫、柏木翼）	22					
765as_change	CHANGE!!!!	765PRO ALLSTARS	21					
876_リローディング	リローディング	灯里愛夏、上水流宇宙、レトラ	21					
876_群青イニシエーション	群青イニシエーション	レトラ	21					
cg_アタシポンコツアンドロイド	アタシポンコツアンドロイド	双葉杏、前川みく、島村卯月、小日向美穂、安部菜々	21					
cg_純情midnight伝説	純情Midnight伝説	炎陣（向井拓海、藤本里奈、松永涼、大和亜季、木村夏樹）	21					
gakuen_luna_say_maybe	Luna say maybe	月村手毬	21					
ml_union	UNION!!	765 MILLION ALLSTARS 天海春香、春日未来、如月千早、木下ひなた、四条貴音、ジュリア、高山紗代子、田中琴葉、天空橋朋花、箱崎星梨花、松田亜利沙、三浦あずさ、水瀬伊織、最上静香、望月杏奈、矢吹可奈、エミリー スチュアート、大神環、我那覇響、菊地真、北上麗花、高坂海美、佐竹美奈子、島原エレナ、高槻やよい、永吉昴、野々原茜、馬場このみ、福田のり子、舞浜歩、真壁瑞希、百瀬莉緒、横山奈緒、秋月律子、伊吹翼、北沢志保、篠宮可憐、周防桃子、徳川まつり、所恵美、豊川風花、中谷育、七尾百合子、二階堂千鶴、萩原雪歩、ロコ、双海亜美、双海真美、星井美希、宮尾美也、白石紬、桜守歌織	21					
ml_ハッピーラッキージェットマシーン	ハッピー☆ラッキー☆ジェットマシーン	横山奈緒	21					
sc_アルストロメリア	アルストロメリア	アルストロメリア（大崎甘奈、大崎甜花、桑山千雪）	21					
sidem_勇敢なるキミへ	勇敢なるキミへ	FRAME（握野英雄、木村龍、信玄誠司）	21					
765as_i_want	I Want	天海春香	20					
765as_next_life	Next Life	我那覇響	20					
765as_tear	tear	菊地真	20					
765as_ゲンキトリッパー	ゲンキトリッパー	高槻やよい	20					
765as_太陽のジェラシー	太陽のジェラシー	天海春香	20					
765as_目が逢う瞬間	目が逢う瞬間	如月千早	20					
cg_evermore	EVERMORE	城ヶ崎美嘉、神崎蘭子、前川みく、二宮飛鳥、一ノ瀬志希	20					
cg_ガールズインザフロンティア	ガールズ・イン・ザ・フロンティア	渋谷凛、早坂美玲、木村夏樹、小日向美穂、塩見周子	20					
sc_fashionable	Fashionable	シーズ（七草にちか、緋田美琴）	20					
sc_あの花のように	あの花のように	ノクチル（浅倉透、樋口円香、福丸小糸、市川雛菜）	20					
sc_ハナムケのハナタバ	ハナムケのハナタバ	コメティック（斑鳩ルカ、鈴木羽那、郁田はるき）	20					
sc_ビーチブレイバー	ビーチブレイバー	放課後クライマックスガールズ（小宮果穂、園田智代子、西城樹里、杜野凛世、有栖川夏葉）	20					
sc_無自覚アプリオリ	無自覚アプリオリ	コメティック（斑鳩ルカ、鈴木羽那、郁田はるき）	20					
sidem_dramatic_nonfiction	DRAMATIC NONFICTION	DRAMATIC STARS（天道輝、桜庭薫、柏木翼）	20					
765as_fate_of_the_world	Fate of the World	天海春香、星井美希、如月千早	19					
765as_voyger	VOY@GER	THE IDOLM@STER FIVE STARS!!!!!（天海春香、菊地真、四条貴音、塩見周子、新田美波、久川颯、高坂海美、白石紬、望月杏奈、鷹城恭二、黒野玄武、古論クリス、有栖川夏葉、黛冬優子、浅倉透）	19					
765as_スタトスタ	スタ→トスタ→	双海亜美／真美	19					
765as_フラワーガール	フラワーガール	四条貴音	19					
765as_待ち受けプリンス	待ち受けプリンス	高槻やよい、菊地真、水瀬伊織	19					
765as_魔法をかけて	魔法をかけて！	秋月律子	19					
cg_ましゅまろキッス	ましゅまろ☆キッス	諸星きらり	19					
cg_クレイジークレイジー	クレイジークレイジー	レイジー・レイジー（一ノ瀬志希、宮本フレデリカ）	19					
cg_メルヘンデビュー	メルヘンデビュー！	安部菜々	19					
gakuen_fluorite	Fluorite	有村麻央	19					
gakuen_冠菊	冠菊	花海咲季、藤田ことね、葛城リーリヤ	19					
ml_pretty_dreamer	PRETTY DREAMER	我那覇響、春日未来、豊川風花、望月杏奈、横山奈緒	19					
ml_sentimental_venus	Sentimental Venus	水瀬伊織、エミリー スチュアート、真壁瑞希、百瀬莉緒	19					
sc_バベルシティグレイス	バベルシティ・グレイス	アンティーカ（月岡恋鐘、田中摩美々、白瀬咲耶、三峰結華、幽谷霧子）	19					
sc_ヒカリのdestination	ヒカリのdestination	イルミネーションスターズ（櫻木真乃、風野灯織、八宮めぐる）	19					
sidem_jokerオールマイティ	JOKER↗オールマイティ	High×Joker（伊瀬谷四季、秋山隼人、若里春名、冬美旬、榊夏来）	19					
sidem_reason	Reason!!	315 STARS（DRAMATIC STARS（天道輝、桜庭薫、柏木翼、Beit[鷹城恭二、ピエール、渡辺みのり、S.E.M[硲道夫、舞田類、山下次郎、High×Joker[伊瀬谷四季、秋山隼人、若里春名、冬美旬、榊夏来、Ｗ[蒼井享介、蒼井悠介、Jupiter[天ヶ瀬冬馬、御手洗翔太、伊集院北斗）	19					
sidem_study_equal_magic	Study Equal Magic!	S.E.M（硲道夫、舞田類、山下次郎）	19					
765as_do-dai	Do-Dai	高槻やよい、双海亜美、星井美希	18					
876_hello	“HELLO!!”	日高愛、水谷絵理、秋月涼	18					
cg_lovedestiny	Love∞Destiny	Masque:Rade（佐久間まゆ、北条加蓮、小日向美穂、多田李衣菜、緒方智絵里）	18					
cg_サマカニ	サマカニ！！	サマプリ（川島瑞樹、日野茜、堀裕子、上田鈴帆、難波笑美）	18					
cg_ハイファイデイズ	ハイファイ☆デイズ	L.M.B.G（佐々木千枝、櫻井桃華、市原仁奈、龍崎薫、赤城みりあ）	18					
cg_メッセージ	メッセージ	THE IDOLM@STER CINDERELLA GIRLS for BEST5!、安部菜々、緒方智絵里、島村卯月、本田未央	18					
cg_夕映えプレゼント	夕映えプレゼント	CINDERELLA PROJECT [島村卯月、渋谷凛、本田未央、双葉杏、三村かな子、城ヶ崎莉嘉、神崎蘭子、前川みく、諸星きらり、多田李衣菜、赤城みりあ、新田美波、緒方智絵里、アナスタシア	18					
ml_blue_symphony	Blue Symphony	如月千早、北沢志保、田中琴葉、所恵美	18					
ml_fairytaleじゃいられない	FairyTaleじゃいられない	フェアリースターズ（最上静香、白石紬、所恵美、ジュリア、北沢志保）	18					
ml_rebellion	Rebellion	我那覇響	18					
ml_恋のlesson初級編	恋のLesson初級編	伊吹翼	18					
sc_twinkle_way	Twinkle way	イルミネーションスターズ（櫻木真乃、風野灯織、八宮めぐる）	18					
sidem_café_parade	Café Parade!	Café Parade（神谷幸広、東雲荘一郎、アスラン＝ベルゼビュートⅡ世、卯月巻緒、水嶋咲）	18					
sidem_mission_is_ピースフル	MISSION is ピースフル！	FRAME（握野英雄、木村龍、信玄誠司）	18					
sidem_next_stage	NEXT STAGE！	(SideM NEW STAGE共通曲)	18					
sidem_夢色voyager	夢色VOYAGER	F-LAGS（秋月涼、九十九一希、兜大吾）	18					
765as_music	MUSIC♪	765PRO ALLSTARS	17					
765as_キミはメロディ	キミはメロディ	三浦あずさ、四条貴音、如月千早、星井美希、高槻やよい、双海亜美/真美	17					
765as_スマイル体操	スマイル体操	高槻やよい	17					
cg_absolute_nine	Absolute NIne	THE IDOLM@STER CINDERELLA GIRLS!!（塩見周子、高垣楓、渋谷凛、前川みく、一ノ瀬志希、島村卯月、相葉夕美、城ヶ崎美嘉、向井拓海）	17					
cg_mgic	M@GIC☆	CINDERELLA PROJECT [島村卯月、渋谷凛、本田未央、双葉杏、三村かな子、城ヶ崎莉嘉、神崎蘭子、前川みく、諸星きらり、多田李衣菜、赤城みりあ、新田美波、緒方智絵里、アナスタシア	17					
cg_treasure	Treasure☆	島村卯月、渋谷凛、城ヶ崎美嘉、本田未央、多田李衣菜	17					
cg_ススメオトメ_jewel_parade	ススメ☆オトメ 〜jewel parade〜	渋谷凛、高垣楓、神崎蘭子、多田李衣菜、新田美波	17					
cg_生存本能ヴァルキュリア	生存本能ヴァルキュリア	アインフェリア（新田美波、鷺沢文香、橘ありす、高森藍子、相葉夕美）	17					
gakuen_endless_dance	ENDLESS DANCE	初星学園	17					
gakuen_白線	白線	葛城リーリヤ	17					
ml_marionetteは眠らない	Marionetteは眠らない	星井美希、伊吹翼、北上麗花、ジュリア	17					
sc_lets_get_a_chance	Let's get a chance	シャイニーカラーズ（櫻木真乃、風野灯織、八宮めぐる、月岡恋鐘、田中摩美々、白瀬咲耶、三峰結華、幽谷霧子、小宮果穂、園田智代子、西城樹里、杜野凛世、有栖川夏葉、大崎甘奈、大崎甜花、桑山千雪）	17					
sc_今しかない瞬間を	今しかない瞬間を	ノクチル（浅倉透、樋口円香、福丸小糸、市川雛菜）	17					
sc_僕らだけの未来の空	僕らだけの未来の空	ノクチル（浅倉透、樋口円香、福丸小糸、市川雛菜）	17					
sidem_glorious_rod	GLORIOUS RO@D	315 STARS（DRAMATIC STARS（天道輝、桜庭薫、柏木翼、Beit[鷹城恭二、ピエール、渡辺みのり、S.E.M[硲道夫、舞田類、山下次郎、High×Joker[伊瀬谷四季、秋山隼人、若里春名、冬美旬、榊夏来、Ｗ[蒼井享介、蒼井悠介、Jupiter[天ヶ瀬冬馬、御手洗翔太、伊集院北斗）	17					
sidem_victory_believer	VICTORY BELIEVER	W（蒼井享介、蒼井悠介）	17					
sidem_were_the_one	We're the one	C.FIRST（天峰秀、花園百々人、眉見鋭心）	17					
765as_little_match_girl	Little Match Girl	如月千早、萩原雪歩	16					
765as_shiny_smile	shiny smile	天海春香、如月千早、秋月律子	16					
765as_vault_that_borderline	Vault That Borderline!	天海春香、如月千早、三浦あずさ、秋月律子	16					
cg_snow_wings	Snow Wings	島村卯月、渋谷凛、本田未央、大槻唯、上条春菜	16					
cg_美に入り彩を穿つ	美に入り彩を穿つ	羽衣小町（小早川紗枝、塩見周子）	16					
cg_銀のイルカと熱い風	銀のイルカと熱い風	大槻唯、緒方智絵里、新田美波	16					
gakuen_clumsy_trick	clumsy trick	姫崎莉波	16					
gakuen_howling_over_the_world	Howling over the World	初星学園	16					
gakuen_アイヴイ	アイヴイ	月村手毬	16					
gakuen_世界一可愛い私	世界一可愛い私	藤田ことね	16					
gakuen_仮装狂騒曲	仮装狂騒曲	月村手毬、篠澤広、倉本千奈	16					
gakuen_小さな野望	小さな野望	十王星南	16					
ml_透明なプロローグ	透明なプロローグ	七尾百合子	16					
sc_resonance	Resonance⁺	シャイニーカラーズ（櫻木真乃、風野灯織、八宮めぐる、月岡恋鐘、田中摩美々、白瀬咲耶、三峰結華、幽谷霧子、小宮果穂、園田智代子、西城樹里、杜野凛世、有栖川夏葉、大崎甘奈、大崎甜花、桑山千雪、芹沢あさひ、黛冬優子、和泉愛依、浅倉透、樋口円香、福丸小糸、市川雛菜、七草にちか、緋田美琴）	16					
sc_timeless_shooting_star	Timeless Shooting Star	ストレイライト（芹沢あさひ、黛冬優子、和泉愛依）	16					
sc_we_can_go_now	We can go now!	イルミネーションスターズ（櫻木真乃、風野灯織、八宮めぐる）	16					
sc_くだらないや	くだらないや	コメティック（斑鳩ルカ、鈴木羽那、郁田はるき）	16					
sc_夢咲きafter_school	夢咲きAfter school	放課後クライマックスガールズ（小宮果穂、園田智代子、西城樹里、杜野凛世、有栖川夏葉）	16					
sidem_ray_of_light	RAY OF LIGHT	THE 虎牙道（大河タケル、牙崎漣、円城寺道流）	16					
sidem_the_1st_movement_未来のための二重奏	The 1st Movement 〜未来のための二重奏〜	Altessimo（都築圭、神楽麗）	16					
sidem_スマイルエンゲージ	スマイル・エンゲージ	Beit（鷹城恭二、ピエール、渡辺みのり）	16					
sidem_和風堂々wanderful_nippon	和風堂々！〜WAnderful NIPPON！〜	彩（華村翔真、猫柳キリオ、清澄九郎）	16					
765as_902pm	9:02pm	三浦あずさ	15					
765as_きゅんっヴァンパイアガール	きゅんっ！ヴァンパイアガール	星井美希、四条貴音、我那覇響	15					
765as_ポジティブ	ポジティブ！	双海亜美／真美	15					
765as_何度も言えるよ	何度も言えるよ	萩原雪歩	15					
765as_私はアイドル	私はアイドル♡	水瀬伊織、高槻やよい、双海亜美／真美	15					
765as_迷走mind	迷走Mind	菊地真	15					
876_きみの一等星	きみの一等星	レトラ	15					
cg_nswer	∀NSWER	individuals（早坂美玲、森久保乃々、星輝子）	15					
cg_romantic_now	Romantic Now	赤城みりあ	15					
cg_were_the_friends	We're the friends!	THE IDOLM@STER CINDERELLA GIRLS!!、鷺沢文香、高垣楓、安部菜々、緒方智絵里、島村卯月、本田未央、姫川友紀、高森藍子	15					
cg_さよならアンドロメダ	さよならアンドロメダ	渋谷凛、森久保乃々、大和亜季	15					
cg_モーレツ世直しギルティ	モーレツ★世直しギルティ！	セクシーギルティ（堀裕子、片桐早苗、及川雫）	15					
cg_夢色ハーモニー	夢色ハーモニー	CINDERELLA PROJECT [島村卯月、渋谷凛、本田未央、双葉杏、三村かな子、城ヶ崎莉嘉、神崎蘭子、前川みく、諸星きらり、多田李衣菜、赤城みりあ、新田美波、緒方智絵里、アナスタシア	15					
ml_eternal_harmony	Eternal Harmony	エターナルハーモニー（如月千早、エミリー スチュアート、ジュリア、徳川まつり、豊川風花）	15					
ml_snow_white	Snow White	如月千早	15					
ml_花ざかりweekend	花ざかりWeekend✿	4Luxury（桜守歌織、豊川風花、北上麗花、馬場このみ）	15					
sc_anniversary	Anniversary	アルストロメリア（大崎甘奈、大崎甜花、桑山千雪）	15					
sc_another_rampage	Another Rampage	ストレイライト（芹沢あさひ、黛冬優子、和泉愛依）	15					
sc_black_reverie	Black Reverie	アンティーカ（月岡恋鐘、田中摩美々、白瀬咲耶、三峰結華、幽谷霧子）	15					
sc_happy_funny_lucky	Happy Funny Lucky	イルミネーションスターズ（櫻木真乃、風野灯織、八宮めぐる）	15					
sc_neo_theory_fantasy	NEO THEORY FANTASY	アンティーカ（月岡恋鐘、田中摩美々、白瀬咲耶、三峰結華、幽谷霧子）	15					
sc_ハピリリ	ハピリリ	アルストロメリア（大崎甘奈、大崎甜花、桑山千雪）	15					
sidem_growing_smiles	Growing Smiles！	315 ALLSTARS（天ヶ瀬冬馬、御手洗翔太、伊集院北斗、天道輝、桜庭薫、柏木翼、鷹城恭二、ピエール、渡辺みのり、伊瀬谷四季、秋山隼人、若里春名、冬美旬、榊夏来、蒼井享介、蒼井悠介、硲道夫、舞田類、山下次郎、華村翔真、猫柳キリオ、清澄九郎、握野英雄、木村龍、信玄誠司、紅井朱雀、黒野玄武、神谷幸広、東雲荘一郎、アスラン＝ベルゼビュートⅡ世、卯月巻緒、水嶋咲、都築圭、神楽麗、大河タケル、牙崎漣、円城寺道流、岡村直央、橘志狼、姫野かのん、秋月涼、九十九一希、兜大吾、葛之葉雨彦、北村想楽、古論クリス、天峰秀、花園百々人、眉見鋭心）	15					
sidem_high_jump_no_limit	HIGH JUMP NO LIMIT	High×Joker（伊瀬谷四季、秋山隼人、若里春名、冬美旬、榊夏来）	15					
sidem_pride_star	PRIDE STAR	315 ALLSTARS（天ヶ瀬冬馬、御手洗翔太、伊集院北斗、天道輝、桜庭薫、柏木翼、鷹城恭二、ピエール、渡辺みのり、伊瀬谷四季、秋山隼人、若里春名、冬美旬、榊夏来、蒼井享介、蒼井悠介、硲道夫、舞田類、山下次郎、華村翔真、猫柳キリオ、清澄九郎、握野英雄、木村龍、信玄誠司、紅井朱雀、黒野玄武、神谷幸広、東雲荘一郎、アスラン＝ベルゼビュートⅡ世、卯月巻緒、水嶋咲、都築圭、神楽麗、大河タケル、牙崎漣、円城寺道流、岡村直央、橘志狼、姫野かのん、秋月涼、九十九一希、兜大吾、葛之葉雨彦、北村想楽、古論クリス）	15					
sidem_喜怒哀楽万国共通-burn_it_up-	喜怒哀楽万国共通-Burn it up!-	神速一魂（紅井朱雀、黒野玄武）	15					
sidem_喝彩花鳥風月	喝彩！〜花鳥風月〜	彩（華村翔真、猫柳キリオ、清澄九郎）	15					
765as_megare	MEGARE!	765PRO ALLSTARS	14					
765as_smoky_thrill	SMOKY THRILL	竜宮小町、三浦あずさ、双海亜美	14					
765as_top	ToP!!!!!!!!!!!!!	765PRO ALLSTARS	14					
765as_trial_dance	TRIAL DANCE	我那覇響	14					
765as_ジェミー	ジェミー	双海真美	14					
765as_フタリの記憶	フタリの記憶	水瀬伊織	14					
765as_黎明スターライン	黎明スターライン	双海亜美／真美	14					
876_クライヤ	クライヤ	上水流宇宙	14					
876_公転周期	公転周期	上水流宇宙	14					
961_kiss	KisS	星井美希、我那覇響、四条貴音	14					
cg_2nd_side	2nd SIDE	神谷奈緒	14					
cg_nocturne	Nocturne	高垣楓・川島瑞樹・松永涼・速水奏・新田美波	14					
cg_otahen_アンセム	OTAHEN アンセム	夢見りあむ	14					
cg_radio_happy	Radio Happy	大槻唯	14					
cg_stage_bye_stage	Stage Bye Stage	島村卯月、渋谷凛、本田未央	14					
cg_おねだり_shall_we_	おねだり Shall We 〜？	前川みく	14					
cg_アンデッドダンスロック	アンデッド・ダンスロック	エルドリッチ・ロアテラー（松永涼、白坂小梅）	14					
cg_パリラ	パ・リ・ラ	Bom Dia（ナターリア、喜多見柚、城ヶ崎莉嘉、浜口あやめ、及川雫）	14					
cg_流れ星キセキ	流れ星キセキ	new generations	14					
gakuen_tame-lie-one-step	Tame-Lie-One-Step	紫雲清夏	14					
gakuen_wonder_scale	Wonder Scale	倉本千奈	14					
gakuen_がむしゃらに行こう	がむしゃらに行こう！	花海咲季、月村手毬、藤田ことね、姫崎莉波、紫雲清夏、篠澤広、葛城リーリヤ、倉本千奈、有村麻央	14					
gakuen_標	標	初星学園	14					
ml_happy_darling	Happy Darling	望月杏奈	14					
ml_キラメキ進行形	キラメキ進行形	天海春香	14					
ml_瞳の中のシリウス	瞳の中のシリウス	四条貴音、高坂海美、徳川まつり、宮尾美也	14					
sc_give_me_some_more	Give me some more...	アルストロメリア（大崎甘奈、大崎甜花、桑山千雪）	14					
sc_transcending_the_world	Transcending The World	ストレイライト（芹沢あさひ、黛冬優子、和泉愛依）	14					
sc_スマイルシンフォニア	スマイルシンフォニア	イルミネーションスターズ（櫻木真乃、風野灯織、八宮めぐる）	14					
sc_五ツ座流星群	五ツ座流星群	放課後クライマックスガールズ（小宮果穂、園田智代子、西城樹里、杜野凛世、有栖川夏葉）	14					
sc_平行線の美学	平行線の美学	コメティック（斑鳩ルカ、鈴木羽那、郁田はるき）	14					
sidem_dont_u_worry	Don't U Worry	C.FIRST（天峰秀、花園百々人、眉見鋭心）	14					
sidem_lets_go_all_the_way	LET'S GO ALL THE WAY!	High×Joker（伊瀬谷四季、秋山隼人、若里春名、冬美旬、榊夏来）	14					
sidem_our_colorful_stage	Our Colorful Stage!!!	315 STARS（天道輝、桜庭薫、柏木翼、伊瀬谷四季、秋山隼人、若里春名、冬美旬、榊夏来、天峰秀、花園百々人、眉見鋭心）	14					
sidem_sunrise_dreamer	Sunrise Dreamer	DRAMATIC STARS（天道輝、桜庭薫、柏木翼）	14					
765as_brand_new_day	Brand New Day!	我那覇響	13					
765as_day_of_the_future	Day of the future	星井美希	13					
765as_eden	edeN	星井美希、萩原雪歩、菊地真、四条貴音	13					
765as_first_step	First Step	萩原雪歩	13					
765as_live	livE	秋月律子	13					
765as_princess_snow_white	Princess Snow White	四条貴音	13					
765as_しあわせのレシピ	しあわせのレシピ	我那覇響	13					
765as_ふるふるフューチャー	ふるふるフューチャー☆	星井美希	13					
765as_ダンスダンスダンス	ダンス・ダンス・ダンス	高垣楓、如月千早、秋月律子、三浦あずさ、四条貴音、神崎蘭子、最上静香、白石紬、白瀬咲耶、杜野凛世、奥空心白、玲音	13					
876_ともすれば中略アイドル	ともすれば、（中略）アイドル	灯里愛夏	13					
cg_dokidokiリズム	DOKIDOKIリズム	城ヶ崎莉嘉	13					
cg_hotel_moonside	Hotel Moonside	速水奏	13					
cg_jet_to_the_future	Jet to the Future	Rock the beat（多田李衣菜、木村夏樹）	13					
cg_packing_her_favorite	Packing Her Favorite	久川颯	13					
cg_rockin_emotion	Rockin' Emotion	木村夏樹	13					
cg_sunflower	SUN♡FLOWER	本田未央、片桐早苗、佐藤心、城ヶ崎美嘉、諸星きらり	13					
cg_あんきら狂騒曲	あんきら！？狂騒曲	HappyHappyTwin（双葉杏、諸星きらり）	13					
cg_とどけアイドル	とどけ！アイドル	島村卯月、渋谷凛、本田未央、双葉杏、諸星きらり	13					
cg_ミラーボールラブ	ミラーボール・ラブ	宮本フレデリカ、棟方愛海、及川雫、荒木比奈、姫川友紀	13					
cg_ラブレター	ラブレター	ピンクチェックスクール（島村卯月、小日向美穂、五十嵐響子）	13					
cg_情熱ファンファンファーレ	情熱ファンファンファーレ	ポジティブパッション（本田未央、日野茜、高森藍子）	13					
cg_絶対特権主張しますっ	絶対特権主張しますっ！	十時愛梨、日野茜、高森藍子、星輝子、堀裕子	13					
gakuen_choo_choo_choo	Choo Choo Choo	十王星南	13					
gakuen_ツキノカメ	ツキノカメ	秦谷美鈴	13					
gakuen_ミラクルナナウ	ミラクルナナウ(ﾟ∀ﾟ)！	花海咲季、月村手毬、藤田ことね	13					
ml_rat_a_tat	Rat A Tat!!!	MILLIONSTARS（春日未来、木下ひなた、ジュリア、高山紗代子、田中琴葉、天空橋朋花、箱崎星梨花、松田亜利沙、最上静香、望月杏奈、矢吹可奈、エミリー スチュアート、大神環、北上麗花、高坂海美、佐竹美奈子、島原エレナ、永吉昴、野々原茜、馬場このみ、福田のり子、舞浜歩、真壁瑞希、百瀬莉緒、横山奈緒、伊吹翼、北沢志保、篠宮可憐、周防桃子、徳川まつり、所恵美、豊川風花、中谷育、七尾百合子、二階堂千鶴、ロコ、宮尾美也、白石紬、桜守歌織）	13					
ml_未来飛行	未来飛行	春日未来	13					
ml_流星群	流星群	ジュリア	13					
sc_destined_rival	Destined Rival	ストレイライト（芹沢あさひ、黛冬優子、和泉愛依）	13					
sc_ダブルイフェクト	ダブル・イフェクト	アルストロメリア（大崎甘奈、大崎甜花、桑山千雪）	13					
sc_幻惑silhouette	幻惑SILHOUETTE	アンティーカ（月岡恋鐘、田中摩美々、白瀬咲耶、三峰結華、幽谷霧子）	13					
sc_拝啓タイムカプセル	拝啓タイムカプセル	放課後クライマックスガールズ（小宮果穂、園田智代子、西城樹里、杜野凛世、有栖川夏葉）	13					
sc_星の声	星の声	シャイニーカラーズ（櫻木真乃、風野灯織、八宮めぐる、月岡恋鐘、田中摩美々、白瀬咲耶、三峰結華、幽谷霧子、小宮果穂、園田智代子、西城樹里、杜野凛世、有栖川夏葉、大崎甘奈、大崎甜花、桑山千雪、芹沢あさひ、黛冬優子、和泉愛依、浅倉透、樋口円香、福丸小糸、市川雛菜、七草にちか、緋田美琴、斑鳩ルカ、鈴木羽那、郁田はるき）	13					
sc_純白トロイメライ	純白トロイメライ	アンティーカ（月岡恋鐘、田中摩美々、白瀬咲耶、三峰結華、幽谷霧子）	13					
sc_虹になれ	虹になれ	イルミネーションスターズ（櫻木真乃、風野灯織、八宮めぐる）	13					
sidem_arrive_to_star	ARRIVE TO STAR	DRAMATIC STARS（天道輝、桜庭薫、柏木翼）	13					
sidem_proof_of_oneself	PROOF OF ONESELF	THE 虎牙道（大河タケル、牙崎漣、円城寺道流）	13					
sidem_うぇるかむはぴきらパーク	うぇるかむ・はぴきらパーク！	もふもふえん（岡村直央、橘志狼、姫野かのん）	13					
sidem_もっふいんざぼっくす	もっふ・いんざぼっくす♪	もふもふえん（岡村直央、橘志狼、姫野かのん）	13					
sidem_強く尊き獣たち	強く尊き獣たち	THE 虎牙道（大河タケル、牙崎漣、円城寺道流）	13					
sidem_情熱fighter	情熱...FIGHTER	THE 虎牙道（大河タケル、牙崎漣、円城寺道流）	13					
765as_dream	DREAM	萩原雪歩、秋月律子、星井美希、四条貴音、秋月涼	12					
765as_lost	LOST	如月千早、三浦あずさ、水瀬伊織、双海亜美／真美、水谷絵理	12					
765as_アマテラス	アマテラス	萩原雪歩、三浦あずさ、四条貴音	12					
765as_恋するミカタ	恋するミカタ	秋月律子	12					
765as_約束	約束	如月千早、天海春香、星井美希、高槻やよい、萩原雪歩、菊地真、双海亜美／真美、水瀬伊織、三浦あずさ、四条貴音、我那覇響	12					
765as_隣に	隣に…	三浦あずさ	12					
cg_come_to_you	Come to you	小日向美穂、渋谷凛、本田未央	12					
cg_gemstone	GEMSTONE	的場梨沙	12					
cg_o-ku-ri-mo-no_sunday	O-Ku-Ri-Mo-No Sunday!	miroir（久川颯、久川凪）	12					
cg_snowlove	Snow＊Love	市原仁奈、及川雫、大槻唯、高森藍子、依田芳乃	12					
cg_trancing_pulse	Trancing Pulse	Triad Primus（渋谷凛、神谷奈緒、北条加蓮）	12					
cg_できたてevo_revo_generation	できたてEvo! Revo! Generation!	new generations（島村卯月）	12					
cg_オルゴールの小箱	オルゴールの小箱	川島瑞樹、白坂小梅、アナスタシア、神谷奈緒、北条加蓮	12					
cg_ショコラティアラ	ショコラ・ティアラ	三村かな子	12					
cg_ドレミファクトリー	ドレミファクトリー！	櫻井桃華、佐々木千枝、橘ありす、結城晴、龍崎薫	12					
cg_秘密のトワレ	秘密のトワレ	一ノ瀬志希	12					
cg_花簪_hanakanzashi	花簪 HANAKANZASHI	小早川紗枝	12					
cg_輝く世界の魔法	輝く世界の魔法	THE IDOLM@STER CINDERELLA GIRLS!、アナスタシア、高垣楓、輿水幸子、渋谷凛	12					
gakuen_star-mine	Star-mine	Begrazia（花海佑芽、秦谷美鈴、十王星南）	12					
gakuen_光景	光景	篠澤広	12					
ml_growing_storm	Growing Storm!	乙女ストーム！（春日未来、伊吹翼、七尾百合子、真壁瑞希、望月杏奈）	12					
ml_legend_girls	Legend Girls!!	天海春香、天空橋朋花、七尾百合子、箱崎星梨花、最上静香	12					
ml_princess_be_ambitious	Princess Be Ambitious!!	プリンセススターズ（春日未来、徳川まつり、矢吹可奈、七尾百合子、エミリー スチュアート）	12					
ml_ジャングルパーティー	ジャングル☆パーティー	大神環×双海真美	12					
ml_ジレるハートに火をつけて	ジレるハートに火をつけて	灼熱少女（田中琴葉、大神環、高坂海美、所恵美、宮尾美也）	12					
ml_ライアールージュ	ライアー・ルージュ	北沢志保	12					
ml_咲くは浮世の君花火	咲くは浮世の君花火	閃光☆HANABI団（高山紗代子、横山奈緒、高坂海美、佐竹美奈子、福田のり子）	12					
ml_成長chulover	成長Chu→LOVER!!	七尾百合子×望月杏奈	12					
ml_虹色letters	虹色letters	Cleasky（島原エレナ、宮尾美也）	12					
sc_solar_way	SOLAR WAY	Team.Sol（八宮めぐる、白瀬咲耶、西城樹里、有栖川夏葉、桑山千雪、黛冬優子、浅倉透、市川雛菜）	12					
sc_いつか_shiny_days	いつか Shiny Days	シャイニーカラーズ（櫻木真乃、風野灯織、八宮めぐる、月岡恋鐘、田中摩美々、白瀬咲耶、三峰結華、幽谷霧子、小宮果穂、園田智代子、西城樹里、杜野凛世、有栖川夏葉、大崎甘奈、大崎甜花、桑山千雪）	12					
sc_ラブボナペティート	ラブ・ボナペティート	アルストロメリア（大崎甘奈、大崎甜花、桑山千雪）	12					
sidem_supreme_stars_	SUPREME STARS !!!	315 ALLSTARS（天ヶ瀬冬馬、御手洗翔太、伊集院北斗、天道輝、桜庭薫、柏木翼、鷹城恭二、ピエール、渡辺みのり、伊瀬谷四季、秋山隼人、若里春名、冬美旬、榊夏来、蒼井享介、蒼井悠介、硲道夫、舞田類、山下次郎、華村翔真、猫柳キリオ、清澄九郎、握野英雄、木村龍、信玄誠司、紅井朱雀、黒野玄武、神谷幸広、東雲荘一郎、アスラン＝ベルゼビュートⅡ世、卯月巻緒、水嶋咲、都築圭、神楽麗、大河タケル、牙崎漣、円城寺道流、岡村直央、橘志狼、姫野かのん、秋月涼、九十九一希、兜大吾、葛之葉雨彦、北村想楽、古論クリス、天峰秀、花園百々人、眉見鋭心）	12					
sidem_tones_destiny	Tone's Destiny	Altessimo（都築圭、神楽麗）	12					
765as_colorful_days	Colorful Days	天海春香、如月千早、双海亜美	11					
765as_おはよう朝ご飯	おはよう！！朝ご飯	高槻やよい	11					
765as_でれぱdeないと	でれぱDEないと	原紗友里＆青木瑠璃子 from CINDERELLA PARTY!	11					
765as_なんどでも笑おう	なんどでも笑おう	THE IDOLM@STER FIVE STARS!!!!! 天海春香、如月千早、星井美希、島村卯月、渋谷凛、本田未央、春日未来、最上静香、伊吹翼、天道輝、桜庭薫、柏木翼、櫻木真乃、風野灯織、八宮めぐる	11					
765as_カーテンコール	カーテンコール	菊地真、双海亜美、双海真美、水瀬伊織、三浦あずさ、四条貴音、秋月律子	11					
765as_ラムネ色_青春	ラムネ色 青春	765PRO ALLSTARS	11					
765as_愛_like_ハンバーガー	愛 LIKE ハンバーガー	秋月律子、高槻やよい	11					
876_あっちこっちプリンセス	あっちこっちプリンセス	灯里愛夏	11					
cg_lunatic_show	Lunatic Show	星輝子・白坂小梅・輿水幸子・小早川紗枝・姫川友紀	11					
cg_memories	Memories	LOVE LAIKA（新田美波）	11					
cg_nothing_but_you	Nothing but You	NEX-US（アナスタシア、神谷奈緒、中野有香、前川みく、星輝子）	11					
cg_sing_the_prologue	Sing the Prologue♪	三村かな子、関裕美、久川凪、遊佐こずえ、堀裕子	11					
cg_take_metake_you	Take me☆Take you	THE IDOLM@STER CINDERELLA GIRLS!!（高垣楓、三船美優、森久保乃々、島村卯月、安部菜々、前川みく、依田芳乃、本田未央、佐藤心）	11					
cg_twinくるっテール	Twin☆くるっ★テール	ファミリアツイン（城ヶ崎美嘉、城ヶ崎莉嘉）	11					
cg_きまぐれcafe_au_lait	き・ま・ぐ・れ☆Cafe au lait!	宮本フレデリカ	11					
cg_こいかぜ	こいかぜ	高垣楓	11					
cg_イリュージョニスタ	イリュージョニスタ！	本田未央、佐久間まゆ、鷺沢文香、輿水幸子、新田美波	11					
cg_エヴリデイドリーム	エヴリデイドリーム	佐久間まゆ	11					
cg_ゴキゲンparty_night	ゴキゲンParty Night	川島瑞樹、白坂小梅、アナスタシア、神谷奈緒、北条加蓮	11					
cg_バベル	バベル	Dimension-3（二宮飛鳥、一ノ瀬志希）	11					
cg_レッドソール	レッド・ソール	Flamme Martini（桐生つかさ、三船美優、星輝子、藤原肇）	11					
cg_咲いてjewel	咲いてJewel	鷺沢文香、速水奏、橘ありす、塩見周子、二宮飛鳥	11					
cg_毒茸伝説	毒茸伝説	星輝子	11					
cg_無重力シャトル	無重力シャトル	相葉夕美、城ヶ崎莉嘉、安部菜々、新田美波、多田李衣菜	11					
gakuen_ego	EGO	花海咲季	11					
gakuen_our_chant	Our Chant	十王星南	11					
ml_angelic_parade	Angelic Parade♪	エンジェルスターズ（伊吹翼、北上麗花、桜守歌織、箱崎星梨花、望月杏奈）	11					
ml_dear	dear...	馬場このみ	11					
ml_do_the_idol_断崖絶壁チュパカブラ	Do the IDOL!! 〜断崖絶壁チュパカブラ〜	伊吹翼、天空橋朋花、永吉昴、エミリー スチュアート、七尾百合子	11					
ml_raise_the_flag	Raise the FLAG	サジタリアス（所恵美、舞浜歩、真壁瑞希）	11					
ml_shooting_stars	Shooting Stars	クレシェンドブルー（最上静香、北上麗花、北沢志保、野々原茜、箱崎星梨花）	11					
ml_ハミングバード	ハミングバード	桜守歌織	11					
ml_ハーモニクス	ハーモニクス	D/Zeal（最上静香、ジュリア）	11					
ml_夢色トレイン	夢色トレイン	箱崎星梨花	11					
ml_深層マーメイド	深層マーメイド	伊吹翼×我那覇響	11					
ml_瑠璃色金魚と花菖蒲	瑠璃色金魚と花菖蒲	白石紬	11					
sc_bloomy	Bloomy!	アルストロメリア（大崎甘奈、大崎甜花、桑山千雪）	11					
sc_bouncy_girl	Bouncy Girl	シーズ（七草にちか、緋田美琴）	11					
sc_brightest_white	BRIGHTEST WHITE	イルミネーションスターズ（櫻木真乃、風野灯織、八宮めぐる）	11					
sc_color_days	Color Days	シャイニーカラーズ（櫻木真乃、風野灯織、八宮めぐる、月岡恋鐘、田中摩美々、白瀬咲耶、三峰結華、幽谷霧子、小宮果穂、園田智代子、西城樹里、杜野凛世、有栖川夏葉、大崎甘奈、大崎甜花、桑山千雪、芹沢あさひ、黛冬優子、和泉愛依、浅倉透、樋口円香、福丸小糸、市川雛菜、七草にちか、緋田美琴）	11					
sc_imitation_ghost	Imitation Ghost	ストレイライト（芹沢あさひ、黛冬優子、和泉愛依）	11					
sc_prisism	PRISISM	イルミネーションスターズ（櫻木真乃、風野灯織、八宮めぐる）	11					
sc_sos	SOS	黛冬優子	11					
sc_sweetstep	SWEET♡STEP	シャイニーカラーズ（櫻木真乃、風野灯織、八宮めぐる、月岡恋鐘、田中摩美々、白瀬咲耶、三峰結華、幽谷霧子、小宮果穂、園田智代子、西城樹里、杜野凛世、有栖川夏葉、大崎甘奈、大崎甜花、桑山千雪、芹沢あさひ、黛冬優子、和泉愛依）	11					
sc_ありったけの輝きで	ありったけの輝きで	櫻木真乃	11					
sc_とある英雄たちの物語	とある英雄たちの物語	アンティーカ（月岡恋鐘、田中摩美々、白瀬咲耶、三峰結華、幽谷霧子）	11					
sc_パステルカラー_パスカラカラー	パステルカラー パスカラカラー	アルストロメリア（大崎甘奈、大崎甜花、桑山千雪）	11					
sc_時限式狂騒ワンダーランド	時限式狂騒ワンダーランド	アンティーカ（月岡恋鐘、田中摩美々、白瀬咲耶、三峰結華、幽谷霧子）	11					
sc_泥濘鳴鳴	泥濘鳴鳴	コメティック（斑鳩ルカ、鈴木羽那、郁田はるき）	11					
sc_神様は死んだって	神様は死んだ、って	斑鳩ルカ	11					
sidem__possibilities	∞ Possibilities	S.E.M（硲道夫、舞田類、山下次郎）	11					
sidem_cupids	♡Cupids!	F-LAGS（秋月涼、九十九一希、兜大吾）	11					
sidem_focus_on_your_life	FOCUS ON YOUR LIFE	Legenders（葛之葉雨彦、北村想楽、古論クリス）	11					
sidem_hopes_journey	Hope's Journey	F-LAGS（秋月涼、九十九一希、兜大吾）	11					
sidem_joyful_heart_maker	JOYFUL HEART MAKER	High×Joker（伊瀬谷四季、秋山隼人、若里春名、冬美旬、榊夏来）	11					
sidem_take_a_stump	Take a StuMp!	315 ALLSTARS（天ヶ瀬冬馬、御手洗翔太、伊集院北斗、天道輝、桜庭薫、柏木翼、鷹城恭二、ピエール、渡辺みのり、伊瀬谷四季、秋山隼人、若里春名、冬美旬、榊夏来、蒼井享介、蒼井悠介、硲道夫、舞田類、山下次郎、華村翔真、猫柳キリオ、清澄九郎、握野英雄、木村龍、信玄誠司、紅井朱雀、黒野玄武、神谷幸広、東雲荘一郎、アスラン＝ベルゼビュートⅡ世、卯月巻緒、水嶋咲、都築圭、神楽麗、大河タケル、牙崎漣、円城寺道流、岡村直央、橘志狼、姫野かのん、秋月涼、九十九一希、兜大吾、葛之葉雨彦、北村想楽、古論クリス、天峰秀、花園百々人、眉見鋭心）	11					
sidem_the_first_star	THE FIRST STAR	天道輝	11					
sidem_withstory	With…STORY	F-LAGS（秋月涼、九十九一希、兜大吾）	11					
sidem_夏時間グラフィティ	夏時間グラフィティ	Beit（鷹城恭二、ピエール、渡辺みのり、High×Joker[伊瀬谷四季、秋山隼人、若里春名、冬美旬、榊夏来、Ｗ[蒼井享介、蒼井悠介）	11					
765as_first_stage	First Stage	萩原雪歩	10					
765as_inferno	inferno	如月千早、萩原雪歩	10					
765as_you往my進	YOU往MY進！	双海亜美	10					
765as_おとなのはじまり	おとなのはじまり	水瀬伊織、高槻やよい、双海亜美／真美	10					
765as_チクタク	チクタク	星井美希、萩原雪歩、高槻やよい	10					
cg_14平米にスーベニア	14平米にスーベニア	久川凪	10					
cg_cant_stop	Can't Stop!!	片桐早苗	10					
cg_gaze_and_gaze	Gaze and Gaze	フォーリンシーサイド（川島瑞樹、村上巴）	10					
cg_happy2_days	Happy×2 Days	CANDY ISLAND（双葉杏）	10					
cg_starry-go-round	Starry-Go-Round	前川みく、大槻唯、アナスタシア、姫川友紀、二宮飛鳥	10					
cg_the_villains_night	THE VILLAIN'S NIGHT	Caper Parade（関裕美、赤城みりあ、櫻井桃華、相葉夕美、宮本フレデリカ）	10					
cg_trinity_field	Trinity Field	Triad Primus（渋谷凛、北条加蓮、神谷奈緒）	10					
cg_true_colors	TRUE COLORS	城ヶ崎美嘉、高森藍子、アナスタシア、藤原肇、乙倉悠貴、黒埼ちとせ、白雪千夜、久川颯、久川凪	10					
cg_trust_me	Trust me	安部菜々、本田未央、北条加蓮、鷹富士茄子、鷺沢文香、一ノ瀬志希、佐久間まゆ、南条光、喜多日菜子	10					
cg_きみにいっぱい	きみにいっぱい☆	姫川友紀、市原仁奈、片桐早苗、大槻唯、相葉夕美	10					
cg_キラッ満開スマイル	キラッ！満開スマイル	島村卯月、小日向美穂、佐久間まゆ、櫻井桃華、双葉杏	10					
cg_スターライトステージ	スターライトステージ	諸星きらり、宮本フレデリカ、荒木比奈、的場梨沙、南条光	10					
cg_ヴィーナスシンドローム	ヴィーナスシンドローム	新田美波	10					
cg_凸凹スピードスター	凸凹スピードスター	しゅがしゅが☆み～ん（安部菜々、佐藤心）	10					
cg_小さな恋の密室事件	小さな恋の密室事件	白坂小梅	10					
cg_明日また会えるよね	明日また会えるよね	宮本フレデリカ、一ノ瀬志希、櫻井桃華、中野有香、五十嵐響子	10					
cg_気持ちいいよね_一等賞	気持ちいいよね　一等賞！	姫川友紀	10					
cg_青の一番星	青の一番星	塩見周子	10					
gakuen_luv	L.U.V	姫崎莉波	10					
gakuen_カクシタワタシ	カクシタワタシ	紫雲清夏	10					
gakuen_コントラスト	コントラスト	篠澤広	10					
ml_brave_harmony	brave HARMONY	BlueMoon Harmony（北上麗花、篠宮可憐、ジュリア、高山紗代子、天空橋朋花、所恵美、永吉昴、七尾百合子、二階堂千鶴、舞浜歩、真壁瑞希、最上静香）	10					
ml_fruity_love	fruity love	野々原茜×ロコ	10					
ml_home_sweet_friendship	HOME, SWEET FRIENDSHIP	リコッタ（天海春香、周防桃子、福田のり子、松田亜利沙、横山奈緒）	10					
ml_super_lover	Super Lover	横山奈緒	10					
ml_サンリズムオーケストラ	サンリズム・オーケストラ♪	Sunshine Rhythm（伊吹翼、エミリー スチュアート、木下ひなた、佐竹美奈子、島原エレナ、中谷育、福田のり子、望月杏奈、百瀬莉緒、矢吹可奈、横山奈緒、ロコ）	10					
ml_ハミングロード	ハミングロード	萩原雪歩	10					
ml_フローズンワード	フローズン・ワード	所恵美	10					
ml_プラリネ	プラリネ	ジュリア	10					
ml_俠気乱舞	俠気乱舞	ジュリア、周防桃子、大神環、木下ひなた、福田のり子	10					
ml_昏き星遠い月	昏き星、遠い月	夜想令嬢 -GRAC&E NOCTURNE-（天空橋朋花、所恵美、二階堂千鶴、百瀬莉緒）	10					
ml_星屑のシンフォニア	星屑のシンフォニア	ミルキーウェイ（星井美希、高山紗代子、天空橋朋花、永吉 昴、二階堂千鶴）	10					
sc_abyss_of_conflict	abyss of conflict	アンティーカ（月岡恋鐘、田中摩美々、白瀬咲耶、三峰結華、幽谷霧子）	10					
sc_catch_the_breeze	Catch the Breeze	ノクチル（浅倉透、樋口円香、福丸小糸、市川雛菜）	10					
sc_cyber_parkour	Cyber Parkour	ストレイライト（芹沢あさひ、黛冬優子、和泉愛依）	10					
sc_happier	Happier	シーズ（七草にちか、緋田美琴）	10					
sc_monochromatic	Monochromatic	シーズ（七草にちか、緋田美琴）	10					
sc_トライアングル	トライアングル	イルミネーションスターズ（櫻木真乃、風野灯織、八宮めぐる）	10					
sc_プラニスフィア_planisphere	プラニスフィア 〜planisphere〜	Team.Stella（櫻木真乃、月岡恋鐘、小宮果穂、園田智代子、大崎甘奈、芹沢あさひ、樋口円香）	10					
sc_千夜アリア	千夜アリア	白瀬咲耶	10					
sc_愚者の独白	愚者の独白	アンティーカ（月岡恋鐘、田中摩美々、白瀬咲耶、三峰結華、幽谷霧子）	10					
sidem_catch_me_if_you_can	CATCH ME IF YOU CAN	THE 虎牙道（大河タケル、牙崎漣、円城寺道流）	10					
sidem_fantastic_discotheque	FANTASTIC DISCOTHEQUE	F-LAGS（秋月涼、兜大吾、九十九一希）	10					
sidem_make_new_legend	Make New Legend	Legenders（葛之葉雨彦、北村想楽、古論クリス）	10					
sidem_pleasure_forever	Pleasure Forever	W（蒼井享介、蒼井悠介）	10					
sidem_reversed_masquerade	Reversed Masquerade	Café Parade（神谷幸広、東雲荘一郎、アスラン＝ベルゼビュートⅡ世、卯月巻緒、水嶋咲）	10					
sidem_symphonic_brave	Symphonic Brave	Legenders（葛之葉雨彦、北村想楽、古論クリス）	10					
sidem_à_la_carte_freedom	À La Carte FREEDOM♪	Café Parade（神谷幸広、東雲荘一郎、アスラン＝ベルゼビュートⅡ世、卯月巻緒、水嶋咲）	10					
sidem_いとをかし一彩合彩	いとをかし！〜一彩×合彩〜	彩（猫柳キリオ、華村翔真、清澄九郎）	10					
sidem_オレたちの最強伝説一世一代破羅駄威棲	オレたちの最強伝説〜一世一代、破羅駄威棲！〜	神速一魂（紅井朱雀、黒野玄武）	10					
sidem_リビングアイズヒーロー	リビングアイズヒーロー	FRAME（握野英雄、木村龍、信玄誠司）	10					
sidem_想いはeternity	想いはETERNITY	Beit（鷹城恭二、ピエール、渡辺みのり）	10					
765as_99_nights	99 Nights	星井美希、水瀬伊織、四条貴音	9					
765as_honey_heartbeat	Honey Heartbeat	天海春香、菊地真、双海真美	9					
765as_idol	ID：［OL］	音無小鳥	9					
765as_moony	MOONY	如月千早、三浦あずさ、菊地真、星井美希、我那覇響、秋月律子	9					
765as_my_best_friend	My Best Friend	秋月律子、萩原雪歩、双海亜美／真美	9					
765as_town	TOWN		9					
765as_unmei_ライブ	U・N・M・E・I ライブ	春日未来、最上静香、箱崎星梨花	9					
765as_ショッキングな彼	ショッキングな彼	星井美希	9					
765as_デレぱにぱにック	デレぱにぱにック	原紗友里＆青木瑠璃子 from CINDERELLA PARTY!	9					
765as_メリー	メリー	天海春香、如月千早、高槻やよい、菊地真、星井美希	9					
765as_ラブリ	ラ♥ブ♥リ♥	三浦あずさ	9					
765as_虹色ミラクル	虹色ミラクル	765PRO ALLSTARS	9					
876_breaker	Breaker	レトラ	9					
876_アエルシグナル	アエルシグナル	レトラ	9					
cg_everlasting	EVERLASTING	本田未央、辻野あかり、双葉杏、木村夏樹、アナスタシア、ナターリア、橘ありす、輿水幸子、依田芳乃、川島瑞樹	9					
cg_evil_live	EVIL LIVE	BAD BEASTS（村上巴、的場梨沙、小関麗奈、藤本里奈、向井拓海）	9					
cg_gossip_club	Gossip Club	セクシーギャルズ（大槻唯、藤本里奈、城ヶ崎美嘉）	9					
cg_heart_voice	Heart Voice	CANDY ISLAND（双葉杏）	9					
cg_in_fact	in fact	橘ありす	9					
cg_kawaii_make_my_day	Kawaii make MY day!	メロウ・イエロー（中野有香、水本ゆかり、椎名法子）	9					
cg_motto	MOTTO!	久川凪、西園寺琴歌、桐生つかさ、白菊ほたる、村上巴、関裕美、結城晴	9					
cg_naked_romance	Naked Romance	小日向美穂	9					
cg_needle_light	Needle Light	サイバーグラス（荒木比奈、上条春菜）	9					
cg_new_bright_stars	New bright stars	小日向美穂、浅利七海、桐生つかさ、城ヶ崎美嘉、向井拓海	9					
cg_nudie	NUDIE★	城ヶ崎美嘉	9					
cg_vast_world	Vast world	緒方智絵里、白坂小梅、堀裕子、双葉杏、諸星きらり	9					
cg_wonder_goes_on	Wonder goes on!!	＊(Asterisk)（前川みく）	9					
cg_øωøver	ØωØver!!	デレパジ	9					
cg_この空の下	この空の下	LOVE LAIKA（新田美波）	9					
cg_サマーサイダー	サマーサイダー	Sola-iris（久川颯、乙倉悠貴）	9					
cg_トキメキは赤くて甘い	トキメキは赤くて甘い	辻野あかり	9					
cg_リトルリドル	リトルリドル	LittlePOPS（双葉杏、城ヶ崎莉嘉、二宮飛鳥、白坂小梅、早坂美玲）	9					
cg_星環世界	星環世界	高垣楓、緒方智絵里、喜多日菜子、宮本フレデリカ、相葉夕美、中野有香、片桐早苗	9					
cg_桜の頃	桜の頃	春霞（依田芳乃、小早川紗枝、道明寺歌鈴、浜口あやめ、脇山珠美）	9					
cg_祈りの花	祈りの花	依田芳乃	9					
cg_義勇忍侠花吹雪	義勇忍侠花吹雪	可惜夜月（浜口あやめ、脇山珠美、道明寺歌鈴）	9					
cg_華蕾夢ミル狂詩曲魂ノ導	華蕾夢ミル狂詩曲〜魂ノ導〜	神崎蘭子	9					
gakuen_feel_jewel_dream	Feel Jewel Dream	有村麻央	9					
gakuen_white_night_white_wish	White Night! White Wish!	藤田ことね、葛城リーリヤ、花海佑芽	9					
gakuen_yellow_big_bang	Yellow Big Bang！	藤田ことね	9					
gakuen_ハッピーミルフィーユ	ハッピーミルフィーユ	篠澤広、十王星南、姫崎莉波	9					
gakuen_日々発見的ステップ	日々、発見的ステップ！	倉本千奈	9					
ml_believe_my_change	Believe my change!	伊吹翼	9					
ml_crossing	Crossing!	765 MILLION ALLSTARS（天海春香、春日未来、如月千早、木下ひなた、四条貴音、ジュリア、高山紗代子、田中琴葉、天空橋朋花、箱崎星梨花、松田亜利沙、三浦あずさ、水瀬伊織、最上静香、望月杏奈、矢吹可奈、エミリー スチュアート、大神環、我那覇響、菊地真、北上麗花、高坂海美、佐竹美奈子、島原エレナ、高槻やよい、永吉昴、野々原茜、馬場このみ、福田のり子、舞浜歩、真壁瑞希、百瀬莉緒、横山奈緒、秋月律子、伊吹翼、北沢志保、篠宮可憐、周防桃子、徳川まつり、所恵美、豊川風花、中谷育、七尾百合子、二階堂千鶴、萩原雪歩、ロコ、双海亜美、双海真美、星井美希、宮尾美也、白石紬、桜守歌織）	9					
ml_find_your_wind	FIND YOUR WIND!	北上麗花	9					
ml_maria_trap	Maria Trap	天空橋朋花	9					
ml_only_one_second	Only One Second	高山紗代子	9					
ml_プライヴェイトロードショウ_playback_weekday	プライヴェイト・ロードショウ (playback, Weekday)	水瀬伊織	9					
ml_恋花	恋花	四条貴音	9					
ml_電波感傷	電波感傷	オフィウクス（桜守歌織、白石紬）	9					
sc_forbidden_paradise	Forbidden Paradise	シーズ（七草にちか、緋田美琴）	9					
sc_harebare	HAREBARE!!	八宮めぐる	9					
sc_links	LINKs	ストレイライト（芹沢あさひ、黛冬優子、和泉愛依）	9					
sc_reflection	Reflection	ノクチル（浅倉透、樋口円香、福丸小糸、市川雛菜）	9					
sc_snow_flakes_memories	SNOW FLAKES MEMORIES	シャイニーカラーズ（櫻木真乃、風野灯織、八宮めぐる、月岡恋鐘、田中摩美々、白瀬咲耶、三峰結華、幽谷霧子、小宮果穂、園田智代子、西城樹里、杜野凛世、有栖川夏葉、大崎甘奈、大崎甜花、桑山千雪）	9					
sc_very_berry_love	VERY BERRY LOVE	アルストロメリア（大崎甘奈、大崎甜花、桑山千雪）	9					
sc_よりみちサンセット	よりみちサンセット	放課後クライマックスガールズ（小宮果穂、園田智代子、西城樹里、杜野凛世、有栖川夏葉）	9					
sc_クライマックスアイランド	クライマックスアイランド	放課後クライマックスガールズ（小宮果穂、園田智代子、西城樹里、杜野凛世、有栖川夏葉）	9					
sc_グラデーション	グラデーション	アルストロメリア（大崎甘奈、大崎甜花、桑山千雪）	9					
sc_スローモーション	スローモーション	風野灯織	9					
sc_フェアリーガール	フェアリー・ガール	七草にちか	9					
sc_リフレクトサイン	リフレクトサイン	Team.Luna（風野灯織、田中摩美々、三峰結華、幽谷霧子、杜野凛世、大崎甜花、和泉愛依、福丸小糸）	9					
sc_革命進化論	革命進化論	アンティーカ（月岡恋鐘、田中摩美々、白瀬咲耶、三峰結華、幽谷霧子）	9					
sidem_gather_round	Gather Round!	315 ALLSTARS	9					
sidem_meet_the_world	MEET THE WORLD!	315 ALLSTARS	9					
sidem_never_endopus	Never end「Opus」	Altessimo（都築圭、神楽麗）	9					
sidem_our_song_-それは世界でひとつだけ-	OUR SONG -それは世界でひとつだけ-	High×Joker（伊瀬谷 四季、秋山隼人、若里春名、冬美旬、榊夏来）	9					
sidem_right_way_soul_mate	RIGHT WAY, SOUL MATE	神速一魂（紅井朱雀、黒野玄武）	9					
sidem_string_of_fate	String of Fate	Legenders（葛之葉雨彦、北村想楽、古論クリス）	9					
sidem_sunsetcolors	Sunset★Colors	High×Joker（伊瀬谷四季、秋山隼人、若里春名、冬美旬、榊夏来）	9					
sidem_the_radical_joker	The Radical JOKER	High×Joker（秋山隼人、冬美旬、榊夏来、若里春名、伊瀬谷四季）	9					
sidem_サヨナラ_summer_holiday	サ・ヨ・ナ・ラ Summer Holiday	S.E.M（硲道夫、舞田類、山下次郎）	9					
765as_happy	Happy!	天海春香、如月千早、萩原雪歩、水瀬伊織、三浦あずさ、我那覇響、秋月律子	8					
765as_here_we_go	Here we go!!	水瀬伊織	8					
765as_i	i	天海春香	8					
765as_lobm	L・O・B・M	765PRO ALLSTARS	8					
765as_melted_snow	Melted Snow	如月千早、萩原雪歩、三浦あずさ	8					
765as_miracle_night	Miracle Night	天海春香、菊地真、双海亜美、双海真美、水瀬伊織	8					
765as_one_step	One Step	原由実	8					
765as_pon_de_beach	Pon De Beach	我那覇響	8					
765as_ザライブ革命でshow	ザ・ライブ革命でSHOW！	星井美希、高槻やよい、菊地真、双海亜美、双海真美、四条貴音	8					
765as_ビジョナリー	ビジョナリー	高槻やよい、双海亜美／真美、水瀬伊織、我那覇響	8					
765as_神summer	神SUMMER!!	天海春香、高槻やよい、双海亜美／真美、萩原雪歩、水瀬伊織、四条貴音	8					
876_cq	CQ	#ヴイアラ（灯里愛夏、上水流宇宙、レトラ）	8					
cg_always	always	高垣楓、本田未央、藤原肇、荒木比奈、喜多見柚	8					
cg_brand_new	Brand new!	辻野あかり、砂塚あきら、桐生つかさ	8					
cg_fascinate	Fascinate	VelvetRose（黒埼ちとせ、白雪千夜）	8					
cg_he4dshot	#HE4DSHOT	砂塚あきら	8					
cg_lets_go_happy	LET'S GO HAPPY!!	凸レーション（城ヶ崎莉嘉）	8					
cg_secret_daybreak	Secret Daybreak	デア・アウローラ（速水奏、新田美波）	8					
cg_uniqu3_voices	UNIQU3 VOICES!!!	#UNICUS（辻野あかり、砂塚あきら、夢見りあむ）	8					
cg_あいくるしい	あいくるしい	佐久間まゆ	8					
cg_エチュードは1曲だけ	エチュードは1曲だけ	渋谷凛、上条春菜、神谷奈緒、神崎蘭子、三船美優	8					
cg_ギョーてんしーわーるど	ギョーてん！しーわーるど！	まりんぱ（浅利七海、前川みく、市原仁奈、棟方愛海、龍崎薫）	8					
cg_サイキックぱーりーないと	サイキック！ぱーりーないと☆	堀裕子	8					
cg_ダンシングデッド	ダンシング・デッド	Fav+rica（及川雫、佐藤心、諸星きらり）	8					
cg_ニャンとスペクタクル	ニャンと☆スペクタクル	前川みく	8					
cg_ミラクルテレパシー	ミラクルテレパシー	堀裕子	8					
cg_共鳴世界の存在論	共鳴世界の存在論	二宮飛鳥	8					
cg_君のステージ衣装本当は	君のステージ衣装、本当は…	速水奏、白雪千夜、佐城雪美、的場梨沙、荒木比奈	8					
cg_命燃やして恋せよ乙女	命燃やして恋せよ乙女	宵乙女（高垣楓、佐藤心、三船美優、安部菜々、片桐早苗）	8					
cg_思い出じゃない今日を	思い出じゃない今日を	喜多見柚	8					
cg_楽園	楽園	関裕美	8					
cg_秋めいて_ding_dong_dang	秋めいて Ding Dong Dang!	アナスタシア、佐々木千枝、速水奏、北条加蓮、新田美波	8					
cg_薄紅	薄紅	小早川紗枝	8					
cg_薄荷_-ハッカ-	薄荷 -ハッカ-	北条加蓮	8					
cg_青空リレーション	青空リレーション	高森藍子	8					
gakuen_boom_boom_pow	Boom Boom Pow	花海咲季	8					
gakuen_supremacy	SUPREMACY	1年1組（花海咲季、月村手毬、藤田ことね、葛城リーリヤ、紫雲清夏）	8					
gakuen_the_rolling_riceball	The Rolling Riceball	花海佑芽	8					
gakuen_wake_up	Wake up!!	葛城リーリヤ	8					
gakuen_雨上がりのアイリス	雨上がりのアイリス	Re;IRIS（花海咲季、月村手毬、藤田ことね）	8					
ml_art_needs_heart_beats	ART NEEDS HEART BEATS	ロコ	8					
ml_be_my_boy	Be My Boy	百瀬莉緒	8					
ml_born_on_dream_hanabinight	BORN ON DREAM! 〜HANABI☆NIGHT〜	閃光☆HANABI団（高山紗代子、横山奈緒、高坂海美、佐竹美奈子、福田のり子）	8					
ml_dans_lobscurité	dans l'obscurité	クロノレキシカ（七尾百合子、望月杏奈、永吉昴、ロコ、真壁瑞希）	8					
ml_glow_map	Glow Map	765 MILLION ALLSTARS 天海春香、春日未来、如月千早、木下ひなた、四条貴音、ジュリア、高山紗代子、田中琴葉、天空橋朋花、箱崎星梨花、松田亜利沙、三浦あずさ、水瀬伊織、最上静香、望月杏奈、矢吹可奈、エミリー スチュアート、大神環、我那覇響、菊地真、北上麗花、高坂海美、佐竹美奈子、島原エレナ、高槻やよい、永吉昴、野々原茜、馬場このみ、福田のり子、舞浜歩、真壁瑞希、百瀬莉緒、横山奈緒、秋月律子、伊吹翼、北沢志保、篠宮可憐、周防桃子、徳川まつり、所恵美、豊川風花、中谷育、七尾百合子、二階堂千鶴、萩原雪歩、ロコ、双海亜美、双海真美、星井美希、宮尾美也、白石紬、桜守歌織	8					
ml_melty_fantasia	Melty Fantasia	EScape（真壁瑞希、白石紬、北沢志保）	8					
ml_shamrock_vivace	Shamrock Vivace	CLEVER CLOVER（木下ひなた、高坂海美、秋月律子、大神環、菊地真、島原エレナ、二階堂千鶴、箱崎星梨花、馬場このみ、真壁瑞希、三浦あずさ、横山奈緒、ロコ）	8					
ml_sing_my_song	SING MY SONG	最上静香	8					
ml_smiling_crescent	Smiling Crescent	箱崎星梨花×宮尾美也	8					
ml_understand_understand	Understand? Understand!	高坂海美	8					
ml_up10sionpleeeeeeeeease	Up!10sion♪Pleeeeeeeeease!	松田亜利沙	8					
ml_zettai_break_トゥインクルリズム	ZETTAI × BREAK!! トゥインクルリズム	トゥインクルリズム（中谷育、七尾百合子、松田亜利沙）	8					
ml_アイル	アイル	伊吹翼	8					
ml_アニマルステイション	アニマル☆ステイション！	中谷育	8					
ml_アフタースクールパーリータイム	アフタースクールパーリータイム	所恵美	8					
ml_オリジナル声になって	オリジナル声になって	矢吹可奈	8					
ml_ココロがかえる場所	ココロがかえる場所	萩原雪歩、周防桃子、二階堂千鶴、ロコ	8					
ml_ココロエクササイズ	ココロ☆エクササイズ	高坂海美	8					
ml_スマイルいちばん	スマイルいちばん	佐竹美奈子	8					
ml_リフレインキス	リフレインキス	スコーピオ（北沢志保、高坂海美、松田亜利沙）	8					
ml_恋愛ロードランナー	恋愛ロードランナー	高坂海美	8					
sc_burn_burn	BURN BURN	ストレイライト（芹沢あさひ、黛冬優子、和泉愛依）	8					
sc_felice	FELICE	イルミネーションスターズ（櫻木真乃、風野灯織、八宮めぐる）	8					
sc_heads_or_tails	Heads or Tails？	コメティック（斑鳩ルカ、鈴木羽那、郁田はるき）	8					
sc_look_up_to_the_sky	Look up to the sky	緋田美琴	8					
sc_love_addiction	Love Addiction	アルストロメリア（大崎甘奈、大崎甜花、桑山千雪）	8					
sc_overdrive_emotion	Overdrive Emotion	ストレイライト（芹沢あさひ、黛冬優子、和泉愛依）	8					
sc_start_up_stand_up	Start up Stand up	ストレイライト（芹沢あさひ、黛冬優子、和泉愛依）	8					
sc_sweetest_bite	SWEETEST BITE	シーズ（七草にちか、緋田美琴）	8					
sc_white_story	White Story	シーズ（七草にちか、緋田美琴）	8					
sc_わたしの主人公はわたしだから	わたしの主人公はわたしだから！	福丸小糸	8					
sc_ラビリンスレジスタンス	ラビリンス・レジスタンス	アンティーカ（月岡恋鐘、田中摩美々、白瀬咲耶、三峰結華、幽谷霧子）	8					
sc_夢が夢じゃなくなるその日まで	夢が夢じゃなくなるその日まで	ノクチル（浅倉透、樋口円香、福丸小糸、市川雛菜）	8					
sc_夢見鳥	夢見鳥	樋口円香	8					
sc_学祭革命夜明け前	学祭革命夜明け前	放課後クライマックスガールズ（小宮果穂、園田智代子、西城樹里、杜野凛世、有栖川夏葉）	8					
sc_明日もbeautiful_day	明日もBeautiful Day	アルストロメリア（大崎甘奈、大崎甜花、桑山千雪）	8					
sc_虹の行方	虹の行方	シャイニーカラーズ（櫻木真乃、風野灯織、八宮めぐる、月岡恋鐘、田中摩美々、白瀬咲耶、三峰結華、幽谷霧子、小宮果穂、園田智代子、西城樹里、杜野凛世、有栖川夏葉、大崎甘奈、大崎甜花、桑山千雪、芹沢あさひ、黛冬優子、和泉愛依、浅倉透、樋口円香、福丸小糸、市川雛菜、七草にちか、緋田美琴）	8					
sidem_brand_new_field	BRAND NEW FIELD	Jupiter（天ヶ瀬冬馬、御手洗翔太、伊集院北斗）	8					
sidem_crown_us_king	CROWN US KING!	DRAMATIC STARS、FRAME、彩、High×Joker、神速一魂、THE 虎牙道、F-LAGS、Legenders（天道輝、桜庭薫、柏木翼、握野英雄、木村龍、信玄誠司、華村翔真、猫柳キリオ、清澄九郎、伊瀬谷四季、秋山隼人、若里春名、冬美旬、榊夏来、紅井朱雀、黒野玄武、大河タケル、牙崎漣、円城寺道流、秋月涼、九十九一希、兜大吾、葛之葉雨彦、北村想楽、古論クリス）	8					
sidem_fun_fun_festa	Fun! Fun! Festa!	Beit（鷹城恭二、ピエール、渡辺みのり）	8					
sidem_leading_your_dream	LEADING YOUR DREAM	Ｗ（蒼井享介、蒼井悠介）	8					
sidem_サイコーcount_up	サイコーCOUNT UP!	伊瀬谷四季	8					
sidem_愛笑華	愛笑華！	彩（猫柳キリオ、華村翔真、清澄九郎）	8					
sidem_流星parade	流星PARADE	DRAMATIC STARS（天道輝、桜庭薫、柏木翼、S.E.M[硲道夫、舞田類、山下次郎、Jupiter[天ヶ瀬冬馬、御手洗翔太、伊集院北斗）	8					
765as_avalon	AVALON	沼倉愛美	7					
765as_destiny	destiny	たかはし智秋	7					
765as_diamond	DIAMOND	水瀬伊織	7					
765as_im_so_free	I'm so free!	星井美希、三浦あずさ、四条貴音	7					
765as_kosmos_cosmos	Kosmos, Cosmos	萩原雪歩	7					
765as_light_year_song	Light Year Song	高槻やよい、菊地真、双海亜美/真美、我那覇響	7					
765as_only_my_note	ONLY MY NOTE	765PRO ALLSTARS	7					
765as_またね	またね	天海春香、水瀬伊織、我那覇響、秋月律子、菊地真、萩原雪歩	7					
765as_まっすぐ	まっすぐ	765PRO ALLSTARS	7					
765as_アイ_need_youfor_wonderful_story	アイ NEED YOU（FOR WONDERFUL STORY）	THE IDOLM@STER BRILLIANT STARS（天海春香、如月千早、星井美希、島村卯月、渋谷凛、本田未央、春日未来、最上静香、伊吹 翼、天道 輝、桜庭 薫、柏木 翼、櫻木真乃、風野灯織、八宮めぐる、花海咲季、月村手毬、藤田ことね）	7					
765as_ステキハピネス	ステキハピネス	天海春香	7					
765as_リゾラ	リゾラ	水瀬伊織	7					
765as_ロイヤルストレートフラッシュ	ロイヤルストレートフラッシュ	水瀬伊織	7					
765as_光	光	音無小鳥	7					
765as_笑って	笑って！	天海春香	7					
876_championgirl	CHAMPION GIRL		7					
876_scarlet_rose	Scarlet Rose	上水流宇宙	7					
876_虹の王国の物語エトワールを目指して	虹の王国の物語〜エトワールを目指して〜	灯里愛夏	7					
cg_-legne-_仇なす剣_光の旋律	-LEGNE- 仇なす剣 光の旋律	Rosenburg Engel（神崎蘭子）	7					
cg_beat_of_the_night	Beat of the Night	黒埼ちとせ	7					
cg_bloody_festa	Bloody Festa	白坂小梅	7					
cg_blooming_days	Blooming Days	安部菜々、五十嵐響子、緒方智絵里、道明寺歌鈴、早坂美玲	7					
cg_cherrymerrycherry	cherry＊merry＊cherry	緒方智絵里	7					
cg_coco夏夏夏_holiday	CoCo夏夏夏 Holiday	上田鈴帆、佐藤心、十時愛梨	7					
cg_drastic_melody	Drastic Melody	Sirius Chord（渋谷凛、白雪千夜、松永涼）	7					
cg_flip_flop	Flip Flop	日野茜	7					
cg_hungry_bambi	Hungry Bambi	キュリオスター「佐々木千枝、市原仁奈、橘ありす、龍崎薫、棟方愛海、遊佐こずえ	7					
cg_lets_sail_away	Let's Sail Away!!!	浅利七海、西園寺琴歌、八神マキノ	7					
cg_neo_beautiful_pain	Neo Beautiful Pain	神谷奈緒	7					
cg_one_life	One Life	松永涼	7					
cg_shine_in_the_sky	Shine In The Sky☆	U149（橘ありす、櫻井桃華、赤城みりあ、的場梨沙、結城晴、佐々木千枝、龍崎薫、市原仁奈、古賀小春）	7					
cg_shinobi_40_忍者のすゝめ	Shinobi 4.0 忍者のすゝめ	浜口あやめ	7					
cg_sparkling_girl	Sparkling Girl	多田李衣菜	7					
cg_sunshine_see_may	Sunshine See May	山紫水明（依田芳乃、藤原肇）	7					
cg_teeenagegroovin	Teeenage☆Groovin'	LINK-RING（喜多見柚、椎名法子、棟方愛海）	7					
cg_youre_stars_shine_on_me	You're stars shine on me	アナスタシア	7					
cg_あの子が街に来なサンタ	あの子が街に来なサンタ	イヴ・サンタクロース	7					
cg_あらかねの器	あらかねの器	藤原肇	7					
cg_おかしな国のおかし屋さん	おかしな国のおかし屋さん	三村かな子	7					
cg_おんなの道は星の道	おんなの道は星の道	村上巴	7					
cg_お散歩カメラ	お散歩カメラ	高森藍子	7					
cg_かぼちゃ姫	かぼちゃ姫	白坂小梅、久川凪、関裕美、森久保乃々、椎名法子	7					
cg_ささのはにうたかたに	ささのはに、うたかたに。	夕星灯（鷺沢文香、佐城雪美、鷹富士茄子、小早川紗枝、藤原肇）	7					
cg_つぼみ	つぼみ	THE IDOLM@STER CINDERELLA GIRLS for BEST5!（塩見周子、前川みく、高垣楓、相葉夕美、一ノ瀬志希）	7					
cg_なつっこ音頭	なつっこ音頭	赤城みりあ、城ヶ崎莉嘉、橘ありす、結城晴、龍崎薫	7					
cg_キミのそばでずっと	キミのそばでずっと	THE IDOLM@STER CINDERELLA GIRLS for BEST5!（島村卯月、高垣楓、三船美優、森久保乃々、依田芳乃）	7					
cg_スパイスパラダイス	スパイスパラダイス	ポジティブパッション（本田未央、日野茜、高森藍子）	7					
cg_ノーチラスソナー_-nautilus_sonar-	ノーチラスソナー　-Nautilus Sonar-	八神マキノ	7					
cg_私色ギフト	私色ギフト	凸レーション（城ヶ崎莉嘉）	7					
cg_空と風と恋のワルツ	空と風と恋のワルツ	小日向美穂	7					
cg_輝けビートシューター	輝け！ビートシューター	ビートシューター（結城晴、的場梨沙）	7					
cg_追い風running	追い風Running	乙倉悠貴	7					
cg_青空エール	青空エール	赤城みりあ、緒方智絵里、城ヶ崎美嘉、脇山珠美	7					
cg_風色メロディ	風色メロディ	緒方智絵里	7					
gakuen_unhappy_light	Unhappy Light	月村手毬	7					
gakuen_たいせつなもの	たいせつなもの	秦谷美鈴	7					
gakuen_ヨルニテ	ヨルニテ	秦谷美鈴	7					
gakuen_古今東西ちょちょいのちょい	古今東西ちょちょいのちょい	初星学園	7					
ml_absolute_run	ABSOLUTE RUN!!!	ストロベリーポップムーン（春日未来、最上静香、伊吹翼）	7					
ml_bitter_sweet	bitter sweet	豊川風花	7					
ml_catch_my_dream	Catch my dream	最上静香	7					
ml_cherry_colored_love	Cherry Colored Love	Sherry’n Cherry（馬場このみ、百瀬莉緒）	7					
ml_diamond_joker	DIAMOND JOKER	伊吹翼、徳川まつり、四条貴音、所恵美	7					
ml_get_lol_get_lol_song	Get lol! Get lol! SONG	ピコピコプラネッツ [木下ひなた、箱崎星梨花、大神環、望月杏奈	7					
ml_helloコンチェルト	Helloコンチェルト	秋月律子、木下ひなた、佐竹美奈子、松田亜利沙	7					
ml_melody_in_scape	Melody in scape	高山紗代子×佐竹美奈子	7					
ml_my_evolution	My Evolution	miraclesonic★expassion（舞浜歩、福田のり子、島原エレナ、高坂海美）	7					
ml_red_zone	RED ZONE	4Luxury（桜守歌織、豊川風花、北上麗花、馬場このみ）	7					
ml_starry_melody	Starry Melody	Starlight Melody（大神環、春日未来、北沢志保、高坂海美、周防桃子、徳川まつり、豊川風花、野々原茜、箱崎星梨花、馬場このみ、松田亜利沙、宮尾美也）	7					
ml_sweet_sweet_soul	Sweet Sweet Soul	アリエス（大神環、野々原茜、箱崎星梨花）	7					
ml_vivid_イマジネーション	VIVID イマジネーション	望月杏奈	7					
ml_おまじない	おまじない	矢吹可奈	7					
ml_アライブファクター	アライブファクター	如月千早×最上静香	7					
ml_インヴィンシブルジャスティス	インヴィンシブル・ジャスティス	マイティーセーラーズ（伊吹翼×高坂海美、上田麗奈））	7					
ml_カーニヴァルジャパネスク	カーニヴァル・ジャパネスク	徳川まつり	7					
ml_スペードのq	スペードのQ	永吉昴、双海亜美、エミリー スチュアート、北沢志保	7					
ml_ビッグバンズバリボー	ビッグバンズバリボー!!!!!	高坂海美、所恵美、高山紗代子、豊川風花、横山奈緒	7					
ml_ピコピコiiko_インベーダー	ピコピコIIKO! インベーダー	ピコピコプラネッツ [木下ひなた、箱崎星梨花、大神環、望月杏奈	7					
ml_フェスタイルミネーション	フェスタ・イルミネーション	徳川まつり	7					
ml_プリムラ	プリムラ	ウィルゴ（永吉昴、七尾百合子、最上静香）	7					
ml_合言葉はスタートアップ	合言葉はスタートアップ！	レジェンドデイズ（我那覇響、秋月律子、高槻やよい、双海亜美、水瀬伊織）	7					
ml_夜に輝く星座のように	夜に輝く星座のように	松田亜利沙×横山奈緒	7					
ml_待ちぼうけのlacrima	待ちぼうけのLacrima	アクアリウス（北上麗花、ジュリア、高山紗代子）	7					
ml_月曜日のクリームソーダ	月曜日のクリームソーダ	Jelly PoP Beans（ロコ、舞浜歩、永吉昴、周防桃子）	7					
ml_百花は月下に散りぬるを	百花は月下に散りぬるを	花咲夜（エミリー スチュアート、白石紬、天空橋朋花）	7					
ml_秘密のメモリーズ	秘密のメモリーズ	四条貴音×豊川風花	7					
ml_絶対的performer	絶対的Performer	miraclesonic★expassion（舞浜歩、福田のり子、島原エレナ、高坂海美）	7					
ml_餞の鳥	餞の鳥	D/Zeal（最上静香、ジュリア）	7					
sc_break_chain	Break Chain	シーズ（七草にちか、緋田美琴）	7					
sc_damascus_cocktail	Damascus Cocktail	有栖川夏葉	7					
sc_daybreak_age	Daybreak Age	シャイニーカラーズ（櫻木真乃、風野灯織、八宮めぐる、月岡恋鐘、田中摩美々、白瀬咲耶、三峰結華、幽谷霧子、小宮果穂、園田智代子、西城樹里、杜野凛世、有栖川夏葉、大崎甘奈、大崎甜花、桑山千雪、芹沢あさひ、黛冬優子、和泉愛依、浅倉透、樋口円香、福丸小糸、市川雛菜、七草にちか、緋田美琴）	7					
sc_going_my_way	Going my way	和泉愛依	7					
sc_shiny_stories	Shiny Stories	シャイニーカラーズ（櫻木真乃、七草にちか、斑鳩ルカ）	7					
sc_statice	statice	浅倉透	7					
sc_sweet_memories	Sweet Memories	大崎甘奈	7					
sc_tracing_defender	Tracing Defender	ストレイライト（芹沢あさひ、黛冬優子、和泉愛依）	7					
sc_あおぞらサイダー	あおぞらサイダー	市川雛菜	7					
sc_また明日	また明日	大崎甜花	7					
sc_アスファルトを鳴らして	アスファルトを鳴らして	ノクチル（浅倉透、樋口円香、福丸小糸、市川雛菜）	7					
sc_ツバサグラビティ	ツバサグラビティ	シャイニーカラーズ（櫻木真乃、風野灯織、八宮めぐる、月岡恋鐘、田中摩美々、白瀬咲耶、三峰結華、幽谷霧子、小宮果穂、園田智代子、西城樹里、杜野凛世、有栖川夏葉、大崎甘奈、大崎甜花、桑山千雪）	7					
sc_ハナサカサイサイ	ハナサカサイサイ	放課後クライマックスガールズ（小宮果穂、園田智代子、西城樹里、杜野凛世、有栖川夏葉）	7					
sc_ハナマルバッジ	ハナマルバッジ	小宮果穂	7					
sc_プリズムフレア	プリズムフレア	シャイニーカラーズ（櫻木真乃、風野灯織、八宮めぐる、月岡恋鐘、田中摩美々、白瀬咲耶、三峰結華、幽谷霧子、小宮果穂、園田智代子、西城樹里、杜野凛世、有栖川夏葉、大崎甘奈、大崎甜花、桑山千雪、芹沢あさひ、黛冬優子、和泉愛依）	7					
sc_星が流れて	星が流れて	イルミネーションスターズ（櫻木真乃、風野灯織、八宮めぐる）	7					
sc_星をめざして	星をめざして	芹沢あさひ	7					
sc_枕木の歌	枕木の歌	イルミネーションスターズ（櫻木真乃、風野灯織、八宮めぐる）	7					
sc_誰ソ彼アイデンティティー	誰ソ彼アイデンティティー	田中摩美々	7					
sc_青空	青空	ノクチル（浅倉透、樋口円香、福丸小糸、市川雛菜）	7					
sidem_compass_gripper	Compass Gripper!!!	FRAME（握野英雄、木村龍、信玄誠司、もふもふえん［岡村直央、橘志狼、姫野かのん、F-LAGS［秋月涼、九十九一希、兜大吾）	7					
sidem_friendly_smile	Friendly Smile	315 STARS(メンタルVer.)（柏木翼、御手洗翔太、都築圭、ピエール、蒼井悠介、信玄誠司、華村翔真、清澄九郎、若里春名、神谷幸広、卯月巻緒、姫野かのん、舞田類、秋月涼、北村想楽）	7					
sidem_genuine_feelings	Genuine feelings	冬美旬	7					
sidem_lets_go	LET'S GO!!	315 STARS(フィジカルVer.)（天ヶ瀬冬馬、天道輝、渡辺みのり、木村龍、秋山隼人、伊瀬谷四季、紅井朱雀、アスラン＝ベルゼビュートⅡ世、水嶋咲、橘志狼、大河タケル、円城寺道流、牙崎漣、兜大吾）	7					
sidem_my_starry_song	My Starry Song	桜庭薫	7					
sidem_poker_faith_-ポーカーフェイス-	POKER FAITH -ポーカーフェイス-	315 STARS(インテリ Ver.)（桜庭薫、伊集院北斗、神楽麗、鷹城恭二、蒼井享介、握野英雄、猫柳キリオ、冬美旬、榊夏来、黒野玄武、東雲荘一郎、岡村直央、硲道夫、山下次郎、九十九一希、葛之葉雨彦、古論クリス）	7					
sidem_vivaファミリーリズム	VIVA!!ファミリーリズム	Ｗ（蒼井悠介、蒼井享介）	7					
sidem_スリーブレス	スリーブレス	FRAME（握野英雄、木村龍、信玄誠司）	7					
sidem_夜空を煌めく星のように	夜空を煌めく星のように	DRAMATIC STARS（天道輝、桜庭薫、柏木翼、秋山隼人、若里春名、冬美旬、榊夏来）	7					
765as_123	1,2,3	沼倉愛美、原由実、浅倉杏美	6					
765as_crystloud	CRYST@LOUD	天海春香、渋谷凛、伊吹翼、天道輝、八宮めぐる	6					
765as_grtitude	GR@TITUDE	Project LUMINOUS（天海春香、如月千早、星井美希、萩原雪歩、高槻やよい、秋月律子、三浦あずさ、水瀬伊織、菊地真、双海亜美、双海真美、四条貴音、我那覇響、安部菜々、神崎蘭子、城ヶ崎美嘉、双葉杏、諸星きらり、春日未来、最上静香、伊吹翼、白石紬、桜守歌織、白瀬咲耶、小宮果穂、杜野凛世、大崎甘奈、大崎甜花、奥空心白）	6					
765as_おもいでのはじまり	おもいでのはじまり	天海春香、萩原雪歩、菊地真	6					
765as_でれぱれど	でれぱれ～ど	原紗友里＆青木瑠璃子 from CINDERELLA PARTY!	6					
765as_でれぱ音頭	でれぱ音頭	原紗友里＆青木瑠璃子 from CINDERELLA PARTY！	6					
765as_らららわんだぁらんど	ら♪ら♪ら♪わんだぁらんど	天海春香＆はるかさん、如月千早＆ちひゃー、萩原雪歩＆ゆきぽ、高槻やよい＆やよ、秋月律子＆ちっちゃん、三浦あずさ＆みうらさん、水瀬伊織＆いお、菊地真＆まこちー、双海亜美／真美＆こあみ・こまみ、星井美希＆あふぅ、我那覇響＆ちびき、四条貴音＆たかにゃ、音無小鳥＆ぴよぴよ	6					
765as_サニー	サニー	双海亜美／真美、三浦あずさ、水瀬伊織、萩原雪歩、秋月律子	6					
765as_チアリングレター	チアリングレター	菊地真	6					
765as_デレパノココロ	デレパノココロ	原紗友里＆青木瑠璃子 from CINDERELLA PARTY!	6					
765as_バレンタイン	バレンタイン	星井美希、双海亜美／真美	6					
765as_全力アイドル	全力アイドル	水瀬伊織	6					
765as_晴れ色	晴れ色	三浦あずさ	6					
765as_紅白応援v_ビクトリー	紅白応援V (ビクトリー)	765PRO ALLSTARS ...and you!（天海春香、星井美希、如月千早、高槻やよい、萩原雪歩、菊地真、双海亜美/真美、水瀬伊織、三浦あずさ、四条貴音、我那覇響、秋月律子）	6					
765as_細氷	細氷	如月千早	6					
765as_絶険あるいは逃げられぬ恋	絶険、あるいは逃げられぬ恋	菊地真	6					
876_dazzling_world	Dazzling World	秋月涼	6					
876_ヴヴヴ	ヴヴヴ	灯里愛夏、上水流宇宙、レトラ	6					
961_flame	FlaME	星井美希、我那覇響、四条貴音	6					
cg_anemonestar	AnemoneStar	渋谷凛	6					
cg_angel_breeze	Angel Breeze	川島瑞樹	6					
cg_claw_my_heart	Claw My Heart	早坂美玲	6					
cg_fantasia_for_the_girls	Fantasia for the Girls	久川颯、イヴ・サンタクロース、白雪千夜、神谷奈緒、藤原肇、依田芳乃、赤城みりあ、星輝子、小早川紗枝	6					
cg_frozen_tears	Frozen Tears	北条加蓮	6					
cg_go_just_go	Go Just Go!	夢見りあむ、大槻唯、北条加蓮、佐藤心、一ノ瀬志希、鷹富士茄子、棟方愛海、川島瑞樹、五十嵐響子	6					
cg_happy_new_yeah	Happy New Yeah!	島村卯月、渋谷凛、本田未央、佐藤心、三村かな子	6					
cg_last_kiss	Last Kiss	三船美優	6					
cg_milky_mode	Milky Mode	及川雫	6					
cg_near_to_you	Near to You	宮本フレデリカ、一ノ瀬志希、櫻井桃華、中野有香、五十嵐響子	6					
cg_night_time_wander	Night Time Wander	ルビーカウンテス（桐生つかさ、八神マキノ、大槻唯）	6					
cg_nightwear	Nightwear	LiPPS（速水奏、塩見周子、城ヶ崎美嘉、宮本フレデリカ、一ノ瀬志希）	6					
cg_sweet_witches_night_6人目はだぁれ	Sweet Witches' Night 〜6人目はだぁれ〜	Sweetches（三村かな子、十時愛梨、森久保乃々、椎名法子、及川雫）	6					
cg_virgin_love	Virgin Love	ノーティギャルズ（向井拓海×藤本里奈、金子真由美））	6					
cg_お願いシンデレラ_-jazz_rearrange_mix-	お願い！シンデレラ -JAZZ Rearrange Mix-	島村卯月、渋谷凛、本田未央	6					
cg_きゅんきゅんまっくす	きゅん・きゅん・まっくす	一ノ瀬志希、乙倉悠貴、椎名法子、前川みく、棟方愛海	6					
cg_この恋の解を答えなさい	この恋の解を答えなさい	久川颯、高森藍子、夢見りあむ、神崎蘭子、大石泉	6					
cg_ずるじゃん	ずるじゃん	乙倉悠貴	6					
cg_とんでいっちゃいたいの	とんでいっちゃいたいの	一ノ瀬志希、三村かな子、宮本フレデリカ	6					
cg_なみだのくに	なみだのくに	森久保乃々	6					
cg_はにかみdays	はにかみdays	島村卯月	6					
cg_シンデレラno1	シンデレラNo.1	安部菜々、イヴ・サンタクロース、神崎蘭子	6					
cg_スバル	スバル	プロローグノーツ（大石泉、乙倉悠貴、多田李衣菜、水本ゆかり、神谷奈緒）	6					
cg_スローライフファンタジー	スローライフ・ファンタジー	双葉杏	6					
cg_パステルピンクな恋	パステルピンクな恋	三村かな子、輿水幸子、佐久間まゆ、緒方智絵里、小早川紗枝	6					
cg_ヒーローヴァーサスレイナンジョー	ヒーローヴァーサスレイナンジョー	ヒーローヴァーサス（南条光、小関麗奈）	6					
cg_メルヘンメタモルフォーゼ	メルヘン∞メタモルフォーゼ！	安部菜々	6					
cg_ラビューダトライアングル	ラビューダ♡トライアングル	アミマネラ（島村卯月、宮本フレデリカ、喜多日菜子）	6					
cg_不埒なcanvas	不埒なCANVAS	輿水幸子、塩見周子、相葉夕美	6					
cg_双翼の独奏歌	双翼の独奏歌	ダークイルミネイト（神崎蘭子、二宮飛鳥）	6					
cg_夢をのぞいたら	夢をのぞいたら	本田未央、北条加蓮、夢見りあむ、遊佐こずえ、佐城雪美、一ノ瀬志希、鷺沢文香、佐久間まゆ、ナターリア	6					
cg_恋のhamburg	恋のHamburg♪	五十嵐響子	6					
cg_春恋フレーム	春恋フレーム	上条春菜	6					
cg_炎の華	炎の華	向井拓海	6					
cg_神様絶対だよ	神様！絶対だよ	Innocent Drops（イヴ・サンタクロース、西園寺琴歌、島村卯月、高森藍子、新田美波）	6					
cg_認めてくれなくたっていいよ	認めてくれなくたっていいよ	乙倉悠貴、関裕美、白菊ほたる、早坂美玲、黒埼ちとせ	6					
gakuen_kira_kira	Kira Kira	紫雲清夏	6					
gakuen_superlative	Superlative	秦谷美鈴	6					
gakuen_top_secret	Top Secret	有村麻央	6					
gakuen_ときめきのソルフェージュ	ときめきのソルフェージュ	倉本千奈	6					
gakuen_叶えたいことばかり	叶えたい、ことばかり	月村手毬	6					
gakuen_歌声は君いろ	歌声は君いろ	姫崎莉波	6					
gakuen_理論武装して	理論武装して	雨夜燕	6					
ml_arrive_you_それが運命でも	Arrive You 〜それが運命でも〜	TIntMe!（大神環、中谷育、周防桃子）	6					
ml_bouncing_smile	BOUNCING♪ SMILE!	大神環	6					
ml_episode_tiara	Episode. Tiara	STAR ELEMENTS（春日未来、矢吹可奈、田中琴葉）	6					
ml_everyday_stars	EVERYDAY STARS!!	四条貴音、真壁瑞希、木下ひなた、矢吹可奈、横山奈緒	6					
ml_harmony_4_you	Harmony 4 You	765 MILLION ALLSTARS 天海春香、春日未来、如月千早、木下ひなた、四条貴音、ジュリア、高山紗代子、田中琴葉、天空橋朋花、箱崎星梨花、松田亜利沙、三浦あずさ、水瀬伊織、最上静香、望月杏奈、矢吹可奈、エミリー スチュアート、大神環、我那覇響、菊地真、北上麗花、高坂海美、佐竹美奈子、島原エレナ、高槻やよい、永吉昴、野々原茜、馬場このみ、福田のり子、舞浜歩、真壁瑞希、百瀬莉緒、横山奈緒、秋月律子、伊吹翼、北沢志保、篠宮可憐、周防桃子、徳川まつり、所恵美、豊川風花、中谷育、七尾百合子、二階堂千鶴、萩原雪歩、ロコ、双海亜美、双海真美、星井美希、宮尾美也、白石紬、桜守歌織	6					
ml_i_didi_will	I did＋I will	Jelly PoP Beans（ロコ、舞浜歩、永吉昴、周防桃子）	6					
ml_impervious_resolution	Impervious Resolution	萩原雪歩	6					
ml_my_style_our_style	MY STYLE! OUR STYLE!!!!	周防桃子	6					
ml_piece_of_cake	piece of cake	北上麗花×北沢志保	6					
ml_retale	ReTale	≡君彩≡（所恵美、矢吹可奈、松田亜利沙）	6					
ml_standing_alive	STANDING ALIVE	ARRIVE（篠宮可憐、四条貴音、島原エレナ、百瀬莉緒、ロコ）	6					
ml_stereophonic_isotonic	STEREOPHONIC ISOTONIC	ロコ	6					
ml_super_duper	Super Duper	Jus-2-Mint（佐竹美奈子、横山奈緒）	6					
ml_super_size_love	SUPER SIZE LOVE!!	佐竹美奈子	6					
ml_tomorrow_program	Tomorrow Program	トゥインクルリズム（中谷育、七尾百合子、松田亜利沙）	6					
ml_we_are_one	WE ARE ONE!!	福田のり子	6					
ml_グッドサイン	グッドサイン	765 MILLION ALLSTARS（天海春香、春日未来、如月千早、木下ひなた、四条貴音、ジュリア、高山紗代子、田中琴葉、天空橋朋花、箱崎星梨花、松田亜利沙、三浦あずさ、水瀬伊織、最上静香、望月杏奈、矢吹可奈、エミリー スチュアート、大神環、我那覇響、菊地真、北上麗花、高坂海美、佐竹美奈子、島原エレナ、高槻やよい、永吉昴、野々原茜、馬場このみ、福田のり子、舞浜歩、真壁瑞希、百瀬莉緒、横山奈緒、秋月律子、伊吹翼、北沢志保、篠宮可憐、周防桃子、徳川まつり、所恵美、豊川風花、中谷育、七尾百合子、二階堂千鶴、萩原雪歩、ロコ、双海亜美、双海真美、星井美希、宮尾美也、白石紬、桜守歌織）	6					
ml_サマトリ_summer_trip	サマ☆トリ ~Summer trip~	北上麗花	6					
ml_チョー元気showアイドルchng	チョー↑元気Show☆アイドルch@ng!	松田亜利沙	6					
ml_ドリームトラベラー	ドリームトラベラー	ミックスナッツ（馬場このみ、木下ひなた、佐竹美奈子、中谷育、双海真美）	6					
ml_ハルカナミライ	ハルカナミライ	天海春香×春日未来	6					
ml_ファンタジスタカーニバル	ファンタジスタ・カーニバル	島原エレナ	6					
ml_ミラージュミラー	ミラージュ・ミラー	Charlotte・Charlotte（徳川まつり、エミリー スチュアート）	6					
ml_メメントモメントルルルルル	メメント？モメント♪ルルルルル☆	タウラス（春日未来、徳川まつり、宮尾美也）	6					
ml_ラストアクトレス	ラスト・アクトレス	田中琴葉、周防桃子、馬場このみ、真壁瑞希、白石紬	6					
ml_ランニングハイッ	ランニング・ハイッ	キャンサー（エミリー スチュアート、木下ひなた、横山奈緒）	6					
ml_ロケットスター	ロケットスター☆	伊吹翼	6					
ml_ローリングさんかく	ローリング△さんかく	周防桃子	6					
ml_君想いbirthday	君想いBirthday	高山紗代子	6					
ml_微笑み日和	微笑み日和	エミリー スチュアート	6					
ml_恋心マスカレード	恋心マスカレード	二階堂千鶴	6					
ml_水中キャンディ	水中キャンディ	馬場このみ	6					
ml_空想文学少女	空想文学少女	七尾百合子	6					
ml_絵本	絵本	北沢志保	6					
ml_赤い世界が消える頃	赤い世界が消える頃	矢吹可奈、佐竹美奈子、篠宮可憐、真壁瑞希、北上麗花	6					
ml_追憶のサンドグラス	追憶のサンドグラス	星井美希	6					
ml_鳥籠スクリプチュア	鳥籠スクリプチュア	天空橋朋花	6					
sc_borderline	Borderline	シャイニーカラーズ（櫻木真乃、風野灯織、八宮めぐる、月岡恋鐘、田中摩美々、白瀬咲耶、三峰結華、幽谷霧子、小宮果穂、園田智代子、西城樹里、杜野凛世、有栖川夏葉、大崎甘奈、大崎甜花、桑山千雪、芹沢あさひ、黛冬優子、和泉愛依、浅倉透、樋口円香、福丸小糸、市川雛菜、七草にちか、緋田美琴、斑鳩ルカ、鈴木羽那、郁田はるき）	6					
sc_darling_you	Darling you!	桑山千雪	6					
sc_futurity_smile	FUTURITY SMILE	シャイニーカラーズ（櫻木真乃、風野灯織、八宮めぐる、月岡恋鐘、田中摩美々、白瀬咲耶、三峰結華、幽谷霧子、小宮果穂、園田智代子、西城樹里、杜野凛世、有栖川夏葉、大崎甘奈、大崎甜花、桑山千雪、芹沢あさひ、黛冬優子、和泉愛依）	6					
sc_one_star	ONE STAR	小宮果穂、黛冬優子、和泉愛依	6					
sc_ひめくりモザイク	ひめくりモザイク	放課後クライマックスガールズ（小宮果穂、園田智代子、西城樹里、杜野凛世、有栖川夏葉）	6					
sc_イルミネイトコンサート	イルミネイトコンサート	イルミネーションスターズ（櫻木真乃、風野灯織、八宮めぐる）	6					
sc_キャットスクワッド	キャットスクワッド	放課後クライマックスガールズ（小宮果穂、園田智代子、西城樹里、杜野凛世、有栖川夏葉）	6					
sc_チョコデートサンデー	チョコデート・サンデー	園田智代子	6					
sc_一閃は君が導く	一閃は君が導く	放課後クライマックスガールズ（小宮果穂、園田智代子、西城樹里、杜野凛世、有栖川夏葉）	6					
sc_夢模様キャンバス	夢模様キャンバス	郁田はるき	6					
sc_愛なview	愛なView	シャイニーカラーズ（櫻木真乃、風野灯織、八宮めぐる、月岡恋鐘、田中摩美々、白瀬咲耶、三峰結華、幽谷霧子、小宮果穂、園田智代子、西城樹里、杜野凛世、有栖川夏葉、大崎甘奈、大崎甜花、桑山千雪、芹沢あさひ、黛冬優子、和泉愛依、浅倉透、樋口円香、福丸小糸、市川雛菜、七草にちか、緋田美琴、斑鳩ルカ、鈴木羽那、郁田はるき）	6					
sc_無垢	無垢	鈴木羽那	6					
sc_裸足じゃイラレナイ	裸足じゃイラレナイ	放課後クライマックスガールズ（小宮果穂、園田智代子、西城樹里、杜野凛世、有栖川夏葉）	6					
sc_過純性ブリーチ	過純性ブリーチ	西城樹里	6					
sc_雪月風花	雪・月・風・花	幽谷霧子	6					
sc_青とオレンジ	青とオレンジ	ノクチル（浅倉透、樋口円香、福丸小糸、市川雛菜）	6					
sidem_because	Because	桜庭薫	6					
sidem_calling	CALLING	神速一魂（紅井朱雀、黒野玄武）	6					
sidem_not_alone	Not Alone	C.FIRST（天峰秀、花園百々人、眉見鋭心）	6					
sidem_pavé_étoiles	Pavé Étoiles	Café Parade（神谷幸広、東雲荘一郎、アスラン＝ベルゼビュートⅡ世、卯月巻緒、水嶋咲）	6					
sidem_permafrost	PERMAFROST	Legenders（葛之葉雨彦、北村想楽、古論クリス）	6					
sidem_platinum_mask	Platinum MASK	Beit（鷹城恭二、ピエール、渡辺みのり）	6					
sidem_rainy_memories	Rainy Memories	DRAMATIC STARS（天道輝、桜庭薫、柏木翼）	6					
sidem_swing_your_leaves	Swing Your Leaves	FRAME（握野英雄、木村龍、信玄誠司）	6					
sidem_time_before_time	Time Before Time	Legenders（葛之葉雨彦、北村想楽、古論クリス）	6					
sidem_tomorrow_diamond	TOMORROW DIAMOND	Beit（鷹城恭二、ピエール、渡辺みのり）	6					
sidem_ultimate_flame	ULTIMATE FLAME	FRAME（握野英雄、木村龍、信玄誠司）	6					
sidem_vsbelievers	vs.BELIEVERS	W ＆ THE 虎牙道（蒼井享介、蒼井悠介、大河タケル、牙崎漣、円城寺道流）	6					
sidem_ぴんとこな_蝶よ華よ	ぴんとこな 〜蝶よ華よ〜	華村翔真	6					
sidem_君と咲いた未来へ	君と咲いた未来へ	彩（猫柳キリオ、華村翔真、清澄九郎）	6					
sidem_来来美食	来来美食	C.FIRST（天峰秀、花園百々人、眉見鋭心）	6					
sidem_流るゝ風の如く_和敬清寂	流るゝ風の如く 〜和敬清寂〜	清澄九郎	6					
sidem_笑顔の祭りにゃ福来る	笑顔の祭りにゃ、福来る	彩（猫柳キリオ、華村翔真、清澄九郎、神速一魂［紅井朱雀、黒野玄武、THE 虎牙道［大河タケル、牙崎漣、円城寺道流）	6					
765as_in_wonderradio	in WonderRadio	沼倉愛美＆原由実＆浅倉杏美 from THE IDOLM@STER STATION!!!	5					
765as_mythmaker	Mythmaker	三浦あずさ	5					
765as_shyshining	shy→shining	765PRO ALLSTARS（天海春香、如月千早、萩原雪歩、高槻やよい、秋月律子、三浦あずさ、水瀬伊織、菊地真、双海亜美、双海真美、星井美希、四条貴音、我那覇響）	5					
765as_七彩ボタン	七彩ボタン	水瀬伊織、三浦あずさ、双海亜美	5					
765as_思い出をありがとう	思い出をありがとう	秋月律子、三浦あずさ、菊地真	5					
765as_異次元bigbang	異次元★♥BIGBANG	島村卯月、最上静香、月岡恋鐘、高海千歌、上原歩夢、澁谷かのん、日野下花帆	5					
765as_私たちはずっとでしょう	私たちはずっと…でしょう？	765PRO ALLSTARS	5					
765as_花	花	音無小鳥	5					
876_glass	Glass	レトラ	5					
876_godknows	God knows...		5					
876_shooting_star	SHOOTING STAR	#ヴイアラ（灯里愛夏、上水流宇宙、レトラ）	5					
876_ハッピース	ハッピース	日高愛、水谷絵理、秋月涼	5					
961_1st_call	1st Call	ディアマント（玲音、詩花、亜夜）	5					
961_blooming_star	Blooming Star	詩花	5					
cg_harurunrun	HARURUNRUN	関裕美、水本ゆかり、棟方愛海	5					
cg_home_sweet_home	Home Sweet Home	Merry Terrors（白坂小梅、辻野あかり、道明寺歌鈴、佐久間まゆ、小日向美穂）	5					
cg_nornotes_of_revolution革命についての覚書	N.O.R.〜Notes of Revolution〜革命についての覚書	SOUL LEATHERS（脇山珠美、星輝子、小関麗奈）	5					
cg_palette	Palette	ピンクチェックスクール（島村卯月、小日向美穂、五十嵐響子）	5					
cg_shabon_song	shabon song	城ヶ崎美嘉	5					
cg_sun_high_gold	Sun! High! Gold!	本田未央、北条加蓮、夢見りあむ、遊佐こずえ、佐城雪美	5					
cg_superlove	SUPERLOVE☆	城ヶ崎莉嘉	5					
cg_with_love	With Love	Love Yell（五十嵐響子、乙倉悠貴、水本ゆかり、諸星きらり、姫川友紀）	5					
cg_いとしーさー	いとしーさー♥	輿水幸子、多田李衣菜、藤原肇、水本ゆかり、森久保乃々	5					
cg_たくさん	たくさん！	アナスタシア	5					
cg_にょわにょわーるど	にょわにょわーるど☆	諸星きらり	5					
cg_にんぎょひめ練習中	にんぎょひめ練習中！	浅利七海	5					
cg_もりのくにから	もりのくにから	森久保乃々	5					
cg_オウムアムアに幸運を	オウムアムアに幸運を	一ノ瀬志希、神谷奈緒、黒埼ちとせ、佐藤心、的場梨沙	5					
cg_オヤマトペ	オヤマトペ♪	棟方愛海	5					
cg_オレンジタイム	オレンジタイム	142's（輿水幸子、白坂小梅、星輝子）	5					
cg_サインオブホープ	サイン・オブ・ホープ	南条光	5					
cg_ステップ	ステップ！	本田未央	5					
cg_ストリートランウェイ	ストリート・ランウェイ	ラピエサージュ（砂塚あきら、早坂美玲、堀裕子、多田李衣菜、二宮飛鳥）	5					
cg_ダイアモンドアテンション	ダイアモンド・アテンション	喜多見柚、難波笑美、椎名法子、ナターリア、脇山珠美	5					
cg_トロピカルガール	トロピカルガール	夢見りあむ、乙倉悠貴、姫川友紀、三村かな子、難波笑美	5					
cg_初夢をあなたと	初夢をあなたと	鷹富士茄子	5					
cg_廻談詣り	廻談詣り	かくりよがたり（依田芳乃、白坂小梅）	5					
cg_恋が咲く季節	恋が咲く季節	高垣楓、本田未央、藤原肇、荒木比奈、喜多見柚、佐久間まゆ、村上巴、関裕美、緒方智絵里	5					
cg_恋色エナジー	恋色エナジー	中野有香	5					
cg_悠久星涼	悠久星涼	椎名法子、難波笑美、浜口あやめ、塩見周子、道明寺歌鈴	5					
cg_未完成の歴史	未完成の歴史	二宮飛鳥、藤原肇、北条加蓮	5					
cg_泡沫のアイオーン	泡沫のアイオーン	荒木比奈	5					
cg_満願成就巫女の神頼み	満願成就♪巫女の神頼み！	道明寺歌鈴	5					
gakuen_cosmetic	Cosmetic	十王星南	5					
gakuen_fragile_heart	Fragile Heart	葛城リーリヤ	5					
gakuen_lets_go_ichi-no-ni	Let's GO!! ICHI-NO-NI!!	1年2組（倉本千奈、篠澤広、花海佑芽、秦谷美鈴）	5					
gakuen_ride_on_beat	Ride on Beat	紫雲清夏	5					
gakuen_みちなるひろがる	みちなるひろがる	倉本千奈、篠澤広	5					
gakuen_グースーピー	グースーピー	花海佑芽	5					
gakuen_コンテンポラリのダンス	コンテンポラリのダンス	篠澤広	5					
gakuen_ナイワ	ナイワ	3年1組（有村麻央、姫崎莉波、十王星南、雨夜燕）	5					
gakuen_極光	極光	葛城リーリヤ	5					
ml_aikane	AIKANE？	野々原茜	5					
ml_cat_crossing	CAT CROSSING	北沢志保	5					
ml_cut_cut_cut	Cut. Cut. Cut.	周防桃子×真壁瑞希	5					
ml_dance_in_the_light	Dance in the Light	舞浜歩、水瀬伊織、高山紗代子、永吉昴、百瀬莉緒	5					
ml_decided	Decided	徳川まつり×馬場このみ	5					
ml_espada	ESPADA	SHADE OF SPADE（豊川風花、エミリー スチュアート、我那覇響、北沢志保、篠宮可憐、白石紬、中谷育、永吉昴、野々原茜、双海亜美、星井美希、舞浜歩、最上静香）	5					
ml_get_my_shinin	Get My Shinin’	舞浜歩	5					
ml_idescape_from_utopia	I.D〜EScape from Utopia〜	EScape（真壁瑞希、白石紬、北沢志保）	5					
ml_in_the_name_of_love	...In The Name Of。 ...LOVE?	真壁瑞希	5					
ml_leader	LEADER!!	765PRO ALLSTARS	5					
ml_music_journey	MUSIC JOURNEY	桜守歌織	5					
ml_parade_damour	Parade d’amour	オペラセリア・煌輝座（北沢志保、桜守歌織、田中琴葉、徳川まつり）	5					
ml_star_impression	Star Impression	MILLIONSTARS Team1st（佐竹美奈子、北沢志保、天空橋朋花、望月杏奈）	5					
ml_why	WHY?	百瀬莉緒	5					
ml_きまぐれユモレスク	きまぐれユモレスク	箱崎星梨花	5					
ml_たんけんぼうけんハイホー隊	たんけんぼうけん☆ハイホー隊	大神環	5					
ml_だってあなたはプリンセス	だってあなたはプリンセス	Charlotte・Charlotte（徳川まつり、エミリー スチュアート）	5					
ml_エスケープ	エスケープ	ジュリア×所恵美	5					
ml_オーディナリィクローバー	オーディナリィ・クローバー	桜守歌織、最上静香、望月杏奈、百瀬莉緒、宮尾美也	5					
ml_カワラナイモノ	カワラナイモノ	三浦あずさ、篠宮可憐、高山紗代子、福田のり子	5					
ml_ギブミーメタファー	ギブミーメタファー	STAR ELEMENTS（春日未来、矢吹可奈、田中琴葉）	5					
ml_ショコラブルイブ	ショコラブル＊イブ	所恵美、春日未来、高山紗代子、野々原茜、望月杏奈	5					
ml_スノウレター	スノウレター	木下ひなた	5					
ml_ハルマチ女子	ハルマチ女子	りるきゃん 〜3 little candy〜（篠宮可憐、野々原茜、伊吹翼）	5					
ml_バトンタッチ	バトンタッチ	MILLIONSTARS Team5th（高山紗代子、中谷育、野々原茜、箱崎星梨花、宮尾美也）	5					
ml_プリンセスアラモード	プリンセス・アラモード	徳川まつり	5					
ml_ホップステップレインボウ	ホップ♪ステップ♪レインボウ♪	大神環	5					
ml_ムーンゴールド	ムーンゴールド	二階堂千鶴	5					
ml_初恋バタフライ	初恋バタフライ	宮尾美也	5					
ml_創造は始まりの風を連れて	創造は始まりの風を連れて	七尾百合子、天空橋朋花、箱崎星梨花、松田亜利沙、ロコ	5					
ml_君だけの欠片	君だけの欠片	エミリー スチュアート	5					
ml_夕風のメロディー	夕風のメロディー	篠宮可憐	5					
ml_夢にかけるrainbow	夢にかけるRainbow	765 MILLION ALLSTARS（天海春香、春日未来、如月千早、木下ひなた、四条貴音、ジュリア、高山紗代子、田中琴葉、天空橋朋花、箱崎星梨花、松田亜利沙、三浦あずさ、水瀬伊織、最上静香、望月杏奈、矢吹可奈、エミリー スチュアート、大神環、我那覇響、菊地真、北上麗花、高坂海美、佐竹美奈子、島原エレナ、高槻やよい、永吉昴、野々原茜、馬場このみ、福田のり子、舞浜歩、真壁瑞希、百瀬莉緒、横山奈緒、秋月律子、伊吹翼、北沢志保、篠宮可憐、周防桃子、徳川まつり、所恵美、豊川風花、中谷育、七尾百合子、二階堂千鶴、萩原雪歩、ロコ、双海亜美、双海真美、星井美希、宮尾美也、白石紬、桜守歌織）	5					
ml_彼氏になってよ	彼氏になってよ。	りるきゃん 〜3 little candy〜（篠宮可憐、野々原茜、伊吹翼）	5					
ml_恋の音色ライン	恋の音色ライン	二階堂千鶴	5					
ml_未来系ドリーマー	未来系ドリーマー	春日未来	5					
ml_満腹至極フルコォス	満腹至極フルコォス	佐竹美奈子	5					
ml_空に手が触れる場所	空に手が触れる場所	北上麗花	5					
ml_空色_birthday_card	空色♡ Birthday Card	LOVERS HEART（ジュリア、高山紗代子、天海春香、如月千早、北上麗花、佐竹美奈子、高槻やよい、天空橋朋花、七尾百合子、福田のり子、松田亜利沙、望月杏奈、矢吹可奈）	5					
ml_蝶々むすび	蝶々むすび	765 MILLION ALLSTARS（天海春香、春日未来、如月千早、木下ひなた、四条貴音、ジュリア、高山紗代子、田中琴葉、天空橋朋花、箱崎星梨花、松田亜利沙、三浦あずさ、水瀬伊織、最上静香、望月杏奈、矢吹可奈、エミリー スチュアート、大神環、我那覇響、菊地真、北上麗花、高坂海美、佐竹美奈子、島原エレナ、高槻やよい、永吉昴、野々原茜、馬場このみ、福田のり子、舞浜歩、真壁瑞希、百瀬莉緒、横山奈緒、秋月律子、伊吹翼、北沢志保、篠宮可憐、周防桃子、徳川まつり、所恵美、豊川風花、中谷育、七尾百合子、二階堂千鶴、萩原雪歩、ロコ、双海亜美、双海真美、星井美希、宮尾美也、白石紬、桜守歌織）	5					
sc_cleanclean_up	Clean.Clean up	コメティック（斑鳩ルカ、鈴木羽那、郁田はるき）	5					
sc_killermission	Killer×Mission	アンティーカ×ストレイライト（月岡恋鐘、田中摩美々、白瀬咲耶、三峰結華、幽谷霧子、芹沢あさひ、黛冬優子、和泉愛依）	5					
sc_live_live_live	LIVE LIVE LIVE!	ストレイライト（芹沢あさひ、黛冬優子、和泉愛依）	5					
sc_love_letter	Love Letter	アルストロメリア（大崎甘奈、大崎甜花、桑山千雪）	5					
sc_shower_of_light	Shower of light	イルミネーションスターズ（櫻木真乃、風野灯織、八宮めぐる）	5					
sc_アポイントシグナル	アポイント・シグナル	月岡恋鐘	5					
sc_プラスチックアンブレラ	プラスチック・アンブレラ	三峰結華	5					
sc_メッセージ	メッセージ	アルストロメリア（大崎甘奈、大崎甜花、桑山千雪）	5					
sc_常咲の庭	常咲の庭	杜野凛世	5					
sc_快盗vを見逃すな	快盗Vを見逃すな	放課後クライマックスガールズ（小宮果穂、園田智代子、西城樹里、杜野凛世、有栖川夏葉）	5					
sc_有彩色ユリイカ	有彩色ユリイカ	アンティーカ（月岡恋鐘、田中摩美々、白瀬咲耶、三峰結華、幽谷霧子）	5					
sc_浮動性イノセンス	浮動性イノセンス	アンティーカ（月岡恋鐘、田中摩美々、白瀬咲耶、三峰結華、幽谷霧子）	5					
sc_相合学舎	相合学舎	放課後クライマックスガールズ×ノクチル（小宮果穂、園田智代子、西城樹里、杜野凛世、有栖川夏葉、浅倉透、樋口円香、福丸小糸、市川雛菜）	5					
sc_迅雷鉄火	迅雷鉄火	放課後クライマックスガールズ×ストレイライト（小宮果穂、園田智代子、西城樹里、杜野凛世、有栖川夏葉、芹沢あさひ、黛冬優子、和泉愛依）	5					
sc_銀翼のアレジアンス_-blade_of_truth-	銀翼のアレジアンス -blade of truth-	アンティーカ（月岡恋鐘、田中摩美々、白瀬咲耶、三峰結華、幽谷霧子）	5					
sidem_cherish_bouquet	Cherish BOUQUET	渡辺みのり	5					
sidem_determined_soul	Determined Soul	円城寺道流	5					
sidem_eternal_fantasia	Eternal Fantasia	Café Parade（神谷幸広、東雲荘一郎、アスラン＝ベルゼビュートⅡ世、卯月巻緒、水嶋咲、Altessimo[都築圭、神楽麗、Legenders［葛之葉雨彦、北村想楽、古論クリス）	5					
sidem_from_teacher_to_future	From Teacher To Future!	S.E.M（硲道夫、舞田類、山下次郎）	5					
sidem_gold_no79	GOLD 〜No.79〜	山下次郎	5					
sidem_hands_claps	Hands & Claps!	315 ALLSTARS（天ヶ瀬冬馬、御手洗翔太、伊集院北斗、天道輝、桜庭薫、柏木翼、鷹城恭二、ピエール、渡辺みのり、伊瀬谷四季、秋山隼人、若里春名、冬美旬、榊夏来、蒼井享介、蒼井悠介、硲道夫、舞田類、山下次郎、華村翔真、猫柳キリオ、清澄九郎、握野英雄、木村龍、信玄誠司、紅井朱雀、黒野玄武、神谷幸広、東雲荘一郎、アスラン＝ベルゼビュートⅡ世、卯月巻緒、水嶋咲、都築圭、神楽麗、大河タケル、牙崎漣、円城寺道流、岡村直央、橘志狼、姫野かのん、秋月涼、九十九一希、兜大吾、葛之葉雨彦、北村想楽、古論クリス、天峰秀、花園百々人、眉見鋭心）	5					
sidem_mirror_of_truth	MIRROR of TRUTH	Beit（鷹城恭二、ピエール、渡辺みのり）	5					
sidem_plus_1_good_day	Plus 1 Good Day!	FRAME（握野英雄、木村龍、信玄誠司）	5					
sidem_red_hot_beat	RED HOT BEAT!!	315 STARS(フィジカルVer.)（天ヶ瀬冬馬、天道輝、渡辺みのり、木村龍、秋山隼人、伊瀬谷四季、紅井朱雀、アスラン＝ベルゼビュートⅡ世、水嶋咲、橘志狼、大河タケル、円城寺道流、牙崎漣、兜大吾、眉見鋭心）	5					
sidem_sanctuary_world	Sanctuary World	都築圭	5					
sidem_secret_light	Secret Light	Legenders（葛之葉雨彦、北村想楽、古論クリス、花園百々人、眉見鋭心）	5					
sidem_undiscovered_world	Undiscovered WORLD	古論クリス	5					
sidem_youre	you’re	北村想楽	5					
sidem_スターチスを束にして	スターチスを束にして	FRAME（握野英雄、木村龍、信玄誠司）	5					
sidem_タソガレドキbluesy	タソガレドキ、Bluesy	神速一魂（紅井朱雀、黒野玄武）	5					
sidem_ハートフルパトローラー	ハートフル・パトローラー	握野英雄	5					
sidem_リトルハピネス	リトルハピネス	315 STARS(メンタル Ver.)（御手洗翔太、柏木翼、都築圭、ピエール、蒼井悠介、信玄誠司、華村翔真、清澄九郎、若里春名、神谷幸広、卯月巻緒、姫野かのん、舞田類、秋月涼、北村想楽、花園百々人）	5					
sidem_今宵笑むように	今宵、笑むように	華村翔真	5					
sidem_宵闇のイリュージョン	宵闇のイリュージョン	THE 虎牙道（大河タケル、円城寺道流、牙崎漣）	5					
sidem_彩リノ歌	彩リノ歌	彩（猫柳キリオ、華村翔真、清澄九郎）	5					
sidem_我が混沌のサバトマリアージュ	我が混沌のサバト・マリアージュ	アスラン＝ベルゼビュートⅡ世	5					
sidem_桜彩	桜彩	彩（猫柳キリオ、華村翔真、清澄九郎）	5					
sidem_熱情_burning_voltage	熱情! Burning Voltage	紅井朱雀	5					
sidem_究極fighting	究極…FIGHTING	THE 虎牙道（大河タケル、円城寺道流、牙崎漣）	5					
sidem_約束はドリーミングフライト	約束はドリーミングフライト	柏木翼	5					
sidem_羽ばたきのmy_soul	羽ばたきのMy Soul	秋月涼	5					
sidem_装_-so_beautiful-	装 -So Beautiful-	彩（華村翔真、猫柳キリオ、清澄九郎）	5					
sidem_運命光年	運命光年	Jupiter（天ヶ瀬冬馬、御手洗翔太、伊集院北斗）	5					
765as_brave_star	BRAVE STAR	天海春香、如月千早、四条貴音、秋月律子	4					
765as_dead_or_alive	DEAD or ALIVE	今井麻美、原由実、沼倉愛美	4					
765as_four	FO(U)R	you-i	4					
765as_halftone	Halftone	菊地真、萩原雪歩	4					
765as_idol_power_rainbow	IDOL POWER RAINBOW	天海春香、如月千早、星井美希、島村卯月、渋谷凛、本田未央、春日未来、最上静香、伊吹翼	4					
765as_kawaii_ウォーズ	KAWAII ウォーズ	田中琴葉、天海春香、菊地真、水瀬伊織、我那覇響、双葉杏、安部菜々、春日未来、大崎甘奈、大崎甜花、詩花、奥空心白	4					
765as_poplinks_tune	POPLINKS TUNE!!!!!	天海春香、島村卯月、春日未来、天道輝、櫻木真乃	4					
765as_superstar	SUPERSTAR	浅倉杏美	4					
765as_the_愛	THE 愛	天海春香、菊地真、高槻やよい、我那覇響、日高愛	4					
765as_traveler	Traveler	今井麻美、原由実、沼倉愛美	4					
765as_we_have_a_dream	We Have A Dream	天海春香、星井美希、如月千早、高槻やよい、萩原雪歩、我那覇響	4					
765as_yes	YES♪	天海春香、菊地真	4					
765as_きっと	きっと	浅倉杏美	4					
765as_そしてぼくらは旅にでる	そしてぼくらは旅にでる	天海春香、萩原雪歩、高槻やよい、三浦あずさ	4					
765as_だから今夜きみと	だから今夜きみと	沼倉愛美、原由実、浅倉杏美 from THE IDOLM@STER STATION!!!	4					
765as_ふたつの月	ふたつの月	四条貴音	4					
765as_アナタのヒトコト	アナタのヒトコト	天海春香、如月千早、高槻やよい	4					
765as_シャララ	シャララ	三浦あずさ、秋月律子	4					
765as_ストレートラブ	ストレートラブ！	天海春香、水瀬伊織、菊地真	4					
765as_ターンオンタイム	ターンオンタイム！	春日未来、最上静香、箱崎星梨花	4					
765as_トリプルangel	トリプルAngel	双海亜美	4					
765as_マジで	マジで…！？	765PRO ALLSTARS	4					
765as_仲良しでいようね	仲良しでいようね♡	高槻やよい、水瀬伊織	4					
765as_君が選ぶ道	君が選ぶ道	音無小鳥	4					
765as_放課後ジャンプ	放課後ジャンプ	双海真美	4					
765as_星彩ステッパー	星彩ステッパー	水瀬伊織、双海亜美、双海真美、星井美希	4					
765as_神さまのbirthday	神さまのBirthday	星井美希、天海春香、如月千早	4					
765as_高速道路	高速道路	浅倉杏美、原由実)	4					
876_alive	ALIVE	日高愛	4					
876_berry_berry_lady	Berry Berry Lady	灯里愛夏	4					
876_manimani	Mani Mani		4					
876_reloading	RELOADING		4					
876_zerogravity	ZeroGravity	上水流宇宙	4					
961_realize	REALIZE！！！	星井美希、我那覇響、四条貴音	4					
cg_dreamy_anniversary	Dreamy Anniversary	久川凪、大槻唯、高垣楓、望月聖、新田美波	4					
cg_flip_flop_for_ss3a_rearrange_mix	Flip Flop 〜For SS3A rearrange Mix〜	荒木比奈、上条春菜	4					
cg_halloweencode	Halloween♥Code	安部菜々、乙倉悠貴、前川みく	4					
cg_isosceles	Isosceles	フェアリーテイル＊マイテイル（小日向美穂、藤原肇）	4					
cg_just_us_justice	Just Us Justice	バーニング・バスターズ（南条光、脇山珠美、結城晴、上条春菜、片桐早苗）	4					
cg_lilac_time	lilac time	相葉夕美	4					
cg_morgana	Morgana	ファタ・モルガーナ（大石泉、八神マキノ、浅利七海）	4					
cg_numberless	Numberless	大石泉	4					
cg_pandemic_alone	PANDEMIC ALONE	星輝子	4					
cg_pretty_liar	Pretty Liar	ミステリアスアイズ（高垣楓、速水奏）	4					
cg_starry_night	Starry Night	松永涼、三船美優、森久保乃々、藤原肇、砂塚あきら	4					
cg_to_my_darling	To my darling...	輿水幸子	4					
cg_unlock_starbeat	Unlock Starbeat	神崎蘭子、白雪千夜、多田李衣菜、五十嵐響子、星輝子	4					
cg_winter_and_window	WINTER and WINDOW	イヴ・サンタクロース、一ノ瀬志希、高森藍子、高垣楓、久川颯	4					
cg_wish_you_happiness	Wish you Happiness!!	安部菜々、新田美波、小早川紗枝、塩見周子、浜口あやめ、ナターリア、辻野あかり	4					
cg_おめざめめーめー	おめざめめーめー	遊佐こずえ	4					
cg_きらりんロボのテーマ	きらりんロボのテーマ	諸星きらり	4					
cg_さよならアロハ	さよならアロハ	木村夏樹、十時愛梨、中野有香、藤本里奈、宮本フレデリカ	4					
cg_しゅがーはぁとレボリューション	しゅがーはぁと☆レボリューション	佐藤心	4					
cg_みんなのきもち	みんなのきもち	市原仁奈	4					
cg_アイムアリトルプリンセス_お星さまにお願い	アイム・ア・リトル・プリンセス 〜お星さまにお願い〜	古賀小春	4					
cg_アタシガルール	アタシガルール	桐生つかさ	4					
cg_オタク_is_love	オタク is LOVE!	虹色ドリーマー（荒木比奈、神谷奈緒、安部菜々）	4					
cg_ギュっとmilky_way	ギュっとMilky Way	ドリームアウェイ（佐久間まゆ、喜多日菜子）	4					
cg_サニードロップ	サニードロップ	大槻唯	4					
cg_ジュビリー	ジュビリー	星街すいせい、高垣楓	4					
cg_ステップスキップ	ステップ＆スキップ	ワンステップス（関裕美、白菊ほたる、森久保乃々）	4					
cg_ノートの中のテラリウム	ノートの中のテラリウム	なの・くらうん（久川凪、森久保乃々）	4					
cg_プライスレス_ドーナッcyu	プライスレス ドーナッCyu♡	椎名法子	4					
cg_マイスイートハネムーン	マイ・スイート・ハネムーン	佐久間まゆ	4					
cg_ミステリーハート	ミステリーハート	FrenchKisS（宮本フレデリカ、速水奏）	4					
cg_ミライコンパス	ミライコンパス	エフェメラ（望月聖、佐久間まゆ、緒方智絵里、依田芳乃、高森藍子）	4					
cg_モラトリアム	モラトリアム	リアンコリック（夢見りあむ、双葉杏）	4					
cg_世界滅亡_or_kiss	世界滅亡 or KISS	喜多日菜子	4					
cg_冬空プレシャス	冬空プレシャス	片桐早苗、難波笑美、姫川友紀	4					
cg_夏恋_-natsu_koi-	夏恋 -NATSU KOI-	塩見周子、橘ありす、松永涼	4					
cg_幸せの法則ルール	幸せの法則〜ルール〜	ミス・フォーチュン（鷹富士茄子、白菊ほたる）	4					
cg_弾丸サバイバー	弾丸サバイバー	大和亜季	4					
cg_心もよう	心もよう	new generations（島村卯月）	4					
cg_熱血乙女a	熱血乙女A	日野茜	4					
cg_空想探査計画	空想探査計画	木村夏樹、浜口あやめ、日野茜	4					
cg_谷の底で咲く花は	谷の底で咲く花は	白菊ほたる	4					
cg_躍るflagship	躍るFLAGSHIP	小日向美穂、佐藤心、北条加蓮	4					
cg_青春のwanna	青春のWanna!	小関麗奈	4					
gakuen_ときめきエモーション	ときめきエモーション	紫雲清夏、葛城リーリヤ	4					
gakuen_ふわふわ	ふわふわ	藤田ことね	4					
gakuen_ガラクタロード	ガラクタロード	初星学園	4					
gakuen_メクルメ	メクルメ	篠澤広	4					
gakuen_自己肯定感爆上げしゅきしゅきソング	自己肯定感爆上げ↑↑しゅきしゅきソング	藤田ことね	4					
gakuen_金の斧銀の斧エメラルドの斧	金の斧、銀の斧、エメラルドの斧	花海佑芽	4					
ml_be_proud	Be proud	ストロベリーポップムーン（春日未来、最上静香、伊吹翼）	4					
ml_birth_of_color	Birth of Color	BIRTH（菊地真、萩原雪歩、舞浜歩、三浦あずさ、矢吹可奈）	4					
ml_blackparty	Black★Party	TRICK&TREAT（北上麗花、野々原茜）	4					
ml_catch_my_feeling	catch my feeling	MILLIONSTARS Team4th（馬場このみ、周防桃子、二階堂千鶴、松田亜利沙、横山奈緒、ロコ）	4					
ml_criminally_dinner_正餐とイーヴルナイフ	Criminally Dinner 〜正餐とイーヴルナイフ〜	星井美希、舞浜歩、篠宮可憐、中谷育、最上静香	4					
ml_day_after_yesterday	Day After “Yesterday”	永吉昴	4					
ml_dreamscape	Dreamscape	永吉昴×福田のり子	4					
ml_emergence_vibe	Emergence Vibe	島原エレナ×星井美希	4					
ml_everlasting	Everlasting	夜想令嬢 -GRAC&E NOCTURNE-（天空橋朋花、所恵美、二階堂千鶴、百瀬莉緒）	4					
ml_fermata_in_rapsodia	Fermata in Rapsodia	ARCANA（三浦あずさ、如月千早、四条貴音）	4					
ml_gf	G♡F	秋月律子×篠宮可憐	4					
ml_good-sleep_baby	Good-Sleep, Baby♡	高槻やよい、大神環、中谷育、矢吹可奈	4					
ml_hello_your_angel	HELLO, YOUR ANGEL♪	天空橋朋花×中谷育	4					
ml_hypernova	Hypernova	永吉昴、高山紗代子、篠宮可憐、二階堂千鶴、松田亜利沙	4					
ml_justice_or_voice	Justice OR Voice	ジェネシス×ネメシス（白石紬、桜守歌織、ジュリア、菊地真、野々原茜）	4					
ml_persona_voice	Persona Voice	二階堂千鶴×萩原雪歩	4					
ml_reach_the_sky	REACH THE SKY	高山紗代子	4					
ml_sister	Sister	天空橋朋花	4					
ml_sky_survive	Sky Survive	白石紬、福田のり子、伊吹翼、木下ひなた	4					
ml_upper_dog	Upper Dog	箱崎星梨花、天空橋朋花、野々原茜、馬場このみ	4					
ml_vivid_color	vivid color	高山紗代子	4					
ml_white_vows	White Vows	豊川風花、百瀬莉緒、桜守歌織、二階堂千鶴、馬場このみ	4					
ml_あのね聞いてほしいことがあるんだ	あのね、聞いてほしいことがあるんだ	木下ひなた	4					
ml_あめにうたおう	あめにうたおう♪	矢吹可奈	4					
ml_たしかな足跡	たしかな足跡	三浦あずさ×百瀬莉緒	4					
ml_ちいさな恋の足音	ちいさな恋の足音	篠宮可憐	4					
ml_ときどきシーソー	ときどきシーソー	中谷育	4					
ml_はなしらべ	はなしらべ	エミリー スチュアート	4					
ml_ふわりずむ	ふわりずむ	宮尾美也	4					
ml_りんごのマーチ	りんごのマーチ	木下ひなた	4					
ml_オレンジの空の下	オレンジの空の下	豊川風花	4					
ml_カンパリーナ	カンパリーナ♡	三浦あずさ、二階堂千鶴、北上麗花、四条貴音、豊川風花	4					
ml_クルリウタ	クルリウタ	野々原茜、島原エレナ、北沢志保、桜守歌織、二階堂千鶴	4					
ml_スタートリップ	スタートリップ	ジュリア	4					
ml_スポーツスポーツスポーツ	スポーツ！スポーツ！スポーツ！	高坂海美	4					
ml_ダイヤモンドクラリティ	ダイヤモンド・クラリティ	BRIGHT DIAMOND（桜守歌織、四条貴音、伊吹翼、春日未来、周防桃子、田中琴葉、徳川まつり、所恵美、萩原雪歩、双海真美、水瀬伊織、宮尾美也、百瀬莉緒）	4					
ml_デコレーションドリミンッ	デコレーション・ドリ〜ミンッ♪	周防桃子	4					
ml_パンとフィルム	パンとフィルム	≡君彩≡（所恵美、矢吹可奈、松田亜利沙）	4					
ml_ホントウノワタシ	ホントウノワタシ	田中琴葉	4					
ml_ユニゾンビート	ユニゾン☆ビート	舞浜歩	4					
ml_ライラックにつつまれて	ライラックにつつまれて	TIntMe!（大神環、中谷育、周防桃子）	4					
ml_ラビットファー	ラビットファー	Xs（萩原雪歩、星井美希、菊地真、水瀬伊織）	4					
ml_嘆きのfraction	嘆きのFRACTION	三浦あずさ	4					
ml_囚われのteatime	囚われのTeaTime	クロノレキシカ（七尾百合子、望月杏奈、永吉昴、ロコ、真壁瑞希）	4					
ml_微笑んだから気づいたんだ	微笑んだから、気づいたんだ。	双海亜美	4					
ml_想いはcarnaval	想いはCarnaval	島原エレナ	4					
ml_想い出はクリアスカイ	想い出はクリアスカイ	Cleasky（島原エレナ、宮尾美也）	4					
ml_推しってほんと	推しってほんと	所恵美、島原エレナ、佐竹美奈子、田中琴葉、矢吹可奈	4					
ml_旅立ちのコンパス	旅立ちのコンパス	Fleuranges（篠宮可憐、箱崎星梨花、木下ひなた、宮尾美也）	4					
ml_永遠の花	永遠の花	ジェミニ（周防桃子、豊川風花、馬場このみ）	4					
ml_深紅のパシオン	深紅のパシオン	chicAAmor（高山紗代子、豊川風花、ジュリア、二階堂千鶴）	4					
ml_矛盾の月	矛盾の月	花咲夜（エミリー スチュアート、白石紬、天空橋朋花）	4					
ml_祈りの羽根	祈りの羽根	豊川風花	4					
sc_13	1/3	斑鳩ルカ	4					
sc_283体操	283体操	八宮めぐる、月岡恋鐘、西城樹里、桑山千雪、芹沢あさひ、福丸小糸、七草にちか	4					
sc_after_run	After Run	シーズ（七草にちか、緋田美琴）	4					
sc_forward_march	Forward March！！！	イルミネーションスターズ（櫻木真乃、風野灯織、八宮めぐる）	4					
sc_gotcha	GOTCHA	芹沢あさひ、八宮めぐる、西城樹里	4					
sc_pioneer_impact	Pioneer Impact	アンティーカ×シーズ（月岡恋鐘、田中摩美々、白瀬咲耶、三峰結華、幽谷霧子、七草にちか、緋田美琴）	4					
sc_poison_berry_daughters	Poison Berry Daughters	シャイニーカラーズ（櫻木真乃、風野灯織、八宮めぐる、月岡恋鐘、田中摩美々、白瀬咲耶、三峰結華、幽谷霧子、小宮果穂、園田智代子、西城樹里、杜野凛世、有栖川夏葉、大崎甘奈、大崎甜花、桑山千雪、芹沢あさひ、黛冬優子、和泉愛依）	4					
sc_secret_utopia	Secret utopIA	イルミネーションスターズ×アルストロメリア×シーズ（櫻木真乃、風野灯織、八宮めぐる、大崎甘奈、大崎甜花、桑山千雪、七草にちか、緋田美琴）	4					
sc_sparkle	Sparkle	イルミネーションスターズ×ノクチル（櫻木真乃、風野灯織、八宮めぐる、浅倉透、樋口円香、福丸小糸、市川雛菜）	4					
sc_starry_place	STARRY PLACE	イルミネーションスターズ（櫻木真乃、風野灯織、八宮めぐる）	4					
sc_unsung_heroes	Unsung Heroes	アンティーカ（月岡恋鐘、田中摩美々、白瀬咲耶、三峰結華、幽谷霧子）	4					
sc_いつかのキミへ	いつかのキミへ	ノクチル（浅倉透、樋口円香、福丸小糸、市川雛菜）	4					
sc_アスタラブビスタ	アスタラブビスタ	アルストロメリア（大崎甘奈、大崎甜花、桑山千雪）	4					
sc_サマーサマーオーシャンパーリィバケーション	サマーサマーオーシャンパーリィバケーション	八宮めぐる、三峰結華、小宮果穂、大崎甜花、黛冬優子、福丸小糸、緋田美琴、郁田はるき	4					
sc_パーティーマジックデザイナー	パーティーマジックデザイナー	放課後クライマックスガールズ（小宮果穂、園田智代子、西城樹里、杜野凛世、有栖川夏葉）	4					
sc_リフレインブレイン	リフレインブレイン	アルストロメリア×コメティック（大崎甘奈、大崎甜花、桑山千雪、斑鳩ルカ、鈴木羽那、郁田はるき）	4					
sc_似セ者	似セ者	コメティック（斑鳩ルカ、鈴木羽那、郁田はるき）	4					
sc_全力アンサー	全力アンサー	放課後クライマックスガールズ（小宮果穂、園田智代子、西城樹里、杜野凛世、有栖川夏葉）	4					
sc_放課後マギア	放課後マギア	放課後クライマックスガールズ（小宮果穂、園田智代子、西城樹里、杜野凛世、有栖川夏葉）	4					
sc_文明開花輪舞_-シティハレルヤ-	文明開花輪舞 -シティ・ハレルヤ-	アンティーカ（月岡恋鐘、田中摩美々、白瀬咲耶、三峰結華、幽谷霧子）	4					
sc_晴れのちバルーン	晴れのちバルーン	イルミネーションスターズ（櫻木真乃、風野灯織、八宮めぐる）	4					
sc_橙より未来	橙より未来	アンティーカ（月岡恋鐘、田中摩美々、白瀬咲耶、三峰結華、幽谷霧子）	4					
sidem_anywhere	ANYWHERE	315 STARS(インテリVer.)（伊集院北斗、桜庭薫、神楽麗、鷹城恭二、蒼井享介、握野英雄、猫柳キリオ、冬美旬、榊夏来、黒野玄武、東雲荘一郎、岡村直央、硲道夫、山下次郎、九十九一希、葛之葉雨彦、古論クリス、天峰秀）	4					
sidem_baile_apasionado	Baile Apasionado	橘志狼、硲道夫、牙崎漣	4					
sidem_bright_sunny_day	BRIGHT SUNNY DAY	F-LAGS（秋月涼、兜大吾、九十九一希）	4					
sidem_echoes_my_note	Echoes My Note	神楽麗	4					
sidem_flying_hawk	Flying Hawk	鷹城恭二	4					
sidem_happy-go-unlucky	Happy-Go-Unlucky!	木村龍	4					
sidem_ill_show_you	I’ll show you	Legenders（葛之葉雨彦、北村想楽、古論クリス）	4					
sidem_infinite_octave	Infinite Octave!	Altessimo（都築圭、神楽麗）	4					
sidem_know_only	K.now O.nly	THE 虎牙道（大河タケル、牙崎漣、円城寺道流）	4					
sidem_mermaid_fermata	mermaid fermata	Altessimo（神楽麗、都築圭）	4					
sidem_multiple_entertainment_show	Multiple Entertainment Show!	S.E.M（硲道夫、舞田類、山下次郎）	4					
sidem_one_life	ONE LIFE	Beit ＆ 神速一魂（鷹城恭二、ピエール、渡辺みのり、紅井朱雀、黒野玄武）	4					
sidem_piece_montee	Piece Montee	東雲荘一郎	4					
sidem_romantic_shaker	ROMANTIC SHAKER	伊集院北斗	4					
sidem_route77	ROUTE77	神速一魂（紅井朱雀、黒野玄武）	4					
sidem_season_in_the_five	SEASON IN THE FIVE	High×Joker（伊瀬谷四季、秋山隼人、若里春名、冬美旬、榊夏来）	4					
sidem_star_over_star	STAR over STAR	DRAMATIC STARS（天道輝、桜庭薫、柏木翼）	4					
sidem_stillnessmovement	Stillness≒Movement	神速一魂（紅井朱雀、黒野玄武）	4					
sidem_supernova	SUPERNOVA	THE 虎牙道（大河タケル、牙崎漣、円城寺道流）	4					
sidem_sweep_your_gloom	Sweep Your Gloom	葛之葉雨彦	4					
sidem_trust_me_now	Trust me now	C.FIRST（天峰秀、花園百々人、眉見鋭心）	4					
sidem_waving_flags	Waving FLAGS	F-LAGS（秋月涼、九十九一希、兜大吾）	4					
sidem_worldwide_ambitions	“W”orldwide Ambitions!	蒼井悠介	4					
sidem_yell_of_delight	YELL OF DELIGHT	Ｗ（蒼井享介、蒼井悠介）	4					
sidem_いつかのトライアングル	いつかのトライアングル	Jupiter＆Beit＆THE 虎牙道（天ヶ瀬冬馬、御手洗翔太、伊集院北斗、鷹城恭二、ピエール、渡辺みのり、大河タケル、牙崎漣、円城寺道流）	4					
sidem_そだてったいむかぷせる	そだてっ！たいむかぷせる	もふもふえん（岡村直央、橘志狼、姫野かのん）	4					
sidem_だいぶいんとぅにゅわあるど	だいぶ・いんとぅ・にゅ〜・わあるど！	猫柳キリオ	4					
sidem_もふデビうぉんてっど	もふデビ★うぉんてっど	もふもふえん（岡村直央、橘志狼、姫野かのん）	4					
sidem_トレジャーパーティー	トレジャー・パーティー！	蒼井悠介、木村龍、若里春名	4					
sidem_フェイバリットに踊らせて	フェイバリットに踊らせて	水嶋咲	4					
sidem_リトルマイシューズ	リトルマイシューズ	橘志狼	4					
sidem_リフレインアトリウム	リフレインアトリウム	Legenders（葛之葉雨彦、北村想楽、古論クリス）	4					
sidem_新世代ワールドビッグスター	新世代ワールド・ビッグスター！	橘志狼	4					
sidem_永遠なる四銃士	永遠なる四銃士	天道輝、握野英雄、紅井朱雀、葛之葉雨彦	4					
sidem_漢一貫ロックンロール	漢一貫ロックン・ロール	紅井朱雀	4					
sidem_素敵にcon_grazia	素敵にCon grazia！	伊集院北斗	4					
sidem_組曲_-to_all_ages_concerto-	組曲 -to All Ages Concerto-	Altessimo（都築圭、神楽麗）・彩（猫柳キリオ、華村翔真、清澄九郎）	4					
765as_7_colors	7 colors	今井麻美	3					
765as_coming_smile	Coming Smile	如月千早	3					
765as_crimson_lovers	CRIMSON LOVERS	天海春香、如月千早	3					
765as_ever_rising	EVER RISING	奥空心白、亜夜	3					
765as_flower_knows	Flower Knows	高槻やよい、水瀬伊織	3					
765as_funny_logic	Funny Logic	高槻やよい、双海亜美/真美	3					
765as_heart_and_soul	HEART AND SOUL	沼倉愛美、原由実、浅倉杏美	3					
765as_im_yours	I'm yours	天海春香	3					
765as_its_show	It's Show	如月千早、水瀬伊織、秋月律子、菊地真、萩原雪歩、音無小鳥	3					
765as_lemonade	LEMONADE	萩原雪歩、三浦あずさ	3					
765as_okey-dokey	Okey-dokey	今井麻美、たかはし智秋	3					
765as_session	SESSION!	Project LUMINOUS（天海春香、水瀬伊織、菊地真、我那覇響、安部菜々、双葉杏、春日未来、大崎甘奈、大崎甜花、奥空心白）	3					
765as_shadowless	SHADOWLESS	今井麻美	3					
765as_slapp_happy	Slapp Happy!!!	如月千早、高槻やよい、水瀬伊織	3					
765as_the_idolmster_初星-mix	THE IDOLM@STER 初星-mix	765PRO ALLSTARS（天海春香、如月千早、萩原雪歩、高槻やよい、秋月律子、三浦あずさ、水瀬伊織、菊地真、双海亜美、双海真美、星井美希、四条貴音、我那覇響）	3					
765as_vertex_meister	Vertex Meister	如月千早、秋月律子、菊地真、四条貴音、我那覇響	3					
765as_we_just_started	We just started	星井美希、四条貴音、秋月律子	3					
765as_いっしょ	いっしょ	天海春香、高槻やよい、星井美希、三浦あずさ、双海亜美、双海真美	3					
765as_さよならをありがとう	さよならをありがとう	天海春香	3					
765as_ぜんぜんあいたい	ぜんぜんあいたい	沼倉愛美、浅倉杏美、原由実	3					
765as_アイ_must_go	アイ MUST GO！	天海春香、島村卯月、春日未来	3					
765as_オハヨサンシャイン	オハヨ○サンシャイン	やよい、伊織、響、亜美、真美	3					
765as_ギフト	ギフト	今井麻美	3					
765as_コイココロ	コイ・ココロ	三浦あずさ	3					
765as_スキ	スキ	天海春香、如月千早、双海亜美	3					
765as_チェリー	チェリー	天海春香、水瀬伊織、我那覇響、秋月律子、菊地真、萩原雪歩	3					
765as_僕たちのresistance	僕たちのResistance	星井美希、如月千早、高槻やよい、我那覇響	3					
765as_初恋_一章_片想いの桜	初恋 〜一章 片想いの桜〜	星井美希、四条貴音、我那覇響	3					
765as_幸	幸	音無小鳥	3					
765as_白い犬	白い犬	高槻やよい、秋月律子、双海亜美	3					
765as_翼	翼	音無小鳥	3					
765as_聖炎の女神	聖炎の女神	四条貴音、秋月律子	3					
765as_蒼い鳥mster_version_tv_arrange	蒼い鳥(M@STER VERSION) ～TV ARRANGE～	如月千早	3					
765as_静かな夜に願いを	静かな夜に願いを…	如月千早	3					
876_catchafire	Catch a Fire		3					
876_field_on_me	FIELD ON ME	#ヴイアラ（灯里愛夏、上水流宇宙、レトラ）	3					
876_haiironokokoro	Haiiro no kokoro		3					
876_lifelikealive	Life Like a Live!		3					
876_nda	NDA		3					
876_no8	No.8	上水流宇宙	3					
876_どうせ	どうせ		3					
876_エンジェルドリーム	エンジェル ドリーム		3					
876_クリスタライン	クリスタライン	vα-liv（灯里愛夏、上水流宇宙、レトラ）	3					
876_シルエット	シルエット		3					
876_プリコグ	プリコグ	水谷絵理	3					
876_メタモルフォシス	メタモルフォシス		3					
876_創聖のアクエリオン	創聖のアクエリオン		3					
876_星詠みの唄	星詠みの唄		3					
876_焼ケ鮭	焼ケ鮭		3					
961_alice_or_guilty	Alice or Guilty	Jupiter（天ヶ瀬冬馬、御手洗翔太、伊集院北斗）	3					
961_アクセルレーション	アクセルレーション	玲音	3					
961_アライアンススターダスト	アライアンス・スターダスト	ZWEIGLANZ（玲音、詩花）	3					
cg_ace	ACE	結城晴	3					
cg_bright_blue	Bright Blue	鷺沢文香	3					
cg_clock_hands	Clock Hands	白雪千夜	3					
cg_comic_cosmic	comic cosmic	佐久間まゆ、久川颯、中野有香、佐々木千枝、堀裕子	3					
cg_d-ark_l-ilys_grin	D-ark L-ily's Grin	モノクロームリリィ（速水奏、北条加蓮）	3					
cg_dreaming_star	Dreaming Star	相葉夕美	3					
cg_enishi	Enishi	羽衣小町（小早川紗枝、塩見周子）	3					
cg_great_journey	Great Journey	new generations（島村卯月、渋谷凛、本田未央）	3					
cg_loveハズカム	LOVE☆ハズカム	藤本里奈	3					
cg_majoram_therapie	Majoram Therapie	夢見りあむ、西園寺琴歌、大槻唯、北条加蓮	3					
cg_max_beat	Max Beat	高垣楓、鷹富士茄子、二宮飛鳥、松永涼、大和亜季	3					
cg_nebula_sky	Nebula Sky	アナスタシア	3					
cg_neon_sphere	Neon Sphere	LiPPS（速水奏、塩見周子、城ヶ崎美嘉、宮本フレデリカ、一ノ瀬志希）	3					
cg_next_chapter	Next Chapter	佐藤心、一ノ瀬志希、ライラ、鷹富士茄子、鷺沢文香	3					
cg_no_one_knows	No One Knows	∫nTegrαl（八神マキノ、速水奏、荒木比奈、北条加蓮）	3					
cg_private_sign	Private Sign	塩見周子	3					
cg_proust_effect	PROUST EFFECT	一ノ瀬志希	3					
cg_spring_screaming	Spring Screaming	喜多見柚、本田未央、龍崎薫	3					
cg_takamariclimaxxx	TAKAMARI☆CLIMAXXX!!!!!	喜多日菜子、喜多見柚、南条光、日野茜、姫川友紀	3					
cg_voyage	Voyage	新田美波	3					
cg_white_again	White again	小早川紗枝、櫻井桃華、島村卯月	3					
cg_øωøver_-heart_beat_version-	ØωØver!! -Heart Beat Version-	デレパジ	3					
cg_あこがれステッチ	あこがれステッチ	佐々木千枝	3					
cg_ほほえみdiary	ほほえみDiary	インディゴ・ベル（高森藍子、道明寺歌鈴）	3					
cg_まほうのまくら	まほうのまくら	ららりる（遊佐こずえ、双葉杏）	3					
cg_もしもカワイイが世界からなくなっても	もしも「カワイイ」が世界からなくなっても	カワスウィーティーなボクはぁと(仮)（輿水幸子、佐藤心）	3					
cg_よりみちリトルスター	よりみちリトルスター	U149（橘ありす、櫻井桃華、赤城みりあ、的場梨沙、結城晴、佐々木千枝、龍崎薫、市原仁奈、古賀小春）	3					
cg_アッパレmaharajapaaan	アッパレ♪Mahara★Japaaan!	セクシーギルティ（堀裕子、片桐早苗、及川雫）	3					
cg_グッデイグッナイ	グッデイ・グッナイ	U149（橘ありす、櫻井桃華、赤城みりあ、的場梨沙、結城晴、佐々木千枝、龍崎薫、市原仁奈、古賀小春）	3					
cg_ソウソウ	ソウソウ	ナターリア	3					
cg_チカライズぱわー	チカラ！イズ！ぱわー！！	サイキックヒーツ（日野茜、堀裕子）	3					
cg_チョコレートレモネードどっち	チョコレート？レモネード？どっち？？	乙倉悠貴、関裕美、白菊ほたる、早坂美玲、黒埼ちとせ	3					
cg_ハートボイルドウォーズ	ハートボイルドウォーズ	ガンズパーティー（大和亜季、村上巴、片桐早苗）	3					
cg_ヒカリシンコキュウミライ	ヒカリ→シンコキュウ→ミライ	中野有香	3					
cg_メッセージ_-future_picopico_remix-	メッセージ -Future PicoPico Remix-	CINDERELLA PROJECT	3					
cg_ラヴィアンローズ	ラヴィアンローズ	櫻井桃華	3					
cg_全開ミラクルアドベンチャー	全開！ミラクルアドベンチャー！	はぴのす（浅利七海、安部菜々、前川みく）	3					
cg_君への詩	君への詩	安部菜々、本田未央、北条加蓮、鷹富士茄子、鷺沢文香	3					
cg_堕ちる果実	堕ちる果実	Fortuna Regina（神崎蘭子、黒埼ちとせ）	3					
cg_夏祭り	夏祭り		3					
cg_太陽の絵の具箱	太陽の絵の具箱	Sonoritia（緒方智絵里、依田芳乃、遊佐こずえ、佐城雪美）	3					
cg_日々あどべんちゃーなのでしてー	日々あどべんちゃーなのでしてー	依田芳乃	3					
cg_書きかけのラブレター	書きかけのラブレター	ワンステップス（関裕美、白菊ほたる、森久保乃々）	3					
cg_流星浪漫	流星浪漫	星纏天女（鷺沢文香、鷹富士茄子）	3					
cg_無限lpだlove	無限L∞PだLOVE♡	辻野あかり、佐久間まゆ、多田李衣菜、神崎蘭子、木村夏樹、二宮飛鳥、ナターリア、黒埼ちとせ	3					
cg_碧空ノ一路	碧空ノ一路	脇山珠美	3					
cg_輝く世界の魔法_-magical_step_forward_remix-	輝く世界の魔法　-Magical Step Forward Remix-	THE IDOLM@STER CINDERELLA GIRLS!、アナスタシア、高垣楓、輿水幸子、渋谷凛	3					
gakuen_36c_ubu	36℃ U･B･U	姫崎莉波	3					
gakuen_love_joy	Love & Joy	紫雲清夏	3					
gakuen_sugar_flavor	SUGAR FLAVOR	有村麻央、姫崎莉波	3					
gakuen_sweet_magic	Sweet Magic	有村麻央	3					
gakuen_かちドキ	かちドキ	藤田ことね	3					
gakuen_つよつよ最強エクササイズ	つよつよ最強エクササイズ	花海佑芽	3					
gakuen_三分半の創世	三分半の創世	雨夜燕	3					
gakuen_憧れをいっぱい	憧れをいっぱい	倉本千奈	3					
gakuen_桜フォトグラフ	桜フォトグラフ	葛城リーリヤ、紫雲清夏、花海咲季	3					
gakuen_見て	見て	有村麻央	3					
ml_beat_the_world	Beat the World!!!	菊地真×舞浜歩	3					
ml_bigバルーン	Bigバルーン◎	双海亜美、永吉昴、野々原茜、馬場このみ	3					
ml_bonnes_bonnes_vacances	Bonnes! Bonnes!! Vacances!!!	リブラ（伊吹翼、佐竹美奈子、福田のり子）	3					
ml_border_line	Border LINE→→→♡	百瀬莉緒	3					
ml_cheer_up_hearts_up	CHEER UP! HEARTS UP!	望月杏奈、矢吹可奈、天海春香、ジュリア	3					
ml_deep_deep_blue	Deep, Deep Blue	ダイヤモンドダイバー◇（高槻やよい、天海春香、我那覇響）	3					
ml_eternal_spiral	Eternal Spiral	高槻やよい×矢吹可奈	3					
ml_flooding	Flooding	クレシェンドブルー（最上静香、北上麗花、北沢志保、野々原茜、箱崎星梨花）	3					
ml_hang_in_there	Hang In There!	Jus-2-Mint（佐竹美奈子、横山奈緒）	3					
ml_home_is_a_coming_now	Home is a coming now!	横山奈緒	3					
ml_home_run_song	HOME RUN SONG♪	永吉昴	3					
ml_impressionlocomotion	IMPRESSION→LOCOMOTION！	ロコ	3					
ml_just_be_myself	Just be myself!!	如月千早	3					
ml_no_curry_no_life	NO CURRY NO LIFE	カプリコーン（望月杏奈、百瀬莉緒、矢吹可奈）	3					
ml_paradox_of_love	Paradox of LOVE	chicAAmor（高山紗代子、豊川風花、ジュリア、二階堂千鶴）	3					
ml_ps_i_love_you	P.S I Love You	ピスケス（篠宮可憐、天空橋朋花、二階堂千鶴）	3					
ml_refrain_reltion	REFRAIN REL@TION	MILLIONSTARS Team8th（春日未来、最上静香、伊吹翼、桜守歌織、白石紬）	3					
ml_silent_joker	Silent Joker	真壁瑞希	3					
ml_special_wonderful_smile	Special Wonderful Smile	Fleuranges（篠宮可憐、箱崎星梨花、木下ひなた、宮尾美也）	3					
ml_take3_2_1_space	Take！3. 2. 1. → S・P・A・C・E↑↑	松田亜利沙	3					
ml_thank_you_-mr_remix-	Thank You! -MR remix-	春日未来、最上静香、箱崎星梨花	3					
ml_world_changer	World Changer	如月千早、星井美希、菊地真、エミリー スチュアート、天海春香	3					
ml_world_wide_dance	WORLD WIDE DANCE!!!	菊地真	3					
ml_wow_i_need_シンギングモンキー_歌唱拳	WOW! I NEED!! 〜シンギングモンキー 歌唱拳〜	双海真美	3					
ml_ふたり繋ぐ星座	ふたり繋ぐ星座	北上麗花	3					
ml_アイドルステアウェイ	アイドルステアウェイ	周防桃子、高坂海美、徳川まつり、豊川風花	3					
ml_シャクネツのパレード	シャクネツのパレード	島原エレナ	3					
ml_シルエット	シルエット	田中琴葉	3					
ml_シークレットジュエル_魅惑の金剛石	シークレットジュエル 〜魅惑の金剛石〜	水瀬伊織、宮尾美也、春日未来、桜守歌織、周防桃子	3					
ml_トワラー	トワラー	MILLIONSTARS Team7th（ジュリア、北上麗花、舞浜歩、矢吹可奈）	3					
ml_フシギトラベラー	フシギトラベラー	TRICK&TREAT（北上麗花、野々原茜）	3					
ml_フリースタイルトップアイドル	フリースタイル・トップアイドル！	ARMooo（双海真美、秋月律子、双海亜美）	3					
ml_プリティッニャンニャンッ	プリティ〜〜〜ッ→ニャンニャンッ！	野々原茜	3					
ml_マイペースマイウェイ	マイペース☆マイウェイ	福田のり子	3					
ml_君との明日を願うから	君との明日を願うから	春日未来、最上静香、伊吹翼	3					
ml_地球儀にない国	地球儀にない国	七尾百合子	3					
ml_夜と明かりと	夜と、明かりと。	Sherry’n Cherry（馬場このみ、百瀬莉緒）	3					
ml_恋のwawon	恋のWa・Wo・N	七尾百合子	3					
ml_教えてlast_note	教えてlast note…	篠宮可憐	3					
ml_星宙のvoyage	星宙のVoyage	オペラセリア・煌輝座（北沢志保、桜守歌織、田中琴葉、徳川まつり）	3					
ml_春風満帆スターティング	春風満帆スターティング	萩原雪歩、福田のり子、菊地真、永吉昴、最上静香	3					
ml_求ム_vs_マイフューチャー	求ム VS マイ・フューチャー	福田のり子	3					
ml_海風とカスタネット	海風とカスタネット	MILLIONSTARS Team2nd（高坂海美、篠宮可憐、福田のり子、真壁瑞希、百瀬莉緒）	3					
ml_涙を知ること	涙を知ること	桜守歌織、大神環、ジュリア、中谷育	3					
sc_365日のストーリー	365日のストーリー	ノクチル（浅倉透、樋口円香、福丸小糸、市川雛菜）	3					
sc_cmon_join_us	C'mon! Join Us	シャイニーカラーズ（櫻木真乃、風野灯織、八宮めぐる、月岡恋鐘、田中摩美々、白瀬咲耶、三峰結華、幽谷霧子、小宮果穂、園田智代子、西城樹里、杜野凛世、有栖川夏葉、大崎甘奈、大崎甜花、桑山千雪、芹沢あさひ、黛冬優子、和泉愛依、浅倉透、樋口円香、福丸小糸、市川雛菜、七草にちか、緋田美琴、斑鳩ルカ、鈴木羽那、郁田はるき）	3					
sc_daydream_love	DAYDREAM LOVE	アルストロメリア（大崎甘奈、大崎甜花、桑山千雪）	3					
sc_koikyun	KoiKyun！	イルミネーションスターズ（櫻木真乃、風野灯織、八宮めぐる）	3					
sc_migratory_echoes	Migratory Echoes	シャイニーカラーズ	3					
sc_one_live_one_love	One Live One Love	ストレイライト	3					
sc_swing_it	Swing it!	ノクチル（浅倉透、樋口円香、福丸小糸、市川雛菜）	3					
sc_アイノウ	アイノウ	コメティック（斑鳩ルカ、鈴木羽那、郁田はるき）	3					
sc_ブレイクアウトセレンディピティ	ブレイク・アウト・セレンディピティ	アンティーカ（月岡恋鐘、田中摩美々、白瀬咲耶、三峰結華、幽谷霧子）	3					
sc_愛しき日々	愛しき日々	ノクチル（浅倉透、樋口円香、福丸小糸、市川雛菜）	3					
sc_月影のアンシェネ	月影のアンシェネ	田中摩美々	3					
sc_秋の終わり僕の記憶	秋の終わり、僕の記憶	アンティーカ（月岡恋鐘、田中摩美々、白瀬咲耶、三峰結華、幽谷霧子）	3					
sc_絶対正義_every_day	絶対正義 EVERY DAY	小宮果穂	3					
sc_進路は超銀河	進路は超銀河	放課後クライマックスガールズ（小宮果穂、園田智代子、西城樹里、杜野凛世、有栖川夏葉）	3					
sc_運命前夜	運命前夜	アンティーカ（月岡恋鐘、田中摩美々、白瀬咲耶、三峰結華、幽谷霧子）	3					
sc_銀翼のアヴニール_-become_the_brave-	銀翼のアヴニール -become the brave-	アンティーカ（月岡恋鐘、田中摩美々、白瀬咲耶、三峰結華、幽谷霧子）	3					
sidem_a_cup_of_happiness	A CUP OF HAPPINESS	神谷幸広	3					
sidem_after_the_rain	AFTER THE RAIN	Ｗ（蒼井享介、蒼井悠介）	3					
sidem_amber_color_oasis	Amber Color Oasis	FRAME（握野英雄、木村龍、信玄誠司）	3					
sidem_asterisk	ASTERISK	DRAMATIC STARS（天道輝、桜庭薫、柏木翼）	3					
sidem_beginning_tomorrow	Beginning Tomorrow	天道輝	3					
sidem_bet_your_intuition	Bet your intuition!	FRAME&S.E.M&Legenders（握野英雄、木村龍、信玄誠司、硲道夫、舞田類、山下次郎、葛之葉雨彦、北村想楽、古論クリス）	3					
sidem_casually	Casually!	F-LAGS（秋月涼、兜大吾、九十九一希）	3					
sidem_change_to_chance	Change to Chance	DRAMATIC STARS（天道輝、桜庭薫、柏木翼）	3					
sidem_dance_in_the_school	Dance in the school！	S.E.M（硲道夫、舞田類、山下次郎）	3					
sidem_delicious_delivery	Delicious Delivery	Café Parade（神谷幸広、東雲荘一郎、アスラン＝ベルゼビュートⅡ世、卯月巻緒、水嶋咲）	3					
sidem_dramatic_anthem	Dramatic Anthem	DRAMATIC STARS ＆ S.E.M（天道輝、桜庭薫、柏木翼、硲道夫、舞田類、山下次郎）	3					
sidem_fine_day_find_way	Fine Day！ Find Way！	DRAMATIC STARS & 神速一魂 & F-LAGS（天道輝、桜庭薫、柏木翼、紅井朱雀、黒野玄武、秋月涼、九十九一希、兜大吾）	3					
sidem_flowing_freedom	Flowing Freedom	北村想楽	3					
sidem_give_me_fusion	GIVE ME × FUSION	卯月巻緒	3					
sidem_go_next	GO NEXT	天峰秀	3					
sidem_godspeed_ignition	Godspeed IGNITION!!	神速一魂（紅井朱雀、黒野玄武）	3					
sidem_great_sympathy	Great Sympathy	W（蒼井享介、蒼井悠介）	3					
sidem_hundreds_color	Hundreds Color	花園百々人	3					
sidem_hungry	Hungry?	THE 虎牙道（大河タケル、牙崎漣、円城寺道流）	3					
sidem_inner_dignity	Inner Dignity	Jupiter（天ヶ瀬冬馬、御手洗翔太、伊集院北斗）	3					
sidem_journey_joy_blend	Journey JOY Blend	神谷幸広	3					
sidem_karma	KARMA	眉見鋭心	3					
sidem_learning_message	Learning Message	硲道夫	3					
sidem_made_in_	Made in「 ♪ 」	F-LAGS（秋月涼、兜大吾、九十九一希）	3					
sidem_make_up_magic	Make up↑ Magic	水嶋咲	3					
sidem_one_to_dream	ONE to DREAM！	FRAME（握野英雄、木村龍、信玄誠司）	3					
sidem_planet_scape	Planet scape	Jupiter（天ヶ瀬冬馬、御手洗翔太、伊集院北斗）	3					
sidem_precious_tone	PRECIOUS TONE	秋山隼人	3					
sidem_purelykindly	Purely&Kindly	ピエール、榊夏来、蒼井享介、清澄九郎	3					
sidem_radiant_letter	Radiant Letter	Jupiter（天ヶ瀬冬馬、伊集院北斗、御手洗翔太）	3					
sidem_road_to_the_future	ROAD TO THE FUTURE	円城寺道流	3					
sidem_rule_牙ヲ穿テヨ	RULE 〜牙ヲ穿テヨ〜	牙崎漣	3					
sidem_sash_of_smile	SASH OF SMILE	兜大吾	3					
sidem_sparkle_sign	SPARKLE SIGN	木村龍	3					
sidem_sugaring_off_party	Sugaring Off Party!	秋山隼人、卯月巻緒、神楽麗、岡村直央	3					
sidem_this_is_it	THIS IS IT!	舞田類	3					
sidem_tick_tack_voice	Tick Tack Voice	信玄誠司	3					
sidem_tricolor_rendezvous	Tricolor Rendezvous	F-LAGS（秋月涼、兜大吾、九十九一希）	3					
sidem_true_horizon	True Horizon	天ヶ瀬冬馬、天道輝、天峰秀	3					
sidem_wonderful_tactics	“W”onderful Tactics!	蒼井享介	3					
sidem_yell_song	Yell Song	秋月涼	3					
sidem_その場所へ行くために-keep_on_fighting-	その場所へ行くために-KEEP ON FIGHTING-	大河タケル	3					
sidem_はるかぜバトン	はるかぜバトン	もふもふえん（岡村直央、橘志狼、姫野かのん）	3					
sidem_はんどめいどきみはーと	はんどめいど・きみはーと！	もふもふえん（岡村直央、橘志狼、姫野かのん）	3					
sidem_わんだーまーちんぐ	わんだー×まーちんぐ！	もふもふえん（岡村直央、橘志狼、姫野かのん）	3					
sidem_アトモスフィア	アトモスフィア	握野英雄	3					
sidem_エウレカダイアリー	エウレカダイアリー	Beit（鷹城恭二、ピエール、渡辺みのり、舞田類、山下次郎）	3					
sidem_オモイノウタ	オモイノウタ	神速一魂（紅井朱雀、黒野玄武）	3					
sidem_カレイド_tourhythm	カレイド TOURHYTHM	Jupiter（天ヶ瀬冬馬、御手洗翔太、伊集院北斗、蒼井悠介）	3					
sidem_スカイスケープノート	スカイスケープノート	柏木翼	3					
sidem_トキメキぷろろーぐ	トキメキ・ぷろろーぐ!	岡村直央	3					
sidem_ナツゾラrecords	ナツゾラRecords	榊夏来	3					
sidem_ミュージアムジカ	ミュージアムジカ	W＆Café Parade＆もふもふえん（蒼井享介、蒼井悠介、神谷幸広、東雲荘一郎、アスラン＝ベルゼビュートⅡ世、卯月巻緒、水嶋咲、岡村直央、橘志狼、姫野かのん）	3					
sidem_伝えたいのはこんなきもち	伝えたいのはこんなきもち	もふもふえん（岡村直央、橘志狼、姫野かのん）	3					
sidem_冬の日のエトランゼ	冬の日のエトランゼ	DRAMATIC STARS（天道輝、桜庭薫、柏木翼、Beit[鷹城恭二、ピエール、渡辺みのり）	3					
sidem_劇星戦隊ドラスターズ	劇星☆戦隊ドラスターズ	DRAMATIC STARS（天道輝、桜庭薫、柏木翼）	3					
sidem_千客万来ニーハオサァカス	千客万来ニーハオサァカス！	御手洗翔太、渡辺みのり、大河タケル、兜大吾	3					
sidem_威風堂々と	威風堂々と	黒野玄武	3					
sidem_筆跡の彼方	筆跡の彼方	九十九一希	3					
sidem_縁会entertainments	縁会！〜ENTERTAINMENTS！〜	彩（猫柳キリオ、華村翔真、清澄九郎）	3					
sidem_魔法のステアー	魔法のステアー	ピエール	3					
765as_advance	Advance	原紗友里＆青木瑠璃子 from CINDERELLA PARTY!	2					
765as_continue	continue	原由実	2					
765as_crescent_maze	Crescent Maze	原由実	2					
765as_endless_tour	ENDLESS TOUR	春日未来、最上静香、箱崎星梨花	2					
765as_fly_high	Fly High!	如月千早	2					
765as_good-byes	Good-Byes	高槻やよい	2					
765as_happy_christmas	Happy Christmas	天海春香、如月千早、双海亜美／真美、三浦あずさ、四条貴音、我那覇響	2					
765as_its_alright	It's ALRIGHT!	沼倉愛美	2					
765as_jump	J☆U☆M☆P	天海春香、高槻やよい、星井美希	2					
765as_labyrinth	Labyrinth	高槻やよい	2					
765as_large_size_party	Large Size Party	三浦あずさ、四条貴音、如月千早	2					
765as_mon_chéri	mon chéri	Honey Citrus	2					
765as_my_wish	My Wish	星井美希、高槻やよい、萩原雪歩、菊地真、水瀬伊織、秋月律子	2					
765as_new_me_continued	New Me, Continued	765PRO ALLSTARS	2					
765as_nostalgia	Nostalgia	星井美希	2					
765as_readychange_special_edition	READY!!＆CHANGE!!!! SPECIAL EDITION	765PRO ALLSTARS	2					
765as_reward_sweets	Reward Sweets	春日未来、最上静香、箱崎星梨花	2					
765as_second_livingroom	SECOND LIVINGROOM	春日未来、最上静香、箱崎星梨花	2					
765as_shooting	Shooting!!!	星井美希	2					
765as_strawberry_pain	Strawberry pain	沼倉愛美	2					
765as_さんぶんのいち	さんぶんのいち	春日未来、最上静香、箱崎星梨花	2					
765as_はっぴぃほりっく	はっぴぃ☆ほりっく	今井麻美、原由実、沼倉愛美	2					
765as_ぷちどるのうた	ぷちどるのうた	天海春香、秋月律子、菊地真、四条貴音	2					
765as_まほろば	まほろば	高槻やよい	2					
765as_キミチャンネル	キミ＊チャンネル	天海春香	2					
765as_サンタが町にやってくる	サンタが町にやってくる		2					
765as_ソナー	ソナー	水瀬伊織	2					
765as_プラソニックラブ	プラ・ソニック・ラブ！	高槻やよい	2					
765as_微熱sos_	微熱S.O.S!!	橋本みゆき	2					
765as_炎ノ鳥	炎ノ鳥	四条貴音	2					
765as_虹のデスティネーション	虹のデスティネーション	星井美希、萩原雪歩、水瀬伊織、三浦あずさ	2					
765as_見つめて	見つめて	萩原雪歩、四条貴音	2					
765as_輝夜	輝夜	如月千早	2					
765as_青い珊瑚礁	青い珊瑚礁		2					
876_dye_bad_day	DYE BAD DAY	#ヴイアラ（灯里愛夏、上水流宇宙、レトラ）	2					
876_eternalrose	ETERNAL ROSE		2					
876_ignite	IGNITE		2					
876_koiwazurai	KOI WAZURAI		2					
876_mistylove	Misty Love		2					
876_preciousnight	PRECIOUS NIGHT		2					
876_shininmagic	Shinin' Magic		2					
876_stayme	Stay me		2					
876_syncmylights	Sync My Lights		2					
876_はらぺこ泣き虫	はらぺこ泣き虫	灯里愛夏	2					
876_アイドル狂戦士	アイドル狂戦士		2					
876_エキセントリックラブ	エキセントリック・ラブ	灯里愛夏	2					
876_ソライロ	ソライロ！	876PRO ALLSTARS（日高愛、水谷絵理、秋月涼、灯里愛夏、上水流宇宙、レトラ）	2					
876_ドーナツホール	ドーナツホール		2					
876_ビビデバ	ビビデバ		2					
876_ワンダーモモ	ワンダーモモ		2					
961_アルティメットアイズ	アルティメットアイズ	玲音	2					
961_インセインゲーム	インセインゲーム	星井美希、我那覇響、四条貴音	2					
cg_athanasia	Athanasia	ナターリア、小早川紗枝、白坂小梅	2					
cg_dear_my_dreamers	Dear My Dreamers	姫川友紀	2					
cg_delight	DELIGHT	本田未央	2					
cg_everafter	EVERAFTER	島村卯月、大石泉、夢見りあむ、早坂美玲、西園寺琴歌、大槻唯、森久保乃々、速水奏、的場梨沙、一ノ瀬志希	2					
cg_ezdodance	EZ DO DANCE		2					
cg_fine美しき終焉	Fin[e]〜美しき終焉〜	一ノ瀬志希、黒埼ちとせ	2					
cg_frost	Frost	神谷奈緒、神崎蘭子、脇山珠美	2					
cg_godknows	God knows…		2					
cg_hardcore_toyworld	Hardcore Toyworld	My-Style Revo（砂塚あきら、早坂美玲）	2					
cg_if	if	速水奏	2					
cg_joker	Joker	松永涼、大和亜季、中野有香、姫川友紀、前川みく	2					
cg_life_is_harmony	Life is HaRMONY	桐生つかさ、黒埼ちとせ、白菊ほたる、鷺沢文香、諸星きらり	2					
cg_lovedestiny_-jealous_prisoner_remix-	Love∞Destiny -Jealous prisoner Remix-	Masque:Rade（佐久間まゆ、北条加蓮、小日向美穂、多田李衣菜、緒方智絵里）	2					
cg_lovepeach	LOVE & PEACH		2					
cg_lunatic_show_for_ss3a_rearrange_mix	Lunatic Show 〜For SS3A rearrange Mix〜	喜多見柚、村上巴	2					
cg_mysweetheart	my sweet heart		2					
cg_nocturne_for_ss3a_rearrange_mix	Nocturne 〜For SS3A Rearrange Mix〜	高垣楓、川島瑞樹	2					
cg_reflective_illumination_night	Reflective illumination night	渋谷凛	2					
cg_secret_mirage	Secret Mirage	Rêve Pur（水本ゆかり、小早川紗枝）	2					
cg_shabon_song_for_ss3a_rearrange_mix	shabon song ～For SS3A rearrange Mix～	及川雫、棟方愛海	2					
cg_story	STORY	島村卯月、本田未央、渋谷凛、神谷奈緒、北条加蓮	2					
cg_to_you_for_me	to you for me	橘ありす	2					
cg_we_wish_your_smile	We wish your smile	メリー・ベル（望月聖、イヴ・サンタクロース）	2					
cg_あいくるしい_for_ss3a_rearrange_mix	あいくるしい 〜For SS3A rearrange Mix〜	関裕美、森久保乃々	2					
cg_さやけき花の生命に	さやけき花の生命に	フィオレンティナ（西園寺琴歌、相葉夕美）	2					
cg_ひまわりマークをさがせ	ひまわりマークをさがせ！	龍崎薫	2					
cg_ぴにゃこら太絵かき歌	ぴにゃこら太絵かき歌	島村卯月	2					
cg_みなぎれボボボンバー	みなぎれ！ボボボンバー	日野茜	2					
cg_アップルパイプリンセス	アップルパイ・プリンセス	十時愛梨	2					
cg_キセキの証	キセキの証	鷺沢文香、一ノ瀬志希、神谷奈緒、高森藍子、佐久間まゆ	2					
cg_キラメキ	キラメキ☆	U149（橘ありす、櫻井桃華、赤城みりあ、的場梨沙、結城晴、佐々木千枝、龍崎薫、市原仁奈、古賀小春）	2					
cg_ココカラミライヘ	ココカラミライヘ！	十時愛梨、神崎蘭子、渋谷凛、塩見周子、島村卯月、高垣楓、安部菜々、本田未央、北条加蓮、鷺沢文香	2					
cg_セレブレイトスターレイル	セレブレイト・スターレイル	西園寺琴歌	2					
cg_ハピガ	ハピガ！	輿水幸子	2					
cg_ハンドメイドスマイル	ハンドメイドスマイル	関裕美	2					
cg_パジャマジャマ	パジャマジャマ	依田芳乃、辻野あかり、島村卯月、神谷奈緒、佐久間まゆ	2					
cg_フレデリカ猫やめるよ	フレデリカ、猫やめるよ	宮本フレデリカ	2					
cg_メサイア	メサイア	望月聖	2					
cg_メモリーブロッサム	メモリーブロッサム	フェスタ・フェリーチェ（西園寺琴歌、白菊ほたる、高森藍子、五十嵐響子、水本ゆかり）	2					
cg_ワタシ御伽ばなシ	ワタシ御伽ばなシ	ファブラ・フォリオ（ライラ、古賀小春、喜多日菜子、双葉杏、森久保乃々）	2					
cg_反逆的同一性_-rebellion_identity-	反逆的同一性 -Rebellion Identity-	二宮飛鳥	2					
cg_大阪タコちゃんラブちゃん	大阪タコちゃんラブちゃん	難波笑美	2					
cg_恒久のユニバース	恒久のユニバース	BRIGHT:LIGHTS（橘ありす、鷺沢文香）	2					
cg_熱情エナモラル	熱情エナモラル	依田芳乃、村上巴、佐藤心、夢見りあむ、久川凪	2					
cg_踊りまくろダンシングナイト	踊りまくろ☆ダンシング・ナイト	片桐早苗	2					
cg_銀河図書館	銀河図書館	鷺沢文香	2					
gakuen_atmosphere	Atmosphere	葛城リーリヤ	2					
gakuen_marble_heart	marble heart	姫崎莉波	2					
gakuen_search_right	SEARCH RIGHT	倉本千奈、姫崎莉波、花海佑芽、秦谷美鈴、十王星南、雨夜燕	2					
gakuen_try_it_now	Try it now	花海咲季	2					
gakuen_veil	VEIL	秦谷美鈴	2					
gakuen_wildest_flower	Wildest Flower	花海咲季	2					
gakuen_わかしさわがしスカパンク	わかし・さわがし・スカパンク	花海佑芽、秦谷美鈴、十王星南	2					
gakuen_カタマリオンザドゥン	カタマリオンザドゥン	花海咲季	2					
gakuen_サンフェーデッド	サンフェーデッド	篠澤広	2					
gakuen_一体いつから	一体いつから	月村手毬	2					
gakuen_初星体操第一	初星体操第一	根緒亜紗里	2					
gakuen_真っ白いページと水彩の主人公	真っ白いページと水彩の主人公	花海佑芽	2					
gakuen_空と約束	空と約束	倉本千奈	2					
gakuen_赤裸々	赤裸々	十王星南	2					
gakuen_雪解けに	雪解けに	有村麻央、月村手毬、倉本千奈	2					
ll_bokura_wa_ima_no_naka_de	僕らは今のなかで	アイドルマスターシリーズ（μ'sカバー）	2					
ll_cotton_candy_eieio	コットンキャンディえいえいおー！	降幡愛、シンデレラガールズU149メンバー他	2					
ll_guilty_night_guilty_kiss	Guilty Night, Guilty Kiss!	平山笑美、飯田友子、菅沼千紗	2					
ll_happy_nyan_days	Happy Nyan! Days	中澤ミナ、大西亜玖璃、伊藤美来	2					
ll_kirari_hirari	きらりひらり舞う桜	スクールアイドルミュージカル	2					
ll_miracle_new_story	MIRACLE NEW STORY	花宮初奈、Machico、降幡愛、山下七海、鈴原希実、岡咲美保、相良茉優	2					
ll_mix_shake	Mix shake!!	楡井希実、今井麻夏、降幡愛、末柄里恵	2					
ll_my_mai_tonight	MY舞☆TONIGHT	小市眞琴、花宮初奈、丸岡和佳奈	2					
ll_vivid_world	VIVID WORLD	朝香果林（久保田未夢）	2					
ll_we_will	WE WILL!!	法元明菜、渡部優衣、岬なこ、田嶌紗蘭	2					
ll_yume_no_compass	ゆめの羅針盤	スクールアイドルミュージカル	2					
ml_7days_a_week	7Days A Week!!	765 MILLION ALLSTARS（天海春香、春日未来、如月千早、木下ひなた、四条貴音、ジュリア、高山紗代子、田中琴葉、天空橋朋花、箱崎星梨花、松田亜利沙、三浦あずさ、水瀬伊織、最上静香、望月杏奈、矢吹可奈、エミリー スチュアート、大神環、我那覇響、菊地真、北上麗花、高坂海美、佐竹美奈子、島原エレナ、高槻やよい、永吉昴、野々原茜、馬場このみ、福田のり子、舞浜歩、真壁瑞希、百瀬莉緒、横山奈緒、秋月律子、伊吹翼、北沢志保、篠宮可憐、周防桃子、徳川まつり、所恵美、豊川風花、中谷育、七尾百合子、二階堂千鶴、萩原雪歩、ロコ、双海亜美、双海真美、星井美希、宮尾美也、白石紬、桜守歌織）	2					
ml_addicted	addicted	四条貴音	2					
ml_all_alone	All Alone	エミリー スチュアート、北上麗花、春日未来、北沢志保	2					
ml_bestest	Bestest!!	馬場このみ、天海春香、田中琴葉、中谷育、松田亜利沙	2					
ml_clovers_cry_神と神降ろしの少女	Clover's Cry 〜神と神降ろしの少女〜	横山奈緒、馬場このみ、秋月律子、大神環、木下ひなた	2					
ml_collier_de_perles	Collier De Perles	二階堂千鶴	2					
ml_come_on_a_tea_party	Come on a Tea Party!	箱崎星梨花	2					
ml_contrastet	Contrastet	桜守歌織	2					
ml_departure_from_the_life	DEpArture from THe life	ARCANA（三浦あずさ、如月千早、四条貴音）	2					
ml_dreamy_dream	Dreamy Dream	Xs（萩原雪歩、星井美希、菊地真、水瀬伊織）	2					
ml_girl_meets_wonder	Girl meets Wonder	箱崎星梨花、周防桃子、徳川まつり、我那覇響、永吉昴	2					
ml_hearty	Hearty!!	所恵美	2					
ml_heartデイズnight	Heart♡・デイズ・Night☆	野々原茜	2					
ml_illuminate	ilLUmiNAte!	ルナ（菊地真、如月千早、我那覇響、三浦あずさ）	2					
ml_iv	I.V.	真壁瑞希、七尾百合子、最上静香、百瀬莉緒、ロコ	2					
ml_king_of_spade	KING of SPADE	白石紬、我那覇響、豊川風花、野々原茜	2					
ml_little_trip_around_the_world	little trip around the world	エミリースチュアート×水瀬伊織	2					
ml_love_is_game	LOVE is GAME	天空橋朋花、高槻やよい、佐竹美奈子、七尾百合子	2					
ml_oli_oli_disco	Oli Oli DISCO	舞浜歩	2					
ml_play_go_round	Play GO! Round	大神環	2					
ml_poker_poker	POKER POKER	真壁瑞希	2					
ml_pomegranate	Pomegranate	二階堂千鶴、桜守歌織、島原エレナ、箱崎星梨花、ロコ	2					
ml_vivaアクアリズム	VIVA☆アクアリズム	ダイヤモンドダイバー◇（高槻やよい、天海春香、我那覇響）	2					
ml_さかしまの言葉	さかしまの言葉	白石紬	2					
ml_ゆえになんです	ゆえに…なんです	真壁瑞希	2					
ml_わたしルネサンス	わたしルネサンス	ロコ	2					
ml_ウェイダアイドル	ウェイ・ダ・アイドル	ARMooo（双海真美、秋月律子、双海亜美）	2					
ml_オレンジノキオク	オレンジノキオク	MILLIONSTARS Team3rd（田中琴葉、大神環、所恵美、豊川風花、七尾百合子）	2					
ml_カーテシーフラワー	カーテシーフラワー	高坂海美、三浦あずさ、中谷育	2					
ml_グッデイサンシャイン	グッデイ・サンシャイン!	中谷育	2					
ml_グローインミュージック	グローインミュージック！	矢吹可奈	2					
ml_ゲキテキムテキ恋したい	ゲキテキ！ムテキ！恋したい！	レオ（島原エレナ、中谷育、ロコ）	2					
ml_セブンカウント	セブンカウント	MILLIONSTARS（春日未来、木下ひなた、ジュリア、高山紗代子、田中琴葉、天空橋朋花、箱崎星梨花、松田亜利沙、最上静香、望月杏奈、矢吹可奈、エミリー スチュアート、大神環、北上麗花、高坂海美、佐竹美奈子、島原エレナ、永吉昴、野々原茜、馬場このみ、福田のり子、舞浜歩、真壁瑞希、百瀬莉緒、横山奈緒、伊吹翼、北沢志保、篠宮可憐、周防桃子、徳川まつり、所恵美、豊川風花、中谷育、七尾百合子、二階堂千鶴、ロコ、宮尾美也、白石紬、桜守歌織）	2					
ml_トレフルドノエル	トレフル・ド・ノエル	菊地真、真壁瑞希、島原エレナ、二階堂千鶴	2					
ml_ハッピ_エフェクト	ハッピ〜 エフェクト！	宮尾美也	2					
ml_パーフェクトゲーム	パーフェクトゲーム	永吉昴	2					
ml_リーチアップステップ	リーチ・アップ・ステップ！	周防桃子	2					
ml_勇気のfragrance	勇気のfragrance	篠宮可憐	2					
ml_夢みがちbride	夢みがちBride	我那覇響、横山奈緒、高坂海美、真壁瑞希、宮尾美也	2					
ml_朝焼けのクレッシェンド	朝焼けのクレッシェンド	田中琴葉	2					
ml_未完成のポラリス	未完成のポラリス	宮尾美也、望月杏奈、舞浜歩、横山奈緒	2					
ml_泣き空のち	泣き空、のち	伊吹翼	2					
ml_産声とクラブ	産声とクラブ	箱崎星梨花、三浦あずさ、高坂海美、ロコ	2					
ml_稲妻スピリット	稲妻スピリット	横山奈緒	2					
ml_紙心ペン心_-_shishinpenshin_-	紙・心・ペン・心 - SHISHINPENSHIN -	福田のり子、松田亜利沙、如月千早、北上麗花、高山紗代子	2					
ml_絵羽模様	絵羽模様	エミリー スチュアート	2					
ml_花びらメモリーズ	花びらメモリーズ	白石紬、佐竹美奈子、周防桃子、所恵美	2					
ml_週末だけのハーレクイン	週末だけのハーレクイン	百瀬莉緒	2					
other_survivaldance〜nonocrymore〜	survival dAnce 〜no no cry more〜		2					
sc_fading_stars	Fading Stars	シーズ（七草にちか、緋田美琴）	2					
sc_future_transit	Future Transit	ストレイライト（芹沢あさひ、黛冬優子、和泉愛依）	2					
sc_get_over	GET OVER	ストレイライト（芹沢あさひ、黛冬優子、和泉愛依）	2					
sc_mellow_mellow	mellow mellow	アルストロメリア（大崎甘奈、大崎甜花、桑山千雪）	2					
sc_migratory_echoes_アンティーカver	Migratory Echoes (アンティーカVer.)	アンティーカ（月岡恋鐘、田中摩美々、白瀬咲耶、三峰結華、幽谷霧子）	2					
sc_open_the_new_world	OPEN the New world	風野灯織、月岡恋鐘、有栖川夏葉、芹沢あさひ	2					
sc_queen_of_the_pirates	QUEEN OF THE PIRATES	アンティーカ（月岡恋鐘、田中摩美々、白瀬咲耶、三峰結華、幽谷霧子）	2					
sc_real_mind_shakes	Real Mind Shakes	ストレイライト（芹沢あさひ、黛冬優子、和泉愛依）	2					
sc_rewriting	REWRITING	イルミネーションスターズ（櫻木真乃、風野灯織、八宮めぐる）	2					
sc_sleepless_nights	Sleepless Nights	アルストロメリア（大崎甘奈、大崎甜花、桑山千雪）	2					
sc_snowflake	Snowflake	シーズ（七草にちか、緋田美琴）	2					
sc_summer_night_paradise	Summer Night Paradise	櫻木真乃、田中摩美々、有栖川夏葉、桑山千雪、和泉愛依、樋口円香、緋田美琴、鈴木羽那	2					
sc_the_last_pride	THE LAST PRIDE	アンティーカ（月岡恋鐘、田中摩美々、白瀬咲耶、三峰結華、幽谷霧子）	2					
sc_キラピコexe	キラピコ.exe	放課後クライマックスガールズ（小宮果穂、園田智代子、西城樹里、杜野凛世、有栖川夏葉）	2					
sc_クローバー	クローバー	杜野凛世、大崎甘奈、市川雛菜、七草にちか	2					
sc_シャイニーエクササイズ	シャイニーエクササイズ	八宮めぐる、月岡恋鐘、西城樹里、桑山千雪、芹沢あさひ、福丸小糸、七草にちか	2					
sc_デビ太郎のうた	デビ太郎のうた	大崎甜花	2					
sc_ホムラインビテーション	ホムラインビテーション	HOMURAｰGIRLS（芹沢あさひ、黛冬優子、和泉愛依、七草にちか、緋田美琴）	2					
sc_ルピラ	ルピラ	アルストロメリア（大崎甘奈、大崎甜花、桑山千雪）	2					
sc_星の数だけ	星の数だけ	イルミネーションスターズ（櫻木真乃、風野灯織、八宮めぐる）	2					
sc_未来へのsign	未来へのSign	ノクチル（浅倉透、樋口円香、福丸小糸、市川雛菜）	2					
sc_輝きにかわる	輝きにかわる	大崎甘奈、市川雛菜、田中摩美々	2					
sidem_aloha_happy_creator	ALOHA! HAPPY CREATOR!	水嶋咲、姫野かのん、舞田類	2					
sidem_attacca_scenery	Attacca Scenery	Altessimo（都築圭、神楽麗）	2					
sidem_avenue_illusion	Avenue Illusion!	Beit（鷹城恭二、ピエール、渡辺みのり）	2					
sidem_face_the_world	Face the World	C.FIRST（天峰秀、花園百々人、眉見鋭心）	2					
sidem_feeeel_gooood	Feeeel Gooood！	Ｗ（蒼井享介、蒼井悠介）	2					
sidem_gloria_moment	GLORIA MOMENT	Jupiter（天ヶ瀬冬馬、御手洗翔太、伊集院北斗）	2					
sidem_go_ahead_smile	GO AHEAD SMILE!	信玄誠司	2					
sidem_grand-new_universe	GRAND-NEW UNIVERSE	Jupiter＆F-LAGS（天ヶ瀬冬馬、御手洗翔太、伊集院北斗、秋月涼、兜大吾、九十九一希）	2					
sidem_greeting_charm	GREETING CHARM	御手洗翔太	2					
sidem_hallo_freunde	Hallo, Freunde!	伊集院北斗、冬美旬、アスラン＝ベルゼビュートⅡ世、都築圭	2					
sidem_heat_beat_identity	HEAT BEAT “Identity”	秋山隼人	2					
sidem_lifes_side_menu	Life’s Side Menu!	S.E.M（硲道夫、舞田類、山下次郎）	2					
sidem_live_in_your_smile	LIVE in your SMILE	Altessimo、W、FRAME、彩、神速一魂、S.E.M、THE 虎牙道、Legenders（都築圭、神楽麗、蒼井享介、蒼井悠介、握野英雄、木村龍、信玄誠司、華村翔真、猫柳キリオ、清澄九郎、紅井朱雀、黒野玄武、硲道夫、舞田類、山下次郎、大河タケル、牙崎漣、円城寺道流、葛之葉雨彦、北村想楽、古論クリス、神楽麗、蒼井享介、蒼井悠介、握野英雄、木村龍、信玄誠司、華村翔真、猫柳キリオ、清澄九郎、紅井朱雀、黒野玄武、硲道夫、舞田類、山下次郎、大河タケル、牙崎漣、円城寺道流、葛之葉雨彦、北村想楽、古論クリス）	2					
sidem_present_for_you_a_day_in_the_café	Present For You!!!!! ~A day in the café~	Café Parade（神谷幸広、東雲荘一郎、アスラン＝ベルゼビュートⅡ世、卯月巻緒、水嶋咲）	2					
sidem_prize_pinata	PRIZE PINATA！	High×Joker＆Café Parade（伊瀬谷四季、秋山隼人、若里春名、冬美旬、榊夏来、神谷幸広、東雲荘一郎、アスラン＝ベルゼビュートⅡ世、卯月巻緒、水嶋咲）	2					
sidem_scorebook_memories	SCOREBOOK Memories	冬美旬	2					
sidem_singing_explorers	Singing Explorers	Altessimo＆彩＆High×Joker（神楽麗、都築圭、華村翔真、猫柳キリオ、清澄九郎、伊瀬谷四季、秋山隼人、若里春名、冬美旬、榊夏来）	2					
sidem_smiles_in_wonderland	Smiles In Wonderland!	High×Joker（伊瀬谷四季、秋山隼人、若里春名、冬美旬、榊夏来）	2					
sidem_spacy_paradise	SPACY PARADISE	Jupiter（天ヶ瀬冬馬、御手洗翔太、伊集院北斗）	2					
sidem_sunny_day_perfect_day	Sunny day, Perfect day	C.FIRST（天峰秀、花園百々人、眉見鋭心）	2					
sidem_sweet_diamant	Sweet Diamant	東雲荘一郎	2					
sidem_teatime_cliché	Teatime Cliché	Café Parade（神谷幸広、東雲荘一郎、アスラン＝ベルゼビュートⅡ世、卯月巻緒、水嶋咲）	2					
sidem_the_symphonic_daylight	The Symphonic Daylight	Altessimo（都築圭、神楽麗）	2					
sidem_tomorrow_gazer	Tomorrow Gazer	天ヶ瀬冬馬	2					
sidem_toward_pole_star	Toward Pole Star	High×Joker（伊瀬谷四季、秋山隼人、若里春名、冬美旬、榊夏来）	2					
sidem_いつかこの瞬間に名前をつけるなら	いつかこの瞬間に名前をつけるなら	High×Joker＆W（伊瀬谷四季、秋山隼人、若里春名、冬美旬、榊夏来、蒼井享介、蒼井悠介）	2					
sidem_ふわもこシフォンなゆめのなか	ふわもこシフォンなゆめのなか♪	姫野かのん	2					
sidem_ほっぷすてっぷハイしーぷ	ほっぷ・すてっぷ・ハイ、しーぷ！	岡村直央	2					
sidem_ぽっぷこーんくろーぜっと	ぽっぷこーん・くろーぜっと！	姫野かのん	2					
sidem_カラフルシンメトリー	カラフル・シンメトリー	渡辺みのり	2					
sidem_キセキ的_starry-tune	キセキ的 STARRY-TUNE!!!!!	High×Joker（伊瀬谷四季、秋山隼人、若里春名、冬美旬、榊夏来）	2					
sidem_ダイヤモンドメゾフォルテ	ダイヤモンド・メゾフォルテ	榊夏来	2					
sidem_ハイパービリーバー	ハイパービリーバー!!	伊瀬谷四季	2					
sidem_マイドラマティックヒロイン	マイドラマティックヒロイン	Beit（鷹城恭二、ピエール、渡辺みのり）	2					
sidem_ムゲンダイグロウアップ	ムゲンダイグロウアップ！	FRAME＆もふもふえん（握野英雄、木村龍、信玄誠司、岡村直央、橘志狼、姫野かのん）	2					
sidem_ワンホールワンダーランド	ワンホール＝ワンダーランド！	卯月巻緒	2					
sidem_嗚呼情熱に星は輝く315プロダクション社歌	嗚呼、情熱に星は輝く〜315プロダクション社歌〜	プロデューサー＆山村賢 with 齋藤孝司	2					
sidem_四心争乱_-天地一指-	四心争乱 -天地一指-	山下次郎、葛之葉雨彦、伊集院北斗、木村龍、円城寺道流、天ヶ瀬冬馬、眉見鋭心、九十九一希、神楽麗	2					
sidem_安寧のdystopia	安寧のDystopia	天ヶ瀬冬馬、伊集院北斗、都築圭、神楽麗、渡辺みのり、信玄誠司、華村翔真、清澄九郎、伊瀬谷四季、神谷幸広、卯月巻緒、水嶋咲、橘志狼、舞田類、山下次郎、円城寺道流、兜大吾、九十九一希、葛之葉雨彦、北村想楽	2					
sidem_幻想のutopia	幻想のUtopia	ピエール、蒼井悠介、蒼井享介、握野英雄、木村龍、秋山隼人、冬美旬、榊夏来、若里春名、紅井朱雀、東雲荘一郎、アスラン＝ベルゼビュートⅡ世、岡村直央、硲道夫、大河タケル、牙崎漣、天峰秀、花園百々人、眉見鋭心	2					
sidem_暗黒への前奏曲	暗黒への前奏曲	アスラン＝ベルゼビュートⅡ世	2					
sidem_祝彩	祝彩！	彩（華村翔真、猫柳キリオ、清澄九郎）	2					
sidem_青春サティスファクション	青春！サティスファクション	若里春名	2					
765as_believe	Believe		1					
765as_choco_fondue	choco fondue	如月千早	1					
765as_closet_fashion_lover	Closet Fashion Lover	星井美希	1					
765as_eternalwind〜ほほえみは光る風の中〜	Eternal Wind〜ほほえみは光る風の中〜		1					
765as_ever_sunny	Ever Sunny	菊地真	1					
765as_eversince	ever since		1					
765as_feelingfine	Feeling Fine		1					
765as_flyhigh	Fly High		1					
765as_hug	HUG	我那覇響	1					
765as_idolheart	IDOL☆HEART	765PRO ALLSTARS（天海春香、星井美希、如月千早、高槻やよい、萩原雪歩、菊地真、双海亜美、双海真美、水瀬伊織、三浦あずさ、四条貴音、我那覇響、秋月律子）	1					
765as_isthislove	Is This Love		1					
765as_looking_for_love	Looking For Love	天海春香、星井美希	1					
765as_loveオーダーメイド	LOVEオーダーメイド	秋月律子	1					
765as_monday_night_fever	Monday Night Fever☆	沼倉愛美、原由実	1					
765as_motto	motto		1					
765as_shining_star彡	SHINING STAR★彡	Torico	1					
765as_smile_smile_smile	Smile Smile Smile	今井麻美＆たかはし智秋	1					
765as_squall	Squall		1					
765as_switch_on	SWITCH ON	天海春香	1					
765as_urgent	URGENT!!!	たかはし智秋、今井麻美	1					
765as_velvet_quiet	VELVET QUIET	三浦あずさ	1					
765as_wearetheworld	We Are The World		1					
765as_wedding_bell	WEDDING BELL	秋月律子	1					
765as_zone_of_fortune	zone of fortune	三浦あずさ	1					
765as_あったかな雪	あったかな雪	星井美希、高槻やよい、双海亜美／真美	1					
765as_あの日のナミダ	あの日のナミダ	萩原雪歩	1					
765as_かたちあるもの	かたち あるもの		1					
765as_さんぽ	さんぽ		1					
765as_しっくりとゆっくりと	しっくりとゆっくりと	如月千早	1					
765as_じょいふる	じょいふる		1					
765as_てがみうた	てがみうた	今井麻美＆たかはし智秋	1					
765as_ね〜え	ね〜え?		1					
765as_ふたりのもじぴったん	ふたりのもじぴったん		1					
765as_ふたりのもじぴったんじゅもんをあげるよ	ふたりのもじぴったん＋じゅもんをあげるよ		1					
765as_みんないっしょだよの歌	みんないっしょだよの歌		1					
765as_らびゅらびゅ	らびゅらびゅ		1					
765as_れでぃおマジかる	れでぃお☆マジかる	Honey Citrus	1					
765as_アイレデッスカ	アイレデッスカ!?	たかはし智秋、今井麻美	1					
765as_アエイウエオア	アエイウエオア!	天海春香、如月千早	1					
765as_アプデ	アプデ	星井美希	1					
765as_アンインストール	アンインストール		1					
765as_コーヒー1杯のイマージュ	コーヒー1杯のイマージュ	菊地真、双海亜美／真美、我那覇響	1					
765as_ジングルベル	ジングルベル		1					
765as_セクシータイフーン	セクシータイフーン	双海真美	1					
765as_タッチ	タッチ		1					
765as_チキンライス	チキンライス		1					
765as_ノンタンといっしょ「dancingびびでな・すてっぷ」	ノンタンといっしょ「Dancing! びびでな・すてっぷ」		1					
765as_ハリキリラリー	ハリキリ★ラリー	菊地真	1					
765as_ピピカリリカ	ピピカ・リリカ	高槻やよい	1					
765as_フレンズ	フレンズ		1					
765as_ブルウスタア	ブルウ・スタア	菊地真、我那覇響	1					
765as_ポジティブシンカー	ポジティブシンカー！	双海亜美	1					
765as_ムーンライトラビリンス	ムーンライト・ラビリンス	橋本みゆき	1					
765as_ムーンライト伝説	ムーンライト伝説		1					
765as_モーニング娘。のひょっこりひょうたん島	モーニング娘。のひょっこりひょうたん島		1					
765as_ヨーイドン	ヨーイドン!!	菊地真	1					
765as_ローディングの歌	ローディングの歌		1					
765as_俺ら東京さ行ぐだ	俺ら東京さ行ぐだ		1					
765as_光跡	光跡	沼倉愛美、原由実、浅倉杏美	1					
765as_君のままで	君のままで	天海春香、萩原雪歩、秋月律子	1					
765as_団結	団結	IM@S ALLSTARS、星井美希、如月千早、高槻やよい、萩原雪歩、菊地真、双海亜美／真美、水瀬伊織、三浦あずさ、秋月律子	1					
765as_地上の星	地上の星		1					
765as_夏のbang	夏のBang!!	Project LUMINOUS（星井美希、萩原雪歩、高槻やよい、双海亜美、双海真美、城ヶ崎美嘉、諸星きらり、伊吹翼、桜守歌織、小宮果穂、奧空心白）	1					
765as_夏空グラフィティ	夏空グラフィティ		1					
765as_好きになった人	好きになった人		1					
765as_好きになって、よかった	好きになって、よかった		1					
765as_始めのdont_worry	始めのDon't worry	星井美希、水瀬伊織	1					
765as_恋だもん初級編	恋だもん〜初級編〜	天海春香、高槻やよい	1					
765as_想い出は永遠に	想い出は永遠に	音無小鳥	1					
765as_明日があるさジョージアで行きましょう編	明日があるさ(ジョージアで行きましょう編)		1					
765as_星のかけらを探しに行こうagain	星のかけらを探しに行こうagain		1					
765as_月ノ桜	月ノ桜	四条貴音	1					
765as_月下祭_la_festa_sotto_la_luna	月下祭　～la festa sotto la luna～	今井麻美	1					
765as_東京は夜の七時〜thenightisstillyoung〜	東京は夜の七時〜the night is still young〜		1					
765as_残酷よ希望となれ	残酷よ希望となれ	結城アイラ	1					
765as_涙そうそう	涙そうそう		1					
765as_涙のハリケーン	涙のハリケーン		1					
765as_灯	灯	秋月律子	1					
765as_私だって女の子	私だって女の子	秋月律子	1					
765as_私はアイドル_2	私はアイドル♥	星井美希、天海春香、如月千早	1					
765as_芽吹の季	芽吹の季	萩原雪歩	1					
765as_虹	虹		1					
765as_赤いスイートピー	赤いスイートピー		1					
765as_遠い音楽	遠い音楽		1					
876_adamas	ADAMAS		1					
876_andone	AND ONE		1					
876_angelicangel	Angelic Angel		1					
876_beyond_my_destiny	Beyond My Destiny	#ヴイアラ（灯里愛夏、上水流宇宙、レトラ）	1					
876_beyondtheway	Beyond the way		1					
876_cando	Can Do		1					
876_catchthemoment	Catch the Moment		1					
876_catsmeow	Cat's Meow		1					
876_chickchicklove	Chick Chick love♡		1					
876_departuresあなたにおくるアイの歌	Departures ～あなたにおくるアイの歌～		1					
876_fashioncheck	fashion check!		1					
876_going	going...		1					
876_hellomorning	Hello, Morning		1					
876_holymoly	Holy Moly		1					
876_iii	I I I		1					
876_justbefriends	Just Be Friends		1					
876_kickback	KICK BACK		1					
876_looptheloop	loop the loop		1					
876_luckytrain	lucky train!		1					
876_magnet	magnet		1					
876_makesomenoise	Make Some Noise		1					
876_mrmusic	Mr.Music		1					
876_mystar	MY STAR		1					
876_nova_chro	Nova Chro	上水流宇宙	1					
876_peekaboo	Peek-A-Boo!!		1					
876_popcorndreaming	POPCORN DREAMING♪		1					
876_popenemy	pop enemy		1					
876_readysteady	Ready Steady		1					
876_reawakerfeatfelixofstraykids	ReawakeR (feat. Felix of Stray Kids)		1					
876_secretbase〜君がくれたもの〜	secret base〜君がくれたもの〜		1					
876_shininglights	Shining Lights		1					
876_stellarstellar	Stellar Stellar		1					
876_sweetillusion	Sweet Illusion		1					
876_swingalong	Swing along		1					
876_trapoflove	Trap of Love		1					
876_tri-angle_drive	TRI-ANGLE DRIVE	vα-liv（灯里愛夏、上水流宇宙、レトラ）	1					
876_wakeup	Wake up!		1					
876_whereisthelove	Where Is The Love		1					
876_whereveryouare	Wherever you are		1					
876_youaremycurse	you are my curse		1					
876_いーゔぃるらゔぁ	いーゔぃるらゔぁ♡		1					
876_およげたいやきくん	およげ！たいやきくん		1					
876_お願いマッスル	お願いマッスル		1					
876_ただ君に晴れ	ただ君に晴れ		1					
876_ちゅ、多様性。	ちゅ、多様性。		1					
876_ともに	ともに		1					
876_はなまる	はなまる	日高愛	1					
876_まだ見ぬ明日	まだ見ぬ明日	#ヴイアラ（灯里愛夏、上水流宇宙、レトラ）	1					
876_まぼろしのほし	まぼろしのほし		1					
876_もってけセーラーふく	もってけ！セーラーふく		1					
876_わたしの線香	わたしの線香		1					
876_アイロニ	アイロニ		1					
876_アコガレスカイ	アコガレスカイ		1					
876_インフェルノ	インフェルノ		1					
876_エアーマンが倒せない	エアーマンが倒せない		1					
876_クロスワード	クロスワード	水谷絵理	1					
876_シンデレラ・マジック・ステージ	シンデレラ・マジック・ステージ		1					
876_チュチュ・バレリーナ	チュチュ・バレリーナ		1					
876_チューリングラブ	チューリングラブ		1					
876_ツキアカリのミチシルベ	ツキアカリのミチシルベ		1					
876_トアルトワ	トアルトワ		1					
876_トライアングラー	トライアングラー		1					
876_ハム太郎とっとこうた	ハム太郎とっとこうた		1					
876_ヒミツの珊瑚礁	ヒミツの珊瑚礁	秋月涼	1					
876_ファタール	ファタール		1					
876_フィアンセ・シンドローム	フィアンセ・シンドローム		1					
876_ブラックロックシューター	ブラック★ロックシューター		1					
876_プライド	プライド		1					
876_プライド革命	プライド革命		1					
876_マトリョシカ	マトリョシカ		1					
876_メロディーの抱擁	メロディーの抱擁		1					
876_ユメヲカケル	ユメヲカケル！		1					
876_ラピスラズリ	ラピスラズリ		1					
876_ルララルララ	ルララルララ		1					
876_ロメオ	ロメオ		1					
876_主人公になれるはずのストーリー	主人公になれるはずのストーリー		1					
876_亜空の先へ	亜空の先へ		1					
876_僕たちはまだ世界を知らない	僕たちはまだ世界を知らない		1					
876_可愛くてごめん	可愛くてごめん		1					
876_名前のない怪物	名前のない怪物		1					
876_変わらないもの	変わらないもの		1					
876_夜明けと蛍	夜明けと蛍		1					
876_太陽曰く燃えよカオス	太陽曰く燃えよカオス		1					
876_好き雪本気マジック	好き！雪！本気マジック		1					
876_宙でおやすみ	宙でおやすみ		1					
876_思い出の花束二度目の恋	思い出の花束、二度目の恋。	レトラ	1					
876_怪物	怪物		1					
876_怪獣の花唄	怪獣の花唄		1					
876_恋愛サーキュレーション	恋愛サーキュレーション		1					
876_愛してるばんざーい	愛してるばんざーい！		1					
876_愛なんだぜ	愛なんだぜ		1					
876_歯車	歯車		1					
876_気分上々	気分上々↑↑		1					
876_満開エリオント	満開！エリオント		1					
876_狐憑キ	狐憑キ		1					
876_真赤な誓い	真赤な誓い		1					
876_絶対アイドル辞めないで	絶対アイドル辞めないで		1					
876_花火	花火		1					
876_藍の華	藍の華		1					
876_裸足でsummer	裸足でSummer		1					
876_踊	踊		1					
876_逆光	逆光		1					
876_電脳ロリポップ	電脳ロリポップ		1					
876_革命デュアリズム	革命デュアリズム		1					
876_風のゆくえ	風のゆくえ		1					
961_エクストリームオーバードライブ	エクストリーム・オーバードライブ	玲音	1					
961_恋をはじめよう	恋をはじめよう	Jupiter	1					
961_黒い犬	黒い犬		1					
cg_arrowhead	Arrowhead	多田李衣菜	1					
cg_bullet_ride	Bullet Ride	木村夏樹	1					
cg_coffret_comet	Coffret Comet	城ヶ崎莉嘉	1					
cg_cosmo_cosme	Cosmo Cosme	城ヶ崎美嘉	1					
cg_darkness	Darkness	白菊ほたる	1					
cg_dreaming_of_you	Dreaming of you	川島瑞樹	1					
cg_driving_my_way	Driving My Way	黒埼ちとせ、松永涼、木村夏樹	1					
cg_dynamite_fever_megamix	DYNAMITE FEVER MEGAMIX	片桐早苗	1					
cg_ephemeral_aяrow	EPHEMERAL AЯROW	白雪千夜、二宮飛鳥	1					
cg_halloween_game	HALLOWEEN GAME	パンプキンプリン（姫川友紀、中野有香、堀裕子、上条春菜、白雪千夜）	1					
cg_hotlimit	HOT LIMIT		1					
cg_little_more	Little More	三船美優	1					
cg_merry_warm_bodies	Merry Warm Bodies	白坂小梅	1					
cg_myself	Myself	松永涼	1					
cg_nation_blue_-蒼く蒼く蒼く_remix-	Nation Blue -蒼く蒼く蒼く Remix-	渋谷凛、高垣楓、神崎蘭子、多田李衣菜、新田美波	1					
cg_near_to_you_-picopico_dnb_remix-	Near to You -PicoPico D'n'B Remix-	宮本フレデリカ、一ノ瀬志希、櫻井桃華、中野有香、五十嵐響子	1					
cg_never_ends	Never ends	THE IDOLM@STER CINDERELLA GIRLS for BEST5!（北条加蓮、鷺沢文香、一ノ瀬志希、神谷奈緒、高垣楓）	1					
cg_secret_daybreak_-石濱翔_remix-	Secret Daybreak -石濱翔 Remix-	デア・アウローラ（速水奏、新田美波）	1					
cg_smileing_-for_rin_rearrange_mix-	S(mile)ING！ -For Rin rearrange MIX-	渋谷凛	1					
cg_sunhighgold	Sun！High！Gold！		1					
cg_tulip_-taku_inoue_remix-	Tulip -TAKU INOUE Remix-	LiPPS（速水奏、塩見周子、城ヶ崎美嘉、宮本フレデリカ、一ノ瀬志希）	1					
cg_twilight_sky_for_rika_rearrange_mix	Twilight Sky 〜For Rika Rearrange MIX〜	城ヶ崎莉嘉	1					
cg_wet	WET	星輝子	1					
cg_youre_stars_shine_on_me_for_miku_rearrange_mix	You're stars shine on me 〜For Miku Rearrange MIX〜	前川みく	1					
cg_《town》	《TOWN》		1					
cg_おおさか狂騒曲	おおさか！？狂騒曲	難波笑美、椎名法子、前川みく	1					
cg_お願いシンデレラ_ゴージャストロピカル_ver	お願い！シンデレラ 〜ゴージャス・トロピカル Ver.〜	島村卯月、遊佐こずえ、早坂美玲、黒埼ちとせ、白雪千夜、佐城雪美、結城晴、久川颯、小関麗奈、的場梨沙、ナターリア、村上巴、南条光、夢見りあむ、久川凪	1					
cg_お願いシンデレラハピハピver	お願い！シンデレラ(ハピ☆ハピVer.)	CINDERELLA GIRLS for あんきら、双葉杏	1					
cg_こいかぜ_ー花葉ー	こいかぜ ー花葉ー	高垣楓	1					
cg_さいきっくうぉんちゅー	さいきっく☆うぉんちゅー！	堀裕子	1					
cg_とくとく_とく	とくとく…… とく……	佐城雪美	1					
cg_ひだまりの中で	ひだまりの中で	小日向美穂	1					
cg_ましゅまろキッス_-for_riina_rearrange_mix-	ましゅまろ☆キッス -For Riina rearrange MIX-	多田李衣菜	1					
cg_わたぐも	わたぐも	赤城みりあ	1					
cg_アツアツマカロニグラタン	アツアツ♪マカロニグラタン	五十嵐響子	1					
cg_イケナイgo_ahead	イケナイGO AHEAD	櫻井桃華、橘ありす、村上巴	1					
cg_イーリャンサンキュー	イーリャンサンキュー	天真飯店（中野有香、三村かな子、大和亜季、前川みく、久川凪）	1					
cg_オトメゴコロ更新中	オトメゴコロ更新中	ハートリット（辻野あかり、関裕美）	1					
cg_クロスオーバー	クロス×オーバー！	new generations（島村卯月、渋谷凛、本田未央、砂塚あきら、夢見りあむ）	1					
cg_ゴキゲンparty_night_-dance_remix-	ゴキゲンParty Night -Dance!!!!!!!!!!!!!!! Remix-	アナスタシア、緒方智絵里、神谷奈緒、川島瑞樹、輿水幸子、小早川紗枝、佐久間まゆ、白坂小梅、高森藍子、十時愛梨、日野茜、北条加蓮、星輝子、堀裕子、三村かな子	1					
cg_サラバ、愛しき悲しみたちよ	サラバ、愛しき悲しみたちよ		1					
cg_ショコラティアラ_-before_sunrise_remix-	ショコラ・ティアラ -Before Sunrise Remix-	三村かな子	1					
cg_ススメオトメ_jewel_parade_-blooming_floral_remix-	ススメ☆オトメ 〜jewel parade〜 -Blooming Floral Remix-	CINDERELLA PROJECT	1					
cg_スマイルファンタジー	スマイルファンタジー	＼ゴライコー ! ／（道明寺歌鈴、鷹富士茄子、城ヶ崎莉嘉、川島瑞樹、アナスタシア）	1					
cg_ツインテールの風	ツインテールの風	小日向美穂、城ヶ崎美嘉、速水奏	1					
cg_ネコドルオーバーザワールド	ネコドル☆オーバー・ザ・ワールド	前川みく	1					
cg_バラカストーリア_月と太陽に祝福を	バラカストーリア 〜月と太陽に祝福を〜	ソル・カマル（ナターリア、ライラ）	1					
cg_ヒトトキトキメキ	ヒトトキトキメキ	十時愛梨	1					
cg_ミツボシ_-happily_ever_after_remix-	ミツボシ☆☆★ -Happily Ever After Remix-	本田未央	1					
cg_ミツボシ_for_minami_rearrange_mix	ミツボシ☆☆★ 〜For Minami rearrange MIX〜	新田美波	1					
cg_ロマンスの神様	ロマンスの神様		1					
cg_印象	印象	浜口あやめ、白菊ほたる、三船美優	1					
cg_夢幻ノ救憐唱_堕チル星ノ調ベ	夢幻ノ救憐唱 〜堕チル星ノ調ベ〜	神崎蘭子	1					
cg_愛の讃歌	愛の讃歌	櫻井桃華	1					
cg_桜の風	桜の風	アナスタシア、五十嵐響子、依田芳乃	1					
cg_禍魂朧夜	禍魂朧夜	黒百合夜叉（浜口あやめ、村上巴、塩見周子）	1					
cg_秋風に手を振って	秋風に手を振って	相葉夕美、多田李衣菜、中野有香	1					
cg_秘密のトワレ_-midnight_lab_remix-	秘密のトワレ -Midnight Lab Remix-	神谷奈緒	1					
cg_紅	紅		1					
cg_純情接近story	純情接近STORY	島村卯月	1					
cg_花のことば	花のことば	相葉夕美	1					
cg_読んで甘辛script	読んで！甘辛Script	三村かな子	1					
cg_風色メロディ_for_mio_rearrange_mix	風色メロディ 〜For Mio rearrange MIX〜	本田未央	1					
gakuen_mystage	MY STAGE	雨夜燕	1					
gakuen_the_cute	The Cute!!!	藤田ことね	1					
ll_aion_no_uta	哀温ノ詩	エマ・ヴェルデ（指出毬亜）	1					
ll_alternate	オルタネイト	CatChu!（澁谷かのん、平安名すみれ、米女メイ）	1					
ll_aozora_jumping_heart	青空Jumping Heart	Aqours	1					
ll_audrey	オードリー	桜坂しずく（前田佳織里）	1					
ll_butterfly	Butterfly	近江彼方（鬼頭明里）	1					
ll_chase	CHASE!	優木せつ菜（林鼓子）	1					
ll_colorful_dreams_smiles	Colorful Dreams! Colourful Smiles!	虹ヶ咲学園スクールアイドル同好会×シャイニーカラーズ	1					
ll_dancing_raspberry	Dancing Raspberry	5yncri5e!（鬼塚冬毬、桜小路きな子、嵐千砂都、若菜四季、鬼塚夏美）	1					
ll_day1	Day1	Liella!	1					
ll_do_do_do	ド！ド！ド！	みらくらぱーく！（大沢瑠璃乃、藤島慈）	1					
ll_dream_believers	Dream Believers	蓮ノ空女学院スクールアイドルクラブ	1					
ll_dream_with_you	Dream with You	上原歩夢（大西亜玖璃）	1					
ll_dreamy_color	DREAMY COLOR	Aqours	1					
ll_eien_no_euphoria	永遠のEuphoria	蓮ノ空女学院スクールアイドルクラブ×シンデレラガールズ	1					
ll_eutopia	Eutopia	鐘嵐珠（法元明菜）	1					
ll_fortune_movie	フォーチュンムービー	香里有佐、木戸衣吹、絵森彩、坂倉花、花宮初奈、楡井希実、田中有紀、河野ひより	1					
ll_fukashina_blue	不可視なブルー	KALEIDOSCORE（ウィーン・マルガレーテ、唐可可、葉月恋）	1					
ll_genyou_yakou	眩耀夜行	スリーズブーケ（日野下花帆、乙宗梢）	1					
ll_hakuchu_a_la_mode	ハクチューアラモード	中島由貴、菅叶和、麻倉もも	1					
ll_holiday_holiday	Holiday∞Holiday	スリーズブーケ（日野下花帆、乙宗梢）	1					
ll_jump_into_the_new_world	Jump Into the New World	Liella!	1					
ll_just_believe	Just Believe!!!	虹ヶ咲学園スクールアイドル同好会	1					
ll_ketsui_no_hikari	決意の光	三船栞子（小泉萌香）	1					
ll_kira_kira_sensation	KiRa-KiRa Sensation!	μ's	1					
ll_knot	KNOT	DOLLCHESTRA（夕霧綴理、村野さやか）	1					
ll_love_u_my_friends	Love U my friends	虹ヶ咲学園スクールアイドル同好会	1					
ll_meccha_going	めっちゃGoing!!	宮下愛（村上奈津実）	1					
ll_mirai_no_bokura	未来の僕らは知ってるよ	Aqours	1					
ll_mitaiken_horizon	未体験HORIZON	Aqours×ミリオンライブ！	1					
ll_muteki_kyu_believer	無敵級*ビリーバー	中須かすみ（相良茉優）	1					
ll_nijiiro_passions	虹色Passions!	関根瞳、田中ちえ美、絵森彩	1					
ll_no_brand_girls	No brand girls	μ's	1					
ll_nonfiction_hero_show	ノンフィクションヒーローショー	みらくらぱーく！（大沢瑠璃乃、藤島慈）	1					
ll_on_your_mark	On your mark	蓮ノ空女学院スクールアイドルクラブ	1					
ll_ryoran_victory_road	繚乱！ビクトリーロード	クロスユニット大規模	1					
ll_snow_halation	Snow halation	アイドルマスターシリーズ（μ'sカバー）	1					
ll_sore_wa_bokutachi_no_kiseki	それは僕たちの奇跡	μ's	1					
ll_star_sengen	スター宣言	Liella!	1					
ll_tokimeki_runners	TOKIMEKI Runners	虹ヶ咲学園スクールアイドル同好会	1					
ll_tokonatsu_sunshine	常夏☆サンシャイン	Liella!	1					
ll_toy_doll	Toy Doll	ミア・テイラー（内田秀）	1					
ll_tragic_drops	Tragic Drops	DOLLCHESTRA（夕霧綴理、村野さやか）	1					
ll_tsunagaru_connect	ツナガルコネクト	天王寺璃奈（田中ちえ美）	1					
ll_vitamin_summer	ビタミンSUMMER!	Liella!	1					
ll_watashi_no_symphony	私のSymphony	Liella!×シンデレラガールズ	1					
ll_watcha_gonna_do	わちゅごなどぅー	虹ヶ咲学園スクールアイドル同好会＋高咲侑（矢野妃菜喜）	1					
ll_water_blue_new_world	WATER BLUE NEW WORLD	Aqours	1					
ll_wonderful_rush	Wonderful Rush	μ's	1					
ll_yume_no_tobira	ユメノトビラ	μ's	1					
ml_beautiful_believer	Beautiful Believer	所恵美	1					
ml_clover_days	Clover Days	Clover（矢吹可奈、北沢志保、箱崎星梨花、高坂海美）	1					
ml_colors_on_canvas	COLORS ON CANVAS!	ロコ	1					
ml_cross_the_future	Cross the future	最上静香	1					
ml_detective_high_恋探偵物語	DETECTIVE HIGH! 〜恋探偵物語〜	双海真美	1					
ml_discord_area	Discord Area	秋月律子	1					
ml_do_the_idol_謹賀新年リミックス	Do the IDOL!! 〜謹賀新年リミックス〜	伊吹翼、エミリー スチュアート、七尾百合子、天空橋朋花、永吉昴	1					
ml_enjoyfeel	Enjoy＆Feel	桜守歌織	1					
ml_enterpleasure	ENTER→PLEASURE	望月杏奈	1					
ml_fairy_daysは絶え間ない	Fairy Daysは絶え間ない	ロコ、四条貴音、如月千早、二階堂千鶴、最上静香	1					
ml_fu-wa-du-wa	Fu-Wa-Du-Wa	菊地真、双海真美、島原エレナ、舞浜 歩	1					
ml_gift_sign	Gift Sign	最上静香	1					
ml_i_do	I Do	三浦あずさ	1					
ml_irodori	Irodori	北上麗花	1					
ml_its_me	it's me	馬場このみ	1					
ml_kawaii_of_the_world	K・A・W・A・I・I  of the WORLD!	野々原茜	1					
ml_luvliminal_image	Luvliminal image	百瀬莉緒、宮尾美也、ジュリア、星井美希	1					
ml_moonrise_belief	Moonrise Belief	天空橋朋花	1					
ml_purple_sky	Purple Sky	北沢志保	1					
ml_sing_a_wing_song	Sing a Wing Song	田中琴葉	1					
ml_smiley_days	smiley days	我那覇響	1					
ml_sparkers	SPARKERS	高山紗代子	1					
ml_stellar_light	Stellar Light	ステラ（四条貴音、萩原雪歩、天海春香、水瀬伊織）	1					
ml_sunriser	SunRiser	ソル（双海亜美、秋月律子、高槻やよい、双海真美、星井美希）	1					
ml_supersonic_booster	Supersonic Booster!	ShineLight（秋月律子、七尾百合子、島原エレナ、馬場このみ、北上麗花）	1					
ml_texting_you	Texting you	高山紗代子、野々原茜、所恵美	1					
ml_to	To...	馬場このみ	1					
ml_unknown_boxの開き方	Unknown Boxの開き方	MILLIONSTARS Team6th（徳川まつり、エミリー スチュアート、木下ひなた、島原エレナ、永吉昴）	1					
ml_walking_on_the_square	Walking on the Square	宮尾美也	1					
ml_your_home_town	”Your” HOME TOWN	木下ひなた	1					
ml_あたためますか	あたためますか？	佐竹美奈子	1					
ml_きみがくれた言葉があるから	きみがくれた言葉があるから	福田のり子	1					
ml_しあわせエンドロール	しあわせエンドロール	春日未来	1					
ml_わたしは花あなたは太陽	わたしは花、あなたは太陽	FleurS（七尾百合子、馬場このみ、周防桃子）	1					
ml_アイドルはかく語りき	アイドルは、かく語りき	松田亜利沙	1					
ml_アロー彗星	アロー彗星	ジュリア	1					
ml_エンダーエンダー	エンダーエンダー	北上麗花、ロコ、伊吹翼、箱崎星梨花、舞浜歩	1					
ml_キミが真ん中にいた	キミが真ん中にいた	中谷育	1					
ml_サウンドオブビギニング	サウンド・オブ・ビギニング	RisingLight（田中琴葉、ロコ、周防桃子、二階堂千鶴、宮尾美也）	1					
ml_シャルウィーダンス	シャル・ウィー・ダンス？	徳川まつり	1					
ml_スポットライトミラーランド	スポットライト・ミラーランド	望月杏奈	1					
ml_ハッピーマイガーデン	ハッピーマイガーデン	木下ひなた	1					
ml_ビギナーズストライク	ビギナーズ☆ストライク	永吉昴	1					
ml_ピンクローズアプローズ	ピンクローズアプローズ	水瀬伊織	1					
ml_プルメリアの花	プルメリアの花	萩原雪歩	1					
ml_ムーンライトプロムナード	ムーンライト・プロムナード	二階堂千鶴	1					
ml_リベレイシングアロン_-liberasing_along-	リベレイシング／アロン -LiberaSing Along-	如月千早、木下ひなた、天空橋朋花、徳川まつり、馬場このみ	1					
ml_ワールドアスレチックcook-king_勝者必食スポ食の秋	ワールド・アスレチック・COOK-KING 〜勝者必食！？スポ食の秋〜	中谷育、我那覇響、佐竹美奈子、篠宮可憐、舞浜歩	1					
ml_君と同じ物語	君と同じ物語	七尾百合子	1					
ml_君に映るポートレイト	君に映るポートレイト	如月千早	1					
ml_愛のmagic_once_again	愛のMagic! Once Again!	島原エレナ	1					
ml_折紙物語	折紙物語	白石紬	1					
ml_真夏のダイヤ	真夏のダイヤ☆	百瀬莉緒、萩原雪歩、田中琴葉、双海真美	1					
ml_裏表深層心理	裏表深層心理	豊川風花	1					
ml_解夏傀儡	解夏傀儡	真壁瑞希、馬場このみ、四条貴音、周防桃子、中谷育	1					
other_bloomy	Bloomy		1					
other_boomboombombbayea	BOOM BOOM BOMB-BA-YEA		1					
other_choicechance	CHOICE & CHANCE		1					
other_diveout	Dive Out		1					
other_fiestafiesta	Fiesta! Fiesta!		1					
other_getmylove	GET MY LOVE!		1					
other_givemeashake	Give me a Shake		1					
other_lightning	Lightning		1					
other_lovinme	Lovin' Me		1					
other_rideontime	Ride on time		1					
other_seventies	Seventies		1					
other_toratoratora	TORA TORA TORA		1					
other_vavavoom	Va-Va-Voom		1					
other_おわらない僕らのmusic	おわらない僕らのMusic		1					
other_アイドルマスターシンデレラガールズアイドルマスター劇伴	アイドルマスター シンデレラガールズ＆アイドルマスター劇伴		1					
other_トウキョウ・ブラー	トウキョウ・ブラー		1					
other_プライド・ブライト	プライド・ブライト		1					
other_禁断少女	禁断少女		1					
sc_another_rampage_sngular1ty_ver	Another Rampage (283 Production XXXX Performance XXX= S/N-GUL4R1TY Ver.)	ストレイライト	1					
sc_candy_universe	CANDY UNIVERSE	八宮めぐる、三峰結華、小宮果穂、西城樹里、大崎甘奈	1					
sc_future_designer	Future Designer	ストレイライト（芹沢あさひ、黛冬優子、和泉愛依）	1					
sc_inthisunstableworld	in this unstable world		1					
sc_lit_up_my_sky	Lit up my sky	Team.Luna（風野灯織、田中摩美々、三峰結華、幽谷霧子、杜野凛世、大崎甜花、和泉愛依、福丸小糸、斑鳩ルカ）	1					
sc_midnight_parade	Midnight parade!	田中摩美々、白瀬咲耶、杜野凛世、大崎甜花、大崎甜花、和泉愛依	1					
sc_migratory_echoes_アルストロメリアver	Migratory Echoes (アルストロメリアVer.)	アルストロメリア（大崎甘奈、大崎甜花、桑山千雪）	1					
sc_migratory_echoes_イルミネーションスターズver	Migratory Echoes (イルミネーションスターズVer.)	イルミネーションスターズ（櫻木真乃、風野灯織、八宮めぐる）	1					
sc_migratory_echoes_コメティックver	Migratory Echoes (コメティックVer.)	コメティック（斑鳩ルカ、鈴木羽那、郁田はるき）	1					
sc_migratory_echoes_シーズver	Migratory Echoes (シーズVer.)	シーズ（七草にちか、緋田美琴）	1					
sc_migratory_echoes_ストレイライトver	Migratory Echoes (ストレイライトVer.)	ストレイライト（芹沢あさひ、黛冬優子、和泉愛依）	1					
sc_migratory_echoes_ノクチルver	Migratory Echoes (ノクチルVer.)	ノクチル（浅倉透、樋口円香、福丸小糸、市川雛菜）	1					
sc_migratory_echoes_放課後クライマックスガールズver	Migratory Echoes (放課後クライマックスガールズVer.)	放課後クライマックスガールズ（小宮果穂、園田智代子、西城樹里、杜野凛世、有栖川夏葉）	1					
sc_once_upon_a_secret	Once Upon a Secret	三峰結華	1					
sc_one_live_one_love_mortal_remix	One Live One Love (Mortal Remix)	ストレイライト	1					
sc_strawberrytrapper	Strawberry Trapper		1					
sc_with_you	With you	アルストロメリア（大崎甘奈、大崎甜花、桑山千雪）	1					
sc_さあ舞い上がれ	さあ舞い上がれ	放課後クライマックスガールズ（小宮果穂、園田智代子、西城樹里、杜野凛世、有栖川夏葉）	1					
sc_ねぇねぇねぇ	ねぇ、ねぇ、ねぇ	櫻木真乃、幽谷霧子、園田智代子、桑山千雪、黛冬優子	1					
sc_キズナシェアリング	キズナシェアリング	Team.Stella（櫻木真乃、月岡恋鐘、小宮果穂、園田智代子、大崎甘奈、芹沢あさひ、樋口円香、緋田美琴、鈴木羽那）	1					
sc_グッバイ	グッバイ	ノクチル（浅倉透、樋口円香、福丸小糸、市川雛菜）	1					
sc_メモワールアンタクト	メモワール・アンタクト	幽谷霧子	1					
sc_レッド・ルーラー	レッド・ルーラー		1					
sc_乱舞る	乱舞る	放課後クライマックスガールズ（小宮果穂、園田智代子、西城樹里、杜野凛世、有栖川夏葉）	1					
sc_合縁事変	合縁事変		1					
sc_想像のつばさ	想像のつばさ	櫻木真乃	1					
sc_感謝のコントレイル	感謝のコントレイル	シャイニーカラーズ（櫻木真乃、風野灯織、八宮めぐる、月岡恋鐘、田中摩美々、白瀬咲耶、三峰結華、幽谷霧子、小宮果穂、園田智代子、西城樹里、杜野凛世、有栖川夏葉、大崎甘奈、大崎甜花、桑山千雪、芹沢あさひ、黛冬優子、和泉愛依、浅倉透、樋口円香、福丸小糸、市川雛菜、七草にちか、緋田美琴、斑鳩ルカ、鈴木羽那、郁田はるき）	1					
sc_永遠色アーチ	永遠色アーチ	Team.Sol（八宮めぐる、白瀬咲耶、西城樹里、有栖川夏葉、桑山千雪、黛冬優子、浅倉透、市川雛菜、七草にちか、郁田はるき）	1					
sidem_all_nor_nothing	ALL nOR NOTHING	神谷幸広、北村想楽、握野英雄、華村翔真、榊夏来、岡村直央	1					
sidem_amazing_moment	Amazing Moment	VΔLZ（弦月藤士郎、長尾景、甲斐田晴］＆DRAMATIC STARS［天道輝、桜庭薫、柏木翼）	1					
sidem_around_find_world	Around Find World！	S.E.M（硲道夫、舞田類、山下次郎）	1					
sidem_azur	AZUR	Ｗ（蒼井享介、蒼井悠介）	1					
sidem_beside_emotion	BeSide Emotion	S.E.M（硲道夫、舞田類、山下次郎）	1					
sidem_best_wishes	Best Wishes.	Beit（鷹城恭二、ピエール、渡辺みのり）	1					
sidem_bitter_sweetアドレセンス	Bitter Sweetアドレセンス	F-LAGS（秋月涼、兜大吾、九十九一希）	1					
sidem_braver_beat	Braver Beat	大河タケル、古論クリス、秋山隼人、橘志狼、舞田類、兜大吾	1					
sidem_brightest_awaking	BRIGHTEST AWAKING	Jupiter（天ヶ瀬冬馬、御手洗翔太、伊集院北斗）	1					
sidem_chocolate_special	Chocolate Special	Café Parade（神谷幸広、東雲荘一郎、アスラン＝ベルゼビュートⅡ世、卯月巻緒、水嶋咲）	1					
sidem_cool_sensation絶対need	COOL SENSATION〜絶対Need！〜	蒼井享介	1					
sidem_dear_my_light	Dear My Light,	S.E.M（硲道夫、舞田類、山下次郎）	1					
sidem_dear_you_cheers	Dear you, Cheers!!	Café Parade（神谷幸広、東雲荘一郎、アスラン＝ベルゼビュートⅡ世、卯月巻緒、水嶋咲）	1					
sidem_delight_excursion	Delight Excursion	DRAMATIC STARS（天道輝、桜庭薫、柏木翼）	1					
sidem_dive_to_gravitation	DIVE to GRAVITATION	Jupiter（天ヶ瀬冬馬、御手洗翔太、伊集院北斗）	1					
sidem_dream_journey	DREAM JOURNEY	DRAMATIC STARS、Jupiter、Beit、High×Joker、Café Parade、もふもふえん 、F-LAGS（天道輝、桜庭薫、柏木翼、天ヶ瀬冬馬、御手洗翔太、伊集院北斗、鷹城恭二、ピエール、渡辺みのり、伊瀬谷四季、秋山隼人、若里春名、冬美旬、榊夏来、神谷幸広、東雲荘一郎、アスラン＝ベルゼビュートⅡ世、卯月巻緒、水嶋咲、岡村直央、橘志狼、姫野かのん、秋月涼、九十九一希、兜大吾）	1					
sidem_eclipse_of_the_heart	Eclipse of the Heart	Legenders（葛之葉雨彦、北村想楽、古論クリス）	1					
sidem_eterniteen_age	Eterniteen Age!!!	S.E.M（硲道夫、舞田類、山下次郎）	1					
sidem_evolution	√EVOLUTION	S.E.M（硲道夫、舞田類、山下次郎）	1					
sidem_fired_up	FIRED UP！	神速一魂（紅井朱雀、黒野玄武）	1					
sidem_fireworks_-wanna_be_a_star-	Fireworks -Wanna Be A Star-	山下次郎	1					
sidem_from_genius	From Genius	牙崎漣	1					
sidem_genesis_contact	Genesis Contact	冬美旬、天ヶ瀬冬馬、都築圭、東雲荘一郎、華村翔真	1					
sidem_go_for_it	GO FOR IT!!	315 STARS（渡辺みのり、信玄誠司、硲道夫、山下次郎、葛之葉雨彦）	1					
sidem_good_new_morning	GOOD NEW MORNING	DRAMATIC STARS（天道輝、桜庭薫、柏木翼）	1					
sidem_growingroovin	Growin’Groovin’	Ｗ（蒼井悠介、蒼井享介）	1					
sidem_hanamaru_life	HANAMARU LIFE	兜大吾	1					
sidem_happy_starting	HAPPY STARTING	Café Parade（神谷幸広、東雲荘一郎、アスラン＝ベルゼビュートⅡ世、卯月巻緒、水嶋咲）	1					
sidem_happyhappyミーティング	HAPPY×HAPPYミーティング	天ヶ瀬冬馬	1					
sidem_happys_birthday	Happy's Birthday	S.E.M（硲道夫、舞田類、山下次郎）	1					
sidem_heartmade_cookies	Heartmade Cookies	Café Parade（神谷幸広、東雲荘一郎、アスラン＝ベルゼビュートⅡ世、卯月巻緒、水嶋咲）	1					
sidem_hot_inspiration世界のテッペンyeah	HOT INSPIRATION〜世界のテッペンYeah！〜	蒼井悠介	1					
sidem_key_to_the_dream	KEY to the DREAM	ピエール	1					
sidem_like_a_rolling_donuts	Like a Rolling Donuts!!	若里春名	1					
sidem_magic_of_princess	Magic of Princess	Beit（鷹城恭二、ピエール、渡辺みのり）	1					
sidem_meteoric_swarm	Meteoric Swarm	Legenders（葛之葉雨彦、北村想楽、古論クリス）	1					
sidem_miraculous_white_day	Miraculous White Day	THE 虎牙道（大河タケル、牙崎漣、円城寺道流）	1					
sidem_mixxxxxed	Mixxxxxed!!	High×Joker（秋山隼人、冬美旬、榊夏来、若里春名、伊瀬谷四季）	1					
sidem_moon_shape明鏡止水	Moon Shape/明鏡止水	黒野玄武	1					
sidem_nothing_to_lose	“NOTHING TO LOSE”	Legenders（葛之葉雨彦、北村想楽、古論クリス）	1					
sidem_over_again	Over AGAIN	Jupiter（天ヶ瀬冬馬、御手洗翔太、伊集院北斗）	1					
sidem_panoramas_fanfare	Panorama's Fanfare	Altessimo（都築圭、神楽麗）	1					
sidem_play_for_fun-tasy	PLAY FOR FUN-TASY	Ｗ（蒼井享介、蒼井悠介）	1					
sidem_pleasureforever	Pleasure Forever...		1					
sidem_poppin_planet	POPPIN' PLANET	High×Joker（伊瀬谷四季、秋山隼人、若里春名、冬美旬、榊夏来）	1					
sidem_possession_mind	Possession Mind	鷹城恭二	1					
sidem_precious_ordinary_days	Precious ordinary days	Altessimo（都築圭、神楽麗）	1					
sidem_quod_erat_demonstrandum	Quod Erat Demonstrandum	硲道夫	1					
sidem_radiance_of_heart	Radiance of Heart	葛之葉雨彦	1					
sidem_reflection_breakers	Reflection BREAKERS	THE 虎牙道（大河タケル、牙崎漣、円城寺道流）	1					
sidem_resolution	Resolution	大河タケル	1					
sidem_resonate_blessing	Resonate Blessing	都築圭	1					
sidem_saillightsail	Sail→Light→Sail	古論クリス	1					
sidem_secret_ornament	Secret Ornament	Beit（鷹城恭二、ピエール、渡辺みのり）	1					
sidem_secretplayfuldrive	Secret！Playful！Drive！	S.E.M＆Jupiter（硲道夫、舞田類、山下次郎、天ヶ瀬冬馬、御手洗翔太、伊集院北斗）	1					
sidem_shinysunnystep	Shiny Sunny Step		1					
sidem_shootingdelta	SHOOTING DELTA		1					
sidem_sign_of_hope	Sign of Hope	Altessimo（都築圭、神楽麗）	1					
sidem_smiling_platter	Smiling Platter！	Café Parade（神谷幸広、東雲荘一郎、アスラン＝ベルゼビュートⅡ世、卯月巻緒、水嶋咲）	1					
sidem_soothing_place	SOOTHING PLACE	FRAME（握野英雄、木村龍、信玄誠司）	1					
sidem_starting	S!T!A!R!ting	DRAMATIC STARS（天道輝、桜庭薫、柏木翼）	1					
sidem_stay_tuned_orbit	STAY TUNED ORBIT	Jupiter（天ヶ瀬冬馬、御手洗翔太、伊集院北斗）	1					
sidem_stories	Stories	山下次郎、ピエール、冬美旬、黒野玄武、卯月巻緒、北村想楽	1					
sidem_super_kick_rap	SUPER KICK & RAP	Ｗ（蒼井享介、蒼井悠介）	1					
sidem_universe	Universe		1					
sidem_vivamente	Vivamente！	Altessimo（都築圭、神楽麗）	1					
sidem_wanderland	wanderland		1					
sidem_watchword	Watchword	Ｗ（蒼井悠介、蒼井享介）	1					
sidem_welcome_to_japan	Welcome to Japan！	鷹城恭二、信玄誠司、伊瀬谷四季、北村想楽	1					
sidem_well_find_a_way	We’ll find a way	C.FIRST（天峰秀、花園百々人、眉見鋭心）	1					
sidem_からふるとれじゃわるど	からふる・とれじゃ～わ～るど！	もふもふえん（岡村直央、橘志狼、姫野かのん）	1					
sidem_その場所へ行くためにkeeponfightingrule〜牙ヲ穿テヨ〜battlemix	その場所へ行くために-KEEP ON FIGHTING- × RULE 〜牙ヲ穿テヨ〜 BATTLE MIX		1					
sidem_ましゅまろ色のまほう使い	＊ましゅまろ色のまほう使い＊	もふもふえん（岡村直央、橘志狼、姫野かのん）	1					
sidem_また明日の約束を	「また明日」の約束を	FRAME（握野英雄、木村龍、信玄誠司）	1					
sidem_もくろみインディアnight	もくろみインディアNight	天ヶ瀬冬馬、猫柳キリオ、秋月涼	1					
sidem_もふきゅとデイズ	もふ・きゅ～と・デイズ☆	もふもふえん（岡村直央、橘志狼、姫野かのん）	1					
sidem_もふっとゆにばぁすとらべら	もふっと・ゆにばぁ〜す・とらべら〜！	もふもふえん（岡村直央、橘志狼、姫野かのん）	1					
sidem_ゆきゆきて華やかに	ゆきゆきて華やかに	清澄九郎	1					
sidem_らんまん開花	らんまん開花!	彩（猫柳キリオ、華村翔真、清澄九郎）	1					
sidem_オーロラモーメント	オーロラ・モーメント	神楽麗	1					
sidem_セブンデイズアルペジオ	セブンデイズ・アルペジオ	High×Joker（伊瀬谷四季、秋山隼人、若里春名、冬美旬、榊夏来）	1					
sidem_ハナビラメールの空	ハナビラメールの空	Beit（鷹城恭二、ピエール、渡辺みのり）	1					
sidem_ハローハイドレンジア	ハローハイドレンジア	DRAMATIC STARS（天道輝、桜庭薫、柏木翼）	1					
sidem_ヒカリ待つ明日へ	ヒカリ待つ明日へ	神速一魂（紅井朱雀、黒野玄武）	1					
sidem_ミートユメノトピア	ミート・ユメノトピア	F-LAGS（秋月涼、兜大吾、九十九一希）	1					
sidem_夢の不思議なラビリンス	夢の不思議なラビリンス	Altessimo（都築圭、神楽麗）	1					
sidem_幸燦燦と	幸燦燦と！	彩（猫柳キリオ、華村翔真、清澄九郎）	1					
sidem_惑星が瞬いた夜に	惑星が瞬いた夜に	Jupiter（天ヶ瀬冬馬、御手洗翔太、伊集院北斗）	1					
sidem_掲げよう偽りなき自分を	…掲げよう、偽りなき自分を。	九十九一希	1					
sidem_浮世の演舞	浮世の演舞		1					
sidem_黎明の轍	黎明の轍		1					
765as_1人ぼっちの歌	1人ぼっちの歌	プロデューサー	0					
765as_902pmremster-a	9:02pm(REM@STER-A)	双海亜美	0					
765as_902pmremster-b	9:02pm(REM@STER-B)	秋月律子	0					
765as_902pmドラゴンバスター_ファミソン8bit_mix	9:02pm(『ドラゴンバスター』 ファミソン8BIT MIX)	三浦あずさ、秋月律子	0					
765as_acacia	ACACIA	Red Queen（ミナ、イェリ、ヘジュ、スア）	0					
765as_arcadia_-bossa_nova_rearrange_mix-	arcadia -BOSSA NOVA Rearrange Mix-	如月千早	0					
765as_attention	Attention	Red Queen（ミナ、イェリ、ヘジュ、ナギョン）	0					
765as_because_of_you	Because of you	ジョンジュ	0					
765as_best_road	BEST ROAD	たかはし智秋	0					
765as_binarystar	Binary Star	三浦あずさ、秋月律子	0					
765as_contradiction	Contradiction	今井麻美、たかはし智秋	0					
765as_do-dairemster-a	Do-Dai(REM@STER-A)	星井美希、水瀬伊織	0					
765as_do-dairemster-b	Do-Dai(REM@STER-B)	如月千早、我那覇響	0					
765as_excavate	EXCAVATE	萩原雪歩	0					
765as_first_stageremster-a	First Stage(REM@STER-A)	三浦あずさ	0					
765as_first_stageremster-b	First Stage(REM@STER-B)	菊地真	0					
765as_first_stageゼビウスファミソン8bit_mix	First Stage(『ゼビウス』ファミソン8BIT MIX)	菊地真、萩原雪歩	0					
765as_fourremix-a	FO(U)R(REMIX-A)	天海春香、高槻やよい、星井美希	0					
765as_go_my_way_-esti_remix-	GO MY WAY!! -ESTi Remix-	765PRO ALLSTARS	0					
765as_go_my_way_-house_rearrange_mix-	GO MY WAY!! -HOUSE Rearrange Mix-	我那覇響	0					
765as_go_my_waydream_match_mix	GO MY WAY!!(Dream Match MIX)	如月千早、水瀬伊織	0					
765as_go_my_wayremster-a	GO MY WAY!!(REM@STER-A)	星井美希、三浦あずさ、双海亜美	0					
765as_go_my_wayremster-b	GO MY WAY!!(REM@STER-B)	如月千早	0					
765as_go_my_wayワンダーモモ_ファミソン8bit_mix	GO MY WAY!!(『ワンダーモモ』 ファミソン8BIT MIX)	高槻やよい、双海亜美／真美	0					
765as_here_we_goremster-a	Here we go!!(REM@STER-A)	星井美希	0					
765as_here_we_goremster-b	Here we go!!(REM@STER-B)	萩原雪歩	0					
765as_here_we_goディグダグiiファミソン8bit_mix	Here we go!!(『ディグダグII』ファミソン8BIT MIX)	如月千早、水瀬伊織	0					
765as_inferno_squaring	inferno SQUARING	如月千早、萩原雪歩	0					
765as_inspire	Inspire	今井麻美、たかはし智秋	0					
765as_iremster-a	i(REM@STER-A)	天海春香、高槻やよい	0					
765as_jm-justify_myself-	JM-Justify Myself-	たかはし智秋＆今井麻美	0					
765as_kiss_-hiroyuki_kawada_remix-	KisS -Hiroyuki Kawada Remix-	765PRO ALLSTARS	0					
765as_kosmos_cosmos_-neo_acoustic_rearrange_mix-	Kosmos, Cosmos -NEO ACOUSTIC Rearrange Mix-	萩原雪歩	0					
765as_ladycake	Lady☆Cake	たかはし智秋＆今井麻美	0					
765as_lets_get_started	Let's Get Started	Real Girls Project（スジ、イェウン、ジスル、ミント、ハソ、ヨンジュ、ジェイン、ソリ、ユキカ、ジウォン）	0					
765as_live_for_love	LIVE for LOVE!	天海春香	0					
765as_look_the_sky	LOOK THE SKY	三浦あずさ	0					
765as_lost_in_the_summer	Lost in the Summer	ジェイン、ジョンジュ	0					
765as_lr	L＜＞R	双海亜美／真美	0					
765as_maybe_tomorrow	Maybe TOMORROW	765PRO ALLSTARS	0					
765as_maybe_tomorrow_petit_specialver	Maybe TOMORROW Petit Special.ver	やよ、いお、みうらさん、たかにゃ	0					
765as_melting_season	Melting season	今井麻美＆たかはし智秋	0					
765as_memories	Memories	ジウォン、スジ	0					
765as_moony_-djtekinasomething_aka_ゆよゆっぺ_remix-	MOONY -DJ'TEKINA//SOMETHING a.k.a ゆよゆっぺ Remix-	我那覇響	0					
765as_msterpiece_-club_bossa_nova_rearrange_mix-	M@STERPIECE -CLUB BOSSA NOVA Rearrange Mix-	水瀬伊織、星井美希、三浦あずさ、双海真美、我那覇響	0					
765as_msterpiece_-mitsuhiro_kitadani_remix-	M@STERPIECE -Mitsuhiro Kitadani Remix-	765PRO ALLSTARS	0					
765as_music_-taku_inoue_remix-	MUSIC♪ -TAKU INOUE Remix-	765PRO ALLSTARS	0					
765as_my_best_friendremster-a	My Best Friend(REM@STER-A)	星井美希	0					
765as_my_best_friendremster-b	My Best Friend(REM@STER-B	水瀬伊織	0					
765as_my_best_friendイシターの復活ファミソン8bit_mix	My Best Friend(『イシターの復活』ファミソン8BIT MIX)	菊地真、萩原雪歩	0					
765as_my_song_-lindaai-cue_remix-	my song -LindaAI-CUE Remix-	765PRO ALLSTARS	0					
765as_my_songremster-a	my song(REM@STER-A)	秋月律子、双海亜美／真美	0					
765as_mythmaker_-taku_inoue_remix-	Mythmaker -Taku Inoue Remix-	765PRO ALLSTARS	0					
765as_not_endbut_and_	NOT END…BUT AND !!	Real Girls Project（スジ、イェウン、ジスル、ミント、ハソ、ヨンジュ、ジェイン、ソリ、ユキカ、ジウォン）	0					
765as_okey-dokeyニューアレンジ	Okey-dokey(ニュー・アレンジ)	今井麻美、たかはし智秋	0					
765as_one_for_all	One for all	Real Girls Project（スジ、イェウン、ジスル、ミント、ハソ、ヨンジュ、ジェイン、ソリ、ユキカ、ジウォン）	0					
765as_pingpong_game	PINGPONG GAME	Real Girls Project（ソリ、ユキカ、ジウォン、イェウン、スジ）	0					
765as_pink_の_february	pink の february	今井麻美＆たかはし智秋	0					
765as_pu-ru-ru	Pu-Ru-Ru	萩原雪歩	0					
765as_qa	Q&A	秋月律子	0					
765as_ready_-bossa_nova_rearrange_mix-	READY!! -BOSSA NOVA Rearrange Mix-	水瀬伊織	0					
765as_relations_-jazz_rearrange_mix-	relations -JAZZ Rearrange Mix-	星井美希	0					
765as_relationsdigno-pop_mix	relations(digno-pop MIX)	菊地真、萩原雪歩	0					
765as_relationsremster-a	relations(REM@STER-A)	天海春香	0					
765as_relationsremster-b	relations(REM@STER-B)	水瀬伊織	0					
765as_relationsギャプラスファミソン8bit_mix	relations(『ギャプラス』ファミソン8BIT MIX)	天海春香、星井美希	0					
765as_shiny_smile_-百引一_remix-	shiny smile -百引一 Remix-	765PRO ALLSTARS	0					
765as_shiny_smileremster-a	shiny smile(REM@STER-A)	菊地真、三浦あずさ	0					
765as_shiny_smileremster-b	shiny smile(REM@STER-B)	四条貴音、萩原雪歩	0					
765as_smoky_fruits	SMOKY FRUITS	水瀬伊織、三浦あずさ、双海亜美	0					
765as_smoky_thrill_-rio_hamamoto_remix-	SMOKY THRILL -Rio Hamamoto Remix-	双海亜美	0					
765as_still_love	Still Love	今井麻美	0					
765as_stylish_queen	STYLISH QUEEN★	たかはし智秋	0					
765as_sunshine	sunshine	たかはし智秋	0					
765as_super_girl_magic	SUPER GIRL MAGIC	Red Queen（ミナ、イェリ、ヘジュ、ナギョン）	0					
765as_the_idolmster_-rio_hamamoto_remix-	THE IDOLM@STER -Rio Hamamoto Remix-	765PRO ALLSTARS	0					
765as_the_idolmsterremster-a	THE IDOLM@STER(REM@STER-A)	星井美希	0					
765as_the_idolmsterremster-b	THE IDOLM@STER(REM@STER-B)	水瀬伊織、菊地真、秋月律子	0					
765as_the_idolmsterたろすけバスターnw_mix	THE IDOLM@STER(たろすけバスターNW　MIX)	天海春香、星井美希	0					
765as_today_with_me	TODAY with ME	如月千早	0					
765as_today_with_me_petit_specialver	TODAY with ME Petit Special.ver	ちひゃー、こあみ・こまみ、ちびき、ゆきぽ	0					
765as_tower_of_adventure	Tower of Adventure	秋月律子	0					
765as_urgentニューアレンジ	URGENT!!!(ニュー・アレンジ)	たかはし智秋、今井麻美	0					
765as_virgin_load	Virgin Load	菊地真、星井美希、四条貴音	0					
765as_wanna_be_your_star	Wanna be your Star	Real Girls Project（ハソ、ジェイン、イェウン）	0					
765as_we_just_started_-kakeru_ishihama_remix-	We just started -Kakeru Ishihama Remix-	765PRO ALLSTARS	0					
765as_→→→sp	→→→SP	天海春香、島村卯月、春日未来、天道輝、櫻木真乃、花海咲季	0					
765as_あしたアイシテル	あしたアイシテル	たかはし智秋、今井麻美	0					
765as_ありがとyesterdays	あ・り・が・と・YESTERDAYS	天海春香、菊地真、星井美希、秋月律子	0					
765as_ありがとyesterdays_petit_specialver	あ・り・が・と・YESTERDAYS Petit Special.ver	はるかさん、まこちー、あふぅ、ちっちゃん	0					
765as_うれしあやかし道中記	うれし・あやかし道中記	我那覇響	0					
765as_おとなのはじまり_-lindaai-cue_remix-	おとなのはじまり -LindaAI-CUE Remix-	765PRO ALLSTARS	0					
765as_おはよう朝ご飯remster-a	おはよう！！朝ご飯(REM@STER-A)	双海真美	0					
765as_おはよう朝ご飯remster-b	おはよう！！朝ご飯(REM@STER-B)	菊地真	0					
765as_おはよう朝ご飯ドルアーガの塔ファミソン8bit_mix	おはよう！！朝ご飯(『ドルアーガの塔』ファミソン8BIT MIX)	高槻やよい、双海亜美／真美	0					
765as_おんぷ	♪（おんぷ）	音無小鳥	0					
765as_きゅんっヴァンパイアガール_-keiichi_hirokawa_remix-	きゅんっ!ヴァンパイアガール -Keiichi Hirokawa Remix-	765PRO ALLSTARS	0					
765as_たいせつなひと	たいせつなひと	菊地真	0					
765as_どっきりハピバ	どっきり☆ハピバ	双海亜美／真美	0					
765as_ねがいひとつ	ねがいひとつ	萩原雪歩	0					
765as_またはじめよう	また、はじめよう。	たかはし智秋＆今井麻美	0					
765as_まっすぐ_-neo_acoustic_rearrange_mix-	まっすぐ -NEO ACOUSTIC Rearrange Mix-	秋月律子	0					
765as_まっすぐ_-ryo_watanabe_remix-	まっすぐ -Ryo Watanabe Remix-	765PRO ALLSTARS	0					
765as_まっすぐremster-a	まっすぐ(REM@STER-A)	秋月律子	0					
765as_まっすぐremster-b	まっすぐ(REM@STER-B)	音無小鳥	0					
765as_まっすぐフェリオスファミソン8bit_mix	まっすぐ(『フェリオス』ファミソン8BIT MIX)	三浦あずさ、秋月律子	0					
765as_らららわんだぁらんどとろぴかるremix	ら♪ら♪ら♪わんだぁらんど(とろぴかるremix)	天海春香＆はるかさん、如月千早＆ちひゃー、萩原雪歩＆ゆきぽ、高槻やよい＆やよ、秋月律子＆ちっちゃん、三浦あずさ＆みうらさん、水瀬伊織＆いお、菊地真＆まこちー、双海亜美／真美＆こあみ・こまみ、星井美希＆あふぅ、我那覇響＆ちびき、四条貴音＆たかにゃ、音無小鳥＆ぴよぴよ	0					
765as_アイシテの呪縛je_vous_aime	アイシテの呪縛〜Je vous aime〜	Project LUMINOUS（如月千早、三浦あずさ、秋月律子、四条貴音、神崎蘭子、最上静香、白石紬、白瀬咲耶、杜野凛世、奥空心白）	0					
765as_エピソードラブ	エピソードラブ	水瀬伊織	0					
765as_エージェント夜を往くhoover_acid_mix	エージェント夜を往く(Hoover ＆ Acid MIX)	双海亜美／真美	0					
765as_エージェント夜を往くremster-a	エージェント夜を往く(REM@STER-A)	萩原雪歩	0					
765as_エージェント夜を往くremster-b	エージェント夜を往く(REM@STER-B)	如月千早	0					
765as_エージェント夜を往くローリングサンダーファミソン8bit_mix	エージェント夜を往く(『ローリングサンダー』ファミソン8BIT MIX)	菊地真、萩原雪歩	0					
765as_エール	エール	たかはし智秋＆今井麻美	0					
765as_オハロナイとろぴかる_remix	オハロナイ○＊☆とろぴかる Remix	やよい、伊織、響、亜美、真美、律子、真、春香、千早、あずさ、貴音、雪歩、美希	0					
765as_カンゲキハッピーエコロジー	カンゲキハッピーエコロジー	高槻やよい	0					
765as_キミはメロディ_-ajurika_remix-	キミはメロディ -AJURIKA Remix-	765PRO ALLSTARS	0					
765as_キミはメロディ_-jazz_rearrange_mix-	キミはメロディ -JAZZ Rearrange Mix-	四条貴音	0					
765as_キラメキラリ_-bossa_nova_rearrange_mix-	キラメキラリ -BOSSA NOVA Rearrange Mix-	高槻やよい	0					
765as_キラメキラリ_-おおくぼひろし_remix-	キラメキラリ -おおくぼひろし Remix-	765PRO ALLSTARS	0					
765as_グッナイスターズ	グッナイ☆スターズ	あずさ、貴音、雪歩、美希	0					
765as_スタトスタ_-ajurika_remix-	スタ→トスタ→ -AJURIKA Remix-	765PRO ALLSTARS	0					
765as_チャンピオン	チャンピオン	星井美希	0					
765as_ドキッラブアトラクション	ドキッ♥ラブアトラクション	双海亜美／真美	0					
765as_ハニカミファーストバイト	ハニカミ！ファーストバイト	竜宮小町、三浦あずさ、双海亜美	0					
765as_ハニカミファーストバイト_-esti_remix-	ハニカミ！ファーストバイト -ESTi Remix-	765PRO ALLSTARS	0					
765as_ハローランチタイム	ハロー＊ランチタイム	律子、真、春香、千早	0					
765as_ビジョナリー_-ajurika_remix-	ビジョナリー -AJURIKA Remix-	765PRO ALLSTARS	0					
765as_ポジティブ_-trance_rearrange_mix-	ポジティブ！ -TRANCE Rearrange Mix-	双海亜美／真美	0					
765as_ポジティブremster-a	ポジティブ！!(REM@STER-A)	三浦あずさ	0					
765as_ポジティブremster-b	ポジティブ(REM@STER-B)	高槻やよい	0					
765as_ポジティブスカイキッドmix	ポジティブ！(『スカイキッド』MIX)	三浦あずさ、秋月律子	0					
765as_ポジティブマッピーファミソン8bit_mix	ポジティブ！(『マッピー』ファミソン8BIT MIX)	高槻やよい、双海亜美／真美	0					
765as_ラムネ色_青春_-crossover_rearrange_mix-	ラムネ色 青春 -CROSSOVER Rearrange Mix-	天海春香、如月千早、秋月律子	0					
765as_ラムネ色_青春_-mifumei_remix-	ラムネ色 青春 -mifumei Remix-	菊地真	0					
765as_乙女よ大志を抱け_-neo_acoustic_rearrange_mix-	乙女よ大志を抱け！！ -NEO ACOUSTIC Rearrange Mix-	天海春香	0					
765as_乙女よ大志を抱け_-takafumi_sato_remix-	乙女よ大志を抱け！！ -Takafumi Sato Remix-	765PRO ALLSTARS	0					
765as_乙女心盗んで	乙女心盗んで！	水瀬伊織	0					
765as_今_スタート	今 スタート！	如月千早、三浦あずさ、我那覇響	0					
765as_何度も言えるよ_-takafumi_sato_remix-	何度も言えるよ -Takafumi Sato Remix-	765PRO ALLSTARS	0					
765as_僕はあなたに恋する	僕はあなたに恋する	たかはし智秋、今井麻美	0					
765as_全力ドリーミングガールズ	全力★ドリーミングガールズ	田中摩美々、萩原雪歩、高槻やよい、双海亜美、双海真美、星井美希、諸星きらり、城ヶ崎美嘉、伊吹翼、桜守歌織、小宮果穂、奥空心白、亜夜	0					
765as_初恋_三章_幸せの紅葉	初恋 〜三章 幸せの紅葉〜	秋月律子、高槻やよい	0					
765as_初恋_二章_告白の花火	初恋 〜二章 告白の花火〜	水瀬伊織、三浦あずさ、双海亜美	0					
765as_初恋_五章_永遠のクリスマス	初恋 〜五章 永遠のクリスマス〜	如月千早、萩原雪歩	0					
765as_初恋_四章_運命のイヴ	初恋 〜四章 運命のイヴ〜	天海春香、菊地真、双海真美	0					
765as_前向きで行こう	前向きで行こう♪	天海春香	0					
765as_北極星をズラしちゃえ	北極星をズラしちゃえ！	双海亜美、双海真美	0					
765as_咲きませ乙女塾	咲きませ！！乙女塾	天海春香、菊地真、双海真美	0					
765as_声が聴こえる	声が聴こえる	今井麻美	0					
765as_夏空のブローチ	夏空のブローチ	天海春香	0					
765as_夢見る頃	夢見る頃	今井麻美、たかはし智秋	0					
765as_天と海の島	天と海の島	我那覇響	0					
765as_太陽と月	太陽と月	たかはし智秋、今井麻美	0					
765as_太陽のジェラシーremster-a	太陽のジェラシー(REM@STER-A)	双海亜美	0					
765as_太陽のジェラシーremster-b	太陽のジェラシー(REM@STER-B)	秋月律子	0					
765as_太陽のジェラシーオーダインファミソン8bit_mix	太陽のジェラシー(『オーダイン』ファミソン8BIT MIX)	天海春香、星井美希	0					
765as_強い女	強い女	天海春香	0					
765as_思い出をありがとうremster-a	思い出をありがとう(REM@STER-A)	天海春香、高槻やよい、双海真美	0					
765as_思い出をありがとうremster-b	思い出をありがとう(REM@STER-B)	三浦あずさ	0					
765as_思い出をありがとうトイポップファミソン8bit_mix	思い出をありがとう(『トイポップ』ファミソン8BIT MIX)	如月千早、水瀬伊織	0					
765as_恋するtwistshout	恋するTwist&Shout	高槻やよい、秋月律子	0					
765as_旅の途中で	旅の途中で	四条貴音	0					
765as_春の日差し	春の日差し	今井麻美、たかはし智秋	0					
765as_禁恋歌	禁恋歌	三浦あずさ	0					
765as_私たちはずっとでしょう_-ryo_watanabe_remix-	私たちはずっと…でしょう？ -Ryo Watanabe Remix-	765PRO ALLSTARS	0					
765as_私はアイドルremster-a	私はアイドル(REM@STER-A)	高槻やよい	0					
765as_私はアイドルremster-b	私はアイドル♡(REM@STER-B)	如月千早、音無小鳥、萩原雪歩	0					
765as_私はアイドルワルキューレの伝説ファミソン8bit_mix	私はアイドル♡(『ワルキューレの伝説』ファミソン8BIT MIX)	天海春香、星井美希	0					
765as_約束_-hidekazu_tanaka_remix-	約束 -Hidekazu Tanaka Remix-	765PRO ALLSTARS	0					
765as_自転車_-house_rearrange_mix-	自転車 -HOUSE Rearrange Mix-	菊地真	0					
765as_蒼い鳥_-taku_inoue_remix-	蒼い鳥 -Taku Inoue Remix-	765PRO ALLSTARS	0					
765as_蒼い鳥remster-a	蒼い鳥(REM@STER-A)	天海春香	0					
765as_蒼い鳥remster-b	蒼い鳥(REM@STER-B)	萩原雪歩	0					
765as_蒼い鳥ドラゴンスピリットファミソン8bit_mix	蒼い鳥(『ドラゴンスピリット』ファミソン8BIT MIX)	如月千早	0					
765as_虹色ミラクル_-jazz_fusion_rearrange_mix-	虹色ミラクル -JAZZ FUSION Rearrange Mix-	萩原雪歩、菊地真、高槻やよい、双海亜美、四条貴音	0					
765as_赤い花咲いた	赤い花咲いた	たかはし智秋	0					
765as_隣に_-jazz_rearrange_mix-	隣に・・・ -JAZZ Rearrange Mix-	三浦あずさ	0					
765as_飛べない鳥は夜に鳴く	飛べない鳥は夜に鳴く	音無小鳥 featuring 高木順二朗 and you、大塚芳忠）	0					
765as_飛べスカイキッド	飛べ！スカイキッド	音無小鳥	0					
765as_魔法をかけて_-ryo_watanabe_remix-	魔法をかけて! -Ryo Watanabe Remix-	765PRO ALLSTARS	0					
765as_魔法をかけてremster-a	魔法をかけて！(REM@STER-A)	高槻やよい	0					
765as_魔法をかけてremster-b	魔法をかけて！(REM@STER-B)	如月千早	0					
765as_魔法をかけて妖怪道中記ファミソン8bit_mix	魔法をかけて！(『妖怪道中記』ファミソン8BIT MIX)	三浦あずさ、秋月律子	0					
876_ソライロ_vα-liv_ver	ソライロ! (vα-liv ver)		0					
961_bangbang	BANG×BANG	天ヶ瀬冬馬	0					
961_on_sunday	On Sunday	御手洗翔太	0					
961_shine_my_way	Shine My Way	ZWEIGLANZ（玲音、詩花）	0					
961_結晶crystal_dust	結晶〜Crystal Dust〜	伊集院北斗	0					
cg_14平米にスーベニア_-広川恵一_remix-	14平米にスーベニア -広川恵一 Remix-	久川凪	0					
cg_2nd_side_-雨あがり_remix-	2nd SIDE -雨あがり Remix-	CINDERELLA PROJECT	0					
cg_blessing	Blessing	高垣楓	0					
cg_cookiedough	Cookie Dough	高垣楓、三船美優、大和亜季	0					
cg_demolish	Demolish	Threat Sign（本田未央、結城晴、ナターリア）	0					
cg_dokidokiリズム_for_chieri_rearrange_mix	DOKIDOKIリズム 〜For Chieri rearrange MIX〜	緒方智絵里	0					
cg_evermore_-_しんげきremix_-	EVERMORE - しんげきRemix -	神崎蘭子、二宮飛鳥	0					
cg_hotel_moonside_-take_me_away_from_metropolis_remix-	Hotel Moonside -Take me away from Metropolis Remix-	一ノ瀬志希	0					
cg_hotel_moonside_extended_live_version	Hotel Moonside (Extended Live Version)	速水奏	0					
cg_last_kiss_-esti_remix-	Last Kiss -ESTi Remix-	三船美優	0					
cg_lilac_time_ピクニックライブ_acoustic_ver	lilac time (ピクニックライブ Acoustic Ver.)	相葉夕美	0					
cg_never_say_never_for_anastasia_rearrange_mix	Never say never 〜For Anastasia rearrange MIX〜	アナスタシア	0					
cg_nswerののの物語	∀NSWER～ののの物語～	森久保乃々	0					
cg_o-ku-ri-mo-no_sunday_-ヒゲドライバー_remix-	O-Ku-Ri-Mo-No Sunday! -ヒゲドライバー Remix-	miroir（久川颯、久川凪）	0					
cg_otahen_アンセム_-massive_new_krew_remix-	OTAHEN アンセム -Massive New Krew Remix-	夢見りあむ	0					
cg_poppinparapong	Poppin' para Pong!	赤城みりあ、市原仁奈、椎名法子	0					
cg_pretty_liar_-ミフメイ_remix-	Pretty Liar -ミフメイ Remix-	ミステリアスアイズ（高垣楓、速水奏）	0					
cg_romantic_now_-for_uzuki_rearrange_mix-	Romantic Now -For Uzuki rearrange MIX-	島村卯月	0					
cg_rose_禁じられた愛	ROSE 〜禁じられた愛〜		0					
cg_stage_bye_stage_-emontes_remix-	Stage Bye Stage -emon(Tes.) Remix-	島村卯月、渋谷凛、本田未央	0					
cg_tokimekiエスカレート_-tropical_summer_nude_remix-	TOKIMEKIエスカレート -Tropical Summer Nude Remix-	城ヶ崎美嘉	0					
cg_あんずのうた_-ノるあんず2000_dj過重労働_remix-	あんずのうた -ノるあんず2000 (DJ過重労働) Remix-	双葉杏	0					
cg_あんずのうた_for_kirari_rearrange_mix	あんずのうた 〜For Kirari Rearrange MIX〜	諸星きらり	0					
cg_おねえちゃんデスコ	おねえちゃんデスコ	市原仁奈	0					
cg_おねだり_shall_we_-for_kanako_rearrange_mix-	おねだり Shall We 〜？ -For Kanako rearrange MIX-	三村かな子	0					
cg_お願いシンデレラ_-_しんげきremix_-	お願い！シンデレラ - しんげきRemix -	島村卯月、小日向美穂	0					
cg_お願いシンデレラ_-山本真央樹_remix-	お願い！シンデレラ -山本真央樹 Remix-	CINDERELLA PROJECT	0					
cg_がおちゅーさふぁりぱーく	がおちゅー♪さふぁりぱーく！	がおがおわんだぁ（市原仁奈、三船美優、及川雫、向井拓海）	0					
cg_こいかぜ_-night_wind_remix-	こいかぜ -Night Wind Remix-	鷺沢文香	0					
cg_こいかぜ_ー序章ー	こいかぜ ー序章ー	高垣楓	0					
cg_こいかぜ_ー紺碧ー	こいかぜ ー紺碧ー	高垣楓	0					
cg_そのままで	そのままで	安部菜々	0					
cg_つぼみ_-djtekinasomething_aka_ゆよゆっぺ_remix-	つぼみ -DJ'TEKINA//SOMETHING a.k.a ゆよゆっぺ Remix-	THE IDOLM@STER CINDERELLA GIRLS for BEST5!（塩見周子、前川みく、高垣楓、相葉夕美、一ノ瀬志希）	0					
cg_とどけアイドル_-_しんげきremix_-	とどけ！アイドル - しんげきRemix -	本田未央、諸星きらり	0					
cg_アタシポンコツアンドロイド_-北谷光浩_remix-	アタシポンコツアンドロイド -北谷光浩 Remix-	双葉杏、前川みく、島村卯月、小日向美穂、安部菜々	0					
cg_ショコラティアラ_for_miria_rearrange_mix	ショコラ・ティアラ 〜For Miria rearrange MIX〜	赤城みりあ	0					
cg_ススメオトメ_jewel_parade_-_しんげきremix_-	ススメ☆オトメ 〜jewel parade〜 - しんげきRemix -	城ヶ崎美嘉、城ヶ崎莉嘉	0					
cg_スパイスパラダイス_カレーメシ_ver	スパイスパラダイス 〜カレーメシ ver.〜	ポジティブパッション（本田未央、日野茜、高森藍子）	0					
cg_ゼロトゥワン	ゼロトゥワン!!	U149（橘ありす、櫻井桃華、赤城みりあ、的場梨沙、結城晴、佐々木千枝、龍崎薫、市原仁奈、古賀小春）	0					
cg_メッセージ_-_しんげきremix_-	メッセージ - しんげきRemix -	安部菜々、緒方智絵里	0					
cg_レッドソール_-烏屋茶房_remix-	レッド・ソール -烏屋茶房 Remix-	Flamme Martini（桐生つかさ、三船美優、星輝子、藤原肇）	0					
cg_ヴィーナスシンドローム_for_ranko_rearrange_mix	ヴィーナスシンドローム 〜For Ranko rearrange MIX〜	神崎蘭子	0					
cg_千夜一夜alf_layla_wa_layla	千夜一夜(Alf Layla wa Layla)	ライラ	0					
cg_大好きのブーケ	大好きのブーケ		0					
cg_私色のプレリュード	私色のプレリュード	水本ゆかり	0					
cg_華蕾夢ミル狂詩曲_魂ノ導_-for_anzu_rearrange_mix-	華蕾夢ミル狂詩曲 〜魂ノ導〜 -For Anzu rearrange MIX-	双葉杏	0					
cg_輝く世界の魔法_しんげきremix-	輝く世界の魔法 – しんげきRemix-	アナスタシア、渋谷凛	0					
gakuen_cosmetic_redalice_remix	Cosmetic (REDALiCE Remix)		0					
gakuen_ego_nor_remix	EGO (Nor Remix)		0					
gakuen_feel_jewel_dream_james_landino_remix	Feel Jewel Dream (James Landino Remix)		0					
gakuen_kira_kira_r-906_remix	Kira Kira (r-906 Remix)		0					
gakuen_luna_say_maybe_gaburyu_remix	Luna say maybe (gaburyu Remix)		0					
gakuen_luv_石濱翔_remix	L.U.V (石濱 翔 Remix)		0					
gakuen_the_rolling_riceball_lindaai-cue_remix	The Rolling Riceball (LindaAI-CUE Remix)		0					
gakuen_yellow_big_bang_cosmo_remix	Yellow Big Bang! (cosMo@暴走P Remix)		0					
gakuen_クライアイ	クライアイ		0					
gakuen_ツキノカメ_shinpei_nasuno_remix	ツキノカメ (Shinpei Nasuno Remix)		0					
gakuen_ミラクルナナウ_佐藤貴文_remix	ミラクルナナウ(ﾟ∀ﾟ)！ (佐藤貴文 Remix)		0					
gakuen_メクルメ_pas_tasta_remix	メクルメ (PAS TASTA Remix)		0					
gakuen_仮装狂騒曲_原口沙輔_remix	仮装狂騒曲 (原口沙輔 Remix)		0					
gakuen_憧れをいっぱい_tomggg_remix	憧れをいっぱい (Tomggg Remix)		0					
gakuen_白線_やしきん_remix	白線 (やしきん Remix)		0					
ml_7daysaweek北上麗花ver	7Days A Week!! (北上麗花 Ver.)		0					
ml_7daysaweek松田亜利沙ver	7Days A Week!! (松田亜利沙 Ver.)		0					
ml_7daysaweek真壁瑞希ver	7Days A Week!! (真壁瑞希 Ver.)		0					
ml_7daysaweek馬場このみver	7Days A Week!! (馬場このみ Ver.)		0					
ml_7daysaweek高山紗代子ver	7Days A Week!! (高山紗代子 Ver.)		0					
ml_addicted_snails_house_remix	addicted (Snail's House Remix)	四条貴音	0					
ml_be_my_boynyankobrq_remix	Be my Boy（nyankobrq Remix）	百瀬莉緒	0					
ml_believe_clover	Believe Clover	Clover（矢吹可奈、北沢志保、箱崎星梨花、高坂海美）	0					
ml_believe_my_change_teddyloid_remix	Believe my change! (TeddyLoid Remix)	伊吹翼	0					
ml_bigバルーンko3_remix	Bigバルーン◎（KO3 Remix）	双海亜美、永吉昴、野々原茜、馬場このみ	0					
ml_birth_of_color_kiwi_remix	Birth of Color (KiWi Remix)	BIRTH（菊地真、萩原雪歩、舞浜歩、三浦あずさ、矢吹可奈）	0					
ml_bitter_sweet_チバニャン_remix	bitter sweet (チバニャン Remix)	豊川風花	0					
ml_blue_symphony_teddyloid_remix	Blue Symphony (TeddyLoid Remix)	如月千早、北沢志保、田中琴葉、所恵美	0					
ml_bouncing_smiledj_wildparty_remix	BOUNCING♪ SMILE!（DJ WILDPARTY Remix)	大神環	0					
ml_brand_new_theater_brand_new_year_ver	Brand New Theater! 〜Brand New Year Ver.〜	765 MILLION ALLSTARS（天海春香、春日未来、如月千早、木下ひなた、四条貴音、ジュリア、高山紗代子、田中琴葉、天空橋朋花、箱崎星梨花、松田亜利沙、三浦あずさ、水瀬伊織、最上静香、望月杏奈、矢吹可奈、エミリー スチュアート、大神環、我那覇響、菊地真、北上麗花、高坂海美、佐竹美奈子、島原エレナ、高槻やよい、永吉昴、野々原茜、馬場このみ、福田のり子、舞浜歩、真壁瑞希、百瀬莉緒、横山奈緒、秋月律子、伊吹翼、北沢志保、篠宮可憐、周防桃子、徳川まつり、所恵美、豊川風花、中谷育、七尾百合子、二階堂千鶴、萩原雪歩、ロコ、双海亜美、双海真美、星井美希、宮尾美也、白石紬、桜守歌織）	0					
ml_brandnewtheater北上麗花ver	Brand New Theater! (北上麗花 Ver.)		0					
ml_brandnewtheater如月千早ver	Brand New Theater! (如月千早 Ver.)		0					
ml_brandnewtheater真壁瑞希ver	Brand New Theater! (真壁瑞希 Ver.)		0					
ml_brandnewtheater馬場このみver	Brand New Theater! (馬場このみ Ver.)		0					
ml_brandnewtheater高山紗代子ver	Brand New Theater! (高山紗代子 Ver.)		0					
ml_catch_my_dream_チバニャン_remix	Catch my dream (チバニャン Remix)	最上静香	0					
ml_clash_of_colors	Clash of Colors	横山奈緒、真壁瑞希、永吉昴、萩原雪歩	0					
ml_crossing七尾百合子ver	Crossing! (七尾百合子 Ver.)		0					
ml_crossing北上麗花ver	Crossing! (北上麗花 Ver.)		0					
ml_crossing北沢志保ver	Crossing! (北沢志保 Ver.)		0					
ml_crossing天海春香ver	Crossing! (天海春香 Ver.)		0					
ml_crossing如月千早ver	Crossing! (如月千早 Ver.)		0					
ml_crossing宮尾美也ver	Crossing! (宮尾美也 Ver.)		0					
ml_crossing所恵美ver	Crossing! (所 恵美 Ver.)		0					
ml_crossing望月杏奈ver	Crossing! (望月杏奈 Ver.)		0					
ml_crossing松田亜利沙ver	Crossing! (松田亜利沙 Ver.)		0					
ml_crossing桜守歌織ver	Crossing! (桜守歌織 Ver.)		0					
ml_crossing水瀬伊織ver	Crossing! (水瀬伊織 Ver.)		0					
ml_crossing白石紬ver	Crossing! (白石 紬 Ver.)		0					
ml_crossing真壁瑞希ver	Crossing! (真壁瑞希 Ver.)		0					
ml_crossing馬場このみver	Crossing! (馬場このみ Ver.)		0					
ml_crossing高山紗代子ver	Crossing! (高山紗代子 Ver.)		0					
ml_date_parade	DATE PARADE!	星井美希	0					
ml_day_after_yesterday_yukiyanagi_remix	Day After “Yesterday” (yukiyanagi Remix)	永吉昴	0					
ml_dear_teddyloid_remix	dear... (TeddyLoid Remix)	馬場このみ	0					
ml_detective_high_恋探偵物語_giga_remix	DETECTIVE HIGH! ～恋探偵物語～ (Giga Remix)	双海真美	0					
ml_dreaming_-mr_remix-	Dreaming! -MR remix-	春日未来、最上静香、箱崎星梨花	0					
ml_dual_style_idol	Dual Style Idol	舞浜歩	0					
ml_especially_angel	Especially Angel♡	豊川風花、双海真美、北上麗花、島原エレナ、馬場このみ、三浦あずさ	0					
ml_eternal_harmony_チバニャン_remix	Eternal Harmony (チバニャン Remix)	エターナルハーモニー（如月千早、エミリー スチュアート、ジュリア、徳川まつり、豊川風花）	0					
ml_faithtofaith	FAITH/TO/FAITH	七尾百合子、三浦あずさ、我那覇響、島原エレナ、真壁瑞希、百瀬莉緒	0					
ml_fake_selftrue_self	FAKE SELF×TRUE SELF	星井美希	0					
ml_fake_selftrue_self_sober_bear_remix	FAKE SELF×TRUE SELF (Sober Bear Remix)	星井美希	0					
ml_find_your_wind_teddyloid_remix	FIND YOUR WIND! (TeddyLoid Remix)	北上麗花	0					
ml_fly_to_everywhere	FLY TO EVERYWHERE	菊地真	0					
ml_fly_to_everywheregetty_remix	FLY TO EVERYWHERE（Getty Remix）	菊地真	0					
ml_flyers_-mr_remix-	Flyers!!! -MR remix-	春日未来、最上静香、箱崎星梨花	0					
ml_flyers北上麗花ver	Flyers!!! (北上麗花 Ver.)		0					
ml_flyers如月千早ver	Flyers!!! (如月千早 Ver.)		0					
ml_flyers望月杏奈ver	Flyers!!! (望月杏奈 Ver.)		0					
ml_flyers桜守歌織ver	Flyers!!! (桜守歌織 Ver.)		0					
ml_flyers真壁瑞希ver	Flyers!!! (真壁瑞希 Ver.)		0					
ml_flyers馬場このみver	Flyers!!! (馬場このみ Ver.)		0					
ml_flyers高山紗代子ver	Flyers!!! (高山紗代子 Ver.)		0					
ml_fu-wa-du-waチバニャン_remix	Fu-Wa-Du-Wa（チバニャン Remix）	菊地真、双海真美、島原エレナ、舞浜 歩	0					
ml_get_my_shinin_dé_dé_mouse_remix	Get My Shinin’ （DÉ DÉ MOUSE Remix）	舞浜歩	0					
ml_glowmap北上麗花ver	Glow Map (北上麗花 Ver.)		0					
ml_glowmap如月千早ver	Glow Map (如月千早 Ver.)		0					
ml_glowmap望月杏奈ver	Glow Map (望月杏奈 Ver.)		0					
ml_glowmap桜守歌織ver	Glow Map (桜守歌織 Ver.)		0					
ml_glowmap真壁瑞希ver	Glow Map (真壁瑞希 Ver.)		0					
ml_glowmap馬場このみver	Glow Map (馬場このみ Ver.)		0					
ml_glowmap高山紗代子ver	Glow Map (高山紗代子 Ver.)		0					
ml_good-sleep_babydj_wildparty_remix	Good-Sleep, Baby♡（DJ WILDPARTY Remix）	高槻やよい、大神環、中谷育、矢吹可奈	0					
ml_greedy_girl	GREEDY GIRL	秋月律子	0					
ml_greedy_girlケンモチヒデフミ_remix	GREEDY GIRL（ケンモチヒデフミ Remix）	秋月律子	0					
ml_growing_storm_teddyloid_remix	Growing Storm! (TeddyLoid Remix)	乙女ストーム！（春日未来、伊吹翼、七尾百合子、真壁瑞希、望月杏奈）	0					
ml_happy_darling_giga_remix	Happy Darling (Giga Remix)	望月杏奈	0					
ml_happysteppingdreaming	HAPPY♪STEPPING!!DREAMING☆	天海春香	0					
ml_harmony4you北上麗花ver	Harmony 4 You (北上麗花 Ver.)		0					
ml_harmony4you如月千早ver	Harmony 4 You (如月千早 Ver.)		0					
ml_harmony4you桜守歌織ver	Harmony 4 You (桜守歌織 Ver.)		0					
ml_harmony4you真壁瑞希ver	Harmony 4 You (真壁瑞希 Ver.)		0					
ml_harmony4you馬場このみver	Harmony 4 You (馬場このみ Ver.)		0					
ml_harmony4you高山紗代子ver	Harmony 4 You (高山紗代子 Ver.)		0					
ml_heartデイズnight_toriena_remix	Heart♡・デイズ・Night☆ (TORIENA Remix)	野々原茜	0					
ml_helloコンチェルトチバニャン_remix	Helloコンチェルト（チバニャン Remix）	秋月律子、木下ひなた、佐竹美奈子、松田亜利沙	0					
ml_home_sweet_friendshipbatsu_remix	HOME, SWEET FRIENDSHIP（Batsu Remix)	リコッタ（天海春香、周防桃子、福田のり子、松田亜利沙、横山奈緒）	0					
ml_hug_a_nice_day	Hug a nice day!	高坂海美、白石紬、豊川風花、永吉昴、野々原茜、矢吹可奈	0					
ml_impervious_resolution_toriena_remix	Impervious Resolution (TORIENA Remix)	萩原雪歩	0					
ml_impressionlocomotiontaku_takahashi_remix	IMPRESSION→LOCOMOTION！（☆Taku Takahashi Remix）	ロコ	0					
ml_in_the_name_of_love_teddyloid_remix	...In The Name Of。 ...LOVE? (TeddyLoid Remix)	真壁瑞希	0					
ml_just_be_myself_dummy_dog_remix	Just be myself!! (Dummy Dog Remix)	如月千早	0					
ml_legend_girlsfu_mou_remix	Legend Girls!!（fu_mou Remix）	天海春香、天空橋朋花、七尾百合子、箱崎星梨花、最上静香	0					
ml_liars_good_bye	Liar's good bye	秋月律子	0					
ml_liars_good_bye_teddyloid_remix	Liar's good bye (TeddyLoid Remix)	秋月律子	0					
ml_like_twinkling_stars	Like twinkling STARS	FantasticLight（篠宮可憐、双海真美、エミリー スチュアート、四条貴音、豊川風花）	0					
ml_lullaby_for_armors	Lullaby for Armors	星井美希、北沢志保、エミリー スチュアート、高山紗代子、中谷育	0					
ml_maria_traptanchiky_remix	Maria trap（Tanchiky Remix）	天空橋朋花	0					
ml_marionetteは眠らない_teddyloid_remix	Marionetteは眠らない (TeddyLoid Remix)	星井美希、伊吹翼、北上麗花、ジュリア	0					
ml_my_style_our_styleko3_remix	MY STYLE! OUR STYLE!!!!（KO3 Remix)	周防桃子	0					
ml_poker_poker_toriena_remix	POKER POKER (TORIENA Remix)	真壁瑞希	0					
ml_precious_grain_teddyloid_remix	Precious Grain (TeddyLoid Remix)	最上静香	0					
ml_pretty_dreamerチバニャン_remix	PRETTY DREAMER（チバニャン Remix）	我那覇響、春日未来、豊川風花、望月杏奈、横山奈緒	0					
ml_prima_princess	Prima Princess!!	松田亜利沙、エミリー スチュアート、高坂海美、佐竹美奈子、田中琴葉	0					
ml_rebelliontanchiky_remix	Rebellion（Tanchiky Remix）	我那覇響	0					
ml_sentimental_venus_teddyloid_remix	Sentimental Venus (TeddyLoid Remix)	水瀬伊織、エミリー スチュアート、真壁瑞希、百瀬莉緒	0					
ml_shimmer	SHIMMER	望月杏奈、七尾百合子、春日未来、双海亜美	0					
ml_shooting_stars_beatnine_remix	Shooting Stars (BEATNINE Remix)	クレシェンドブルー（最上静香、北上麗花、北沢志保、野々原茜、箱崎星梨花）	0					
ml_smiley_days_teddyloid_remix	smiley days (TeddyLoid Remix)	我那覇響	0					
ml_snow_whitedé_dé_mouse_remix	Snow White（DÉ DÉ MOUSE Remix）	如月千早	0					
ml_standing_alive_nor_remix	STANDING ALIVE (Nor Remix)	ARRIVE（篠宮可憐、四条貴音、島原エレナ、百瀬莉緒、ロコ）	0					
ml_stereophonic_isotonic_nyankobrq_remix	STEREOPHONIC ISOTONIC (nyankobrq Remix)	ロコ	0					
ml_super_funky_piece	Super Funky Piece!!	我那覇響	0					
ml_super_loverhylen_remix	Super Lover（Hylen Remix)	横山奈緒	0					
ml_super_size_love_yuce_remix	SUPER SIZE LOVE!! (YUC'e Remix)	佐竹美奈子	0					
ml_thank_you_giga_remix	Thank You! (Giga Remix)	765 MILLIONSTARS 天海春香、春日未来、如月千早、木下ひなた、四条貴音、ジュリア、高山紗代子、田中琴葉、天空橋朋花、箱崎星梨花、松田亜利沙、三浦あずさ、水瀬伊織、最上静香、望月杏奈、矢吹可奈、エミリー スチュアート、大神環、我那覇響、菊地真、北上麗花、高坂海美、佐竹美奈子、島原エレナ、高槻やよい、永吉昴、野々原茜、馬場このみ、福田のり子、舞浜歩、真壁瑞希、百瀬莉緒、横山奈緒、秋月律子、伊吹翼、北沢志保、篠宮可憐、周防桃子、徳川まつり、所恵美、豊川風花、中谷育、七尾百合子、二階堂千鶴、萩原雪歩、伴田路子、双海亜美、双海真美、星井美希、宮尾美也	0					
ml_thank_you_teddyloid_remix	Thank You! (TeddyLoid Remix)	765 MILLIONSTARS 天海春香、春日未来、如月千早、木下ひなた、四条貴音、ジュリア、高山紗代子、田中琴葉、天空橋朋花、箱崎星梨花、松田亜利沙、三浦あずさ、水瀬伊織、最上静香、望月杏奈、矢吹可奈、エミリー スチュアート、大神環、我那覇響、菊地真、北上麗花、高坂海美、佐竹美奈子、島原エレナ、高槻やよい、永吉昴、野々原茜、馬場このみ、福田のり子、舞浜歩、真壁瑞希、百瀬莉緒、横山奈緒、秋月律子、伊吹翼、北沢志保、篠宮可憐、周防桃子、徳川まつり、所恵美、豊川風花、中谷育、七尾百合子、二階堂千鶴、萩原雪歩、伴田路子、双海亜美、双海真美、星井美希、宮尾美也	0					
ml_thank_yousnails_house_remix	Thank You!（Snail's House Remix）	765 MILLIONSTARS 天海春香、春日未来、如月千早、木下ひなた、四条貴音、ジュリア、高山紗代子、田中琴葉、天空橋朋花、箱崎星梨花、松田亜利沙、三浦あずさ、水瀬伊織、最上静香、望月杏奈、矢吹可奈、エミリー スチュアート、大神環、我那覇響、菊地真、北上麗花、高坂海美、佐竹美奈子、島原エレナ、高槻やよい、永吉昴、野々原茜、馬場このみ、福田のり子、舞浜歩、真壁瑞希、百瀬莉緒、横山奈緒、秋月律子、伊吹翼、北沢志保、篠宮可憐、周防桃子、徳川まつり、所恵美、豊川風花、中谷育、七尾百合子、二階堂千鶴、萩原雪歩、伴田路子、双海亜美、双海真美、星井美希、宮尾美也	0					
ml_thank_youtaku_takahashi_remix	Thank You!（☆Taku Takahashi Remix）	765 MILLIONSTARS 天海春香、春日未来、如月千早、木下ひなた、四条貴音、ジュリア、高山紗代子、田中琴葉、天空橋朋花、箱崎星梨花、松田亜利沙、三浦あずさ、水瀬伊織、最上静香、望月杏奈、矢吹可奈、エミリー スチュアート、大神環、我那覇響、菊地真、北上麗花、高坂海美、佐竹美奈子、島原エレナ、高槻やよい、永吉昴、野々原茜、馬場このみ、福田のり子、舞浜歩、真壁瑞希、百瀬莉緒、横山奈緒、秋月律子、伊吹翼、北沢志保、篠宮可憐、周防桃子、徳川まつり、所恵美、豊川風花、中谷育、七尾百合子、二階堂千鶴、萩原雪歩、伴田路子、双海亜美、双海真美、星井美希、宮尾美也	0					
ml_thank_youy0c1e_remix	Thank You!（y0c1e Remix）	765 MILLIONSTARS 天海春香、春日未来、如月千早、木下ひなた、四条貴音、ジュリア、高山紗代子、田中琴葉、天空橋朋花、箱崎星梨花、松田亜利沙、三浦あずさ、水瀬伊織、最上静香、望月杏奈、矢吹可奈、エミリー スチュアート、大神環、我那覇響、菊地真、北上麗花、高坂海美、佐竹美奈子、島原エレナ、高槻やよい、永吉昴、野々原茜、馬場このみ、福田のり子、舞浜歩、真壁瑞希、百瀬莉緒、横山奈緒、秋月律子、伊吹翼、北沢志保、篠宮可憐、周防桃子、徳川まつり、所恵美、豊川風花、中谷育、七尾百合子、二階堂千鶴、萩原雪歩、伴田路子、双海亜美、双海真美、星井美希、宮尾美也	0					
ml_thank_youチバニャン_remix	Thank You!（チバニャン Remix）	765 MILLIONSTARS 天海春香、春日未来、如月千早、木下ひなた、四条貴音、ジュリア、高山紗代子、田中琴葉、天空橋朋花、箱崎星梨花、松田亜利沙、三浦あずさ、水瀬伊織、最上静香、望月杏奈、矢吹可奈、エミリー スチュアート、大神環、我那覇響、菊地真、北上麗花、高坂海美、佐竹美奈子、島原エレナ、高槻やよい、永吉昴、野々原茜、馬場このみ、福田のり子、舞浜歩、真壁瑞希、百瀬莉緒、横山奈緒、秋月律子、伊吹翼、北沢志保、篠宮可憐、周防桃子、徳川まつり、所恵美、豊川風花、中谷育、七尾百合子、二階堂千鶴、萩原雪歩、伴田路子、双海亜美、双海真美、星井美希、宮尾美也	0					
ml_union北上麗花ver	UNION!! (北上麗花 Ver.)		0					
ml_union天海春香ver	UNION!! (天海春香 Ver.)		0					
ml_union如月千早ver	UNION!! (如月千早 Ver.)		0					
ml_union望月杏奈ver	UNION!! (望月杏奈 Ver.)		0					
ml_union桜守歌織ver	UNION!! (桜守歌織 Ver.)		0					
ml_union白石紬ver	UNION!! (白石 紬 Ver.)		0					
ml_union真壁瑞希ver	UNION!! (真壁瑞希 Ver.)		0					
ml_union馬場このみver	UNION!! (馬場このみ Ver.)		0					
ml_union高山紗代子ver	UNION!! (高山紗代子 Ver.)		0					
ml_unmei_ライブ_-mr_remix-	U・N・M・E・I ライブ -MR remix-	春日未来、最上静香、箱崎星梨花	0					
ml_up10sionpleeeeeeeeeasegetty_remix	Up!10sion♪Pleeeeeeeeease!（Getty Remix)	松田亜利沙	0					
ml_vacation_vs_summer_ナツとヤスミのアンビバレント	Vacation VS Summer 〜ナツとヤスミのアンビバレント！〜	徳川まつり、大神環、白石紬、福田のり子、三浦あずさ	0					
ml_vivid_color_yukiyanagi_remix	vivid color (yukiyanagi Remix)	高山紗代子	0					
ml_vivid_イマジネーション_teddyloid_remix	VIVID イマジネーション (TeddyLoid Remix)	望月杏奈	0					
ml_welcome_-mr_remix-	Welcome!! -MR remix-	春日未来、最上静香、箱崎星梨花	0					
ml_welcome_giga_remix	Welcome!! (Giga Remix)	765 MILLION ALLSTARS 天海春香、春日未来、如月千早、木下ひなた、四条貴音、ジュリア、高山紗代子、田中琴葉、天空橋朋花、箱崎星梨花、松田亜利沙、三浦あずさ、水瀬伊織、最上静香、望月杏奈、矢吹可奈、エミリー スチュアート、大神環、我那覇響、菊地真、北上麗花、高坂海美、佐竹美奈子、島原エレナ、高槻やよい、永吉昴、野々原茜、馬場このみ、福田のり子、舞浜歩、真壁瑞希、百瀬莉緒、横山奈緒、秋月律子、伊吹翼、北沢志保、篠宮可憐、周防桃子、徳川まつり、所恵美、豊川風花、中谷育、七尾百合子、二階堂千鶴、萩原雪歩、ロコ、双海亜美、双海真美、星井美希、宮尾美也	0					
ml_welcome_snails_house_remix	Welcome!! (Snail's House Remix)	765 MILLION ALLSTARS 天海春香、春日未来、如月千早、木下ひなた、四条貴音、ジュリア、高山紗代子、田中琴葉、天空橋朋花、箱崎星梨花、松田亜利沙、三浦あずさ、水瀬伊織、最上静香、望月杏奈、矢吹可奈、エミリー スチュアート、大神環、我那覇響、菊地真、北上麗花、高坂海美、佐竹美奈子、島原エレナ、高槻やよい、永吉昴、野々原茜、馬場このみ、福田のり子、舞浜歩、真壁瑞希、百瀬莉緒、横山奈緒、秋月律子、伊吹翼、北沢志保、篠宮可憐、周防桃子、徳川まつり、所恵美、豊川風花、中谷育、七尾百合子、二階堂千鶴、萩原雪歩、ロコ、双海亜美、双海真美、星井美希、宮尾美也	0					
ml_welcome_teddyloid_tofubeats_remix	Welcome!! (TeddyLoid & tofubeats Remix)	765 MILLION ALLSTARS 天海春香、春日未来、如月千早、木下ひなた、四条貴音、ジュリア、高山紗代子、田中琴葉、天空橋朋花、箱崎星梨花、松田亜利沙、三浦あずさ、水瀬伊織、最上静香、望月杏奈、矢吹可奈、エミリー スチュアート、大神環、我那覇響、菊地真、北上麗花、高坂海美、佐竹美奈子、島原エレナ、高槻やよい、永吉昴、野々原茜、馬場このみ、福田のり子、舞浜歩、真壁瑞希、百瀬莉緒、横山奈緒、秋月律子、伊吹翼、北沢志保、篠宮可憐、周防桃子、徳川まつり、所恵美、豊川風花、中谷育、七尾百合子、二階堂千鶴、萩原雪歩、ロコ、双海亜美、双海真美、星井美希、宮尾美也	0					
ml_welcome_チバニャン_remix	Welcome!! (チバニャン Remix)	765 MILLION ALLSTARS 天海春香、春日未来、如月千早、木下ひなた、四条貴音、ジュリア、高山紗代子、田中琴葉、天空橋朋花、箱崎星梨花、松田亜利沙、三浦あずさ、水瀬伊織、最上静香、望月杏奈、矢吹可奈、エミリー スチュアート、大神環、我那覇響、菊地真、北上麗花、高坂海美、佐竹美奈子、島原エレナ、高槻やよい、永吉昴、野々原茜、馬場このみ、福田のり子、舞浜歩、真壁瑞希、百瀬莉緒、横山奈緒、秋月律子、伊吹翼、北沢志保、篠宮可憐、周防桃子、徳川まつり、所恵美、豊川風花、中谷育、七尾百合子、二階堂千鶴、萩原雪歩、ロコ、双海亜美、双海真美、星井美希、宮尾美也	0					
ml_welcomey0c1e_remix	Welcome!!（y0c1e Remix）	765 MILLION ALLSTARS 天海春香、春日未来、如月千早、木下ひなた、四条貴音、ジュリア、高山紗代子、田中琴葉、天空橋朋花、箱崎星梨花、松田亜利沙、三浦あずさ、水瀬伊織、最上静香、望月杏奈、矢吹可奈、エミリー スチュアート、大神環、我那覇響、菊地真、北上麗花、高坂海美、佐竹美奈子、島原エレナ、高槻やよい、永吉昴、野々原茜、馬場このみ、福田のり子、舞浜歩、真壁瑞希、百瀬莉緒、横山奈緒、秋月律子、伊吹翼、北沢志保、篠宮可憐、周防桃子、徳川まつり、所恵美、豊川風花、中谷育、七尾百合子、二階堂千鶴、萩原雪歩、ロコ、双海亜美、双海真美、星井美希、宮尾美也	0					
ml_why_nyankobrq_remix	WHY? (nyankobrq Remix)	百瀬莉緒	0					
ml_world_wide_dance_kiwi_remix	WORLD WIDE DANCE!!! (KiWi Remix)	菊地真	0					
ml_wow_i_need_シンギングモンキー_歌唱拳_toriena_remix	WOW! I NEED!! ～シンギングモンキー 歌唱拳～ (TORIENA Remix)	双海真美	0					
ml_あのね聞いてほしいことがあるんだdé_dé_mouse_remix	あのね、聞いてほしいことがあるんだ（DÉ DÉ MOUSE Remix）	木下ひなた	0					
ml_おまじない_picco_remix	おまじない (picco Remix)	矢吹可奈	0					
ml_ちいさな恋の足音dé_dé_mouse_remix	ちいさな恋の足音（DÉ DÉ MOUSE Remix）	篠宮可憐	0					
ml_はぴやばまいまいんど	はぴ！やば！まいまいんど！	望月杏奈、高槻やよい、木下ひなた、ジュリア、星井美希	0					
ml_りんごのマーチ_cors_remix	りんごのマーチ (COR!S Remix)	木下ひなた	0					
ml_アイルharmonized_ver	アイル(Harmonized ver.)	伊吹翼、ジュリア、真壁瑞希	0					
ml_アニマルステイションyuce_remix	アニマル☆ステイション！(YUC'e Remix)	中谷育	0					
ml_アフタースクールパーリータイム_teddyloid_remix	アフタースクールパーリータイム (TeddyLoid Remix)	所恵美	0					
ml_オリジナル声になってdé_dé_mouse_remix	オリジナル声になって（DÉ DÉ MOUSE Remix）	矢吹可奈	0					
ml_オレンジの空の下チバニャン_remix	オレンジの空の下（チバニャン Remix）	豊川風花	0					
ml_オレンジエピソード	オレンジ・エピソード	EmotionLight（佐竹美奈子、北沢志保、天海春香、舞浜歩、松田亜利沙）	0					
ml_オンステージプレーヤー	オン・ステージ・プレーヤー！	双海亜美	0					
ml_カワラナイモノdj_wildparty_remix	カワラナイモノ（DJ WILDPARTY Remix）	三浦あずさ、篠宮可憐、高山紗代子、福田のり子	0					
ml_カーニヴァルジャパネスク_チバニャン_remix	カーニヴァル・ジャパネスク (チバニャン Remix)	徳川まつり	0					
ml_キミがいて夢になる	キミがいて夢になる	天海春香	0					
ml_キミがいて夢になるfu_mou_remix	キミがいて夢になる（fu_mou Remix)	天海春香	0					
ml_キラメキ進行形giga_remix	キラメキ進行形(Giga Remix)	天海春香	0					
ml_グッデイサンシャイン_ケンモチヒデフミ_remix	グッデイ・サンシャイン! (ケンモチヒデフミ Remix)	中谷育	0					
ml_グッドサイン北上麗花ver	グッドサイン (北上麗花 Ver.)		0					
ml_グッドサイン如月千早ver	グッドサイン (如月千早 Ver.)		0					
ml_グッドサイン望月杏奈ver	グッドサイン (望月杏奈 Ver.)		0					
ml_グッドサイン真壁瑞希ver	グッドサイン (真壁瑞希 Ver.)		0					
ml_グッドサイン馬場このみver	グッドサイン (馬場このみ Ver.)		0					
ml_グッドサイン高山紗代子ver	グッドサイン (高山紗代子 Ver.)		0					
ml_ココロがかえる場所ケンモチヒデフミ_remix	ココロがかえる場所（ケンモチヒデフミ Remix）	萩原雪歩、周防桃子、二階堂千鶴、ロコ	0					
ml_ココロエクササイズ_toriena_remix	ココロ☆エクササイズ (TORIENA Remix)	高坂海美	0					
ml_サマトリ_summer_trip_チバニャン_remix	サマ☆トリ ~Summer trip~ (チバニャン Remix)	北上麗花	0					
ml_ジレるハートに火をつけて4sk_remix	ジレるハートに火をつけて（4sk Remix)	灼熱少女（田中琴葉、大神環、高坂海美、所恵美、宮尾美也）	0					
ml_ストロベリーキューピッド	ストロベリー・キューピッド	高槻やよい	0					
ml_ストロベリーキューピッド_teddyloid_remix	ストロベリー・キューピッド (TeddyLoid Remix)	高槻やよい	0					
ml_スマイルいちばん4sk_remix	スマイルいちばん（4sk Remix）	佐竹美奈子	0					
ml_セイクリッドブーケ	セイクリッド・ブーケ	永吉昴、如月千早、篠宮可憐	0					
ml_セピアカラフル	セピアカラフル	菊地真	0					
ml_タイムマシンに飛び乗って	タイムマシンに飛び乗って！	双海亜美	0					
ml_タイムマシンに飛び乗って_teddyloid_remix	タイムマシンに飛び乗って！ (TeddyLoid Remix)	双海亜美	0					
ml_ターンオンタイム-mr_remix-	ターンオンタイム！-MR remix-	春日未来、最上静香、箱崎星梨花	0					
ml_チョー元気showアイドルchng_giga_remix	チョー⬆元気Show☆アイドルch@ng! (Giga Remix)	松田亜利沙	0					
ml_デコレーションドリミンッ_toriena_remix	デコレーション・ドリ～ミンッ♪ (TORIENA Remix)	周防桃子	0					
ml_トキメキの音符になってnyankobrq_remix	トキメキの音符になって（nyankobrq Remix）	箱崎星梨花	0					
ml_ドリームトラベラー_picco_remix	ドリームトラベラー (picco Remix)	ミックスナッツ（馬場このみ、木下ひなた、佐竹美奈子、中谷育、双海真美）	0					
ml_ハッピ_エフェクト_チバニャン_remix	ハッピ～ エフェクト！ （チバニャン Remix）	宮尾美也	0					
ml_ハッピーラッキージェットマシーンkan_takahiko_remix	ハッピー☆ラッキー☆ジェットマシーン（KAN TAKAHIKO Remix）	横山奈緒	0					
ml_ハミングロードチバニャン_remix	ハミングロード（チバニャン Remix）	萩原雪歩	0					
ml_ハートウォーミング	ハートウォーミング	高槻やよい	0					
ml_ハートウォーミングdé_dé_mouse_remix	ハートウォーミング（DÉ DÉ MOUSE Remix）	高槻やよい	0					
ml_ビギナーズストライクチバニャン_remix	ビギナーズ☆ストライク（チバニャン Remix）	永吉昴	0					
ml_ピカリピックアップ	ピカリピックアップ！	高槻やよい	0					
ml_ファンタジスタカーニバル_tsubusare_bozz_remix	ファンタジスタ・カーニバル (Tsubusare BOZZ Remix)	島原エレナ	0					
ml_フェスタイルミネーションgetty_remix	フェスタ・イルミネーション（Getty Remix）	徳川まつり	0					
ml_フローズンワードy0c1e_remix	フローズン・ワード（y0c1e Remix)	所恵美	0					
ml_プライヴェイトロードショウplayback_weekdayy0c1e_remix	プライヴェイト・ロードショウ(playback, Weekday)（y0c1e Remix）	水瀬伊織	0					
ml_プラリネ_dummy_dog_remix	プラリネ (Dummy Dog Remix)	ジュリア	0					
ml_プリティッニャンニャンッ_beatnine_remix	プリティ～～～ッ→ニャンニャンッ！ (BEATNINE Remix)	野々原茜	0					
ml_ホップステップレインボウ4sk_remix	ホップ♪ステップ♪レインボウ♪（4sk Remix）	大神環	0					
ml_ホントウノワタシy0c1e_remix	ホントウノワタシ（y0c1e Remix)	田中琴葉	0					
ml_マイペースマイウェイdé_dé_mouse_remix	マイペース☆マイウェイ（DÉ DÉ MOUSE Remix）	福田のり子	0					
ml_ミスティックセレモニーへの招待状	ミスティック・セレモニーへの招待状	矢吹可奈、伊吹翼、北上麗花、天空橋朋花、双海真美	0					
ml_ミステイクマーダー	ミステイク・マーダー！	田中琴葉、豊川風花、春日未来、北沢志保、七尾百合子	0					
ml_ユニゾンビート_picco_remix	ユニゾン☆ビート (picco Remix)	舞浜歩	0					
ml_ユニークスタープレイヤー	ユニーク・スター・プレイヤー!	双海真美	0					
ml_ライアールージュgetty_remix	ライアー・ルージュ（Getty Remix）	北沢志保	0					
ml_不思議発見ラボ	不思議発見ラボ！	木下ひなた、矢吹可奈、白石紬	0					
ml_交わる季節	交わる季節	四条貴音	0					
ml_初恋バタフライnarumi_helvetica_remix	初恋バタフライ（NARUMI HELVETICA Remix)	宮尾美也	0					
ml_合言葉はスタートアップ_teddyloid_remix	合言葉はスタートアップ！ (TeddyLoid Remix)	レジェンドデイズ（我那覇響、秋月律子、高槻やよい、双海亜美、水瀬伊織）	0					
ml_君だけの欠片_dummy_dog_remix	君だけの欠片 (Dummy Dog Remix)	エミリー スチュアート	0					
ml_君想いbirthdayチバニャン_remix	君想いBirthday（チバニャン Remix）	高山紗代子	0					
ml_唸れミリオンアーマー	唸れ！ミリオンアーマー！	桜守歌織、篠宮可憐	0					
ml_嘆きのfractionnor_remix	嘆きのFRACTION（Nor Remix）	三浦あずさ	0					
ml_地球ミラーボウル	地球ミラーボウル	水瀬伊織	0					
ml_地球ミラーボウル_teddyloid_remix	地球ミラーボウル (TeddyLoid Remix)	水瀬伊織	0					
ml_夕風のメロディー_kotonohouse_remix	夕風のメロディー (KOTONOHOUSE Remix)	篠宮可憐	0					
ml_夢にかけるrainbow北上麗花ver	夢にかけるRainbow (北上麗花 Ver.)		0					
ml_夢にかけるrainbow如月千早ver	夢にかけるRainbow (如月千早 Ver.)		0					
ml_夢にかけるrainbow桜守歌織ver	夢にかけるRainbow (桜守歌織 Ver.)		0					
ml_夢にかけるrainbow真壁瑞希ver	夢にかけるRainbow (真壁瑞希 Ver.)		0					
ml_夢にかけるrainbow馬場このみver	夢にかけるRainbow (馬場このみ Ver.)		0					
ml_夢にかけるrainbow高山紗代子ver	夢にかけるRainbow (高山紗代子 Ver.)		0					
ml_夢色トレイン_チバニャン_remix	夢色トレイン (チバニャン Remix)	箱崎星梨花	0					
ml_微笑み日和チバニャン_remix	微笑み日和（チバニャン Remix）	エミリー スチュアート	0					
ml_微笑んだから気づいたんだkan_takahiko_remix	微笑んだから、気づいたんだ（KAN TAKAHIKO Remix）	双海亜美	0					
ml_恋のlesson初級編チバニャン_remix	恋のLesson初級編（チバニャン Remix）	伊吹翼	0					
ml_恋の音色ライン_koukiish_remix	恋の音色ライン (KOUKIISH Remix)	二階堂千鶴	0					
ml_恋心マスカレード_toriena_remix	恋心マスカレード (TORIENA Remix)	二階堂千鶴	0					
ml_恋愛ロードランナーyuzen_remix	恋愛ロードランナー（yuzen Remix)	高坂海美	0					
ml_恋花snails_house_remix	恋花（Snail's House Remix）	四条貴音	0					
ml_想いはcarnavalチバニャン_remix	想いはCarnaval（チバニャン Remix）	島原エレナ	0					
ml_愛の旋律	愛の旋律	chicAAmor（高山紗代子、豊川風花、ジュリア、二階堂千鶴）	0					
ml_星屑のシンフォニア_5u5h1_remix	星屑のシンフォニア (5u5h1 Remix)	ミルキーウェイ（星井美希、高山紗代子、天空橋朋花、永吉 昴、二階堂千鶴）	0					
ml_月のほとりで	月のほとりで	三浦あずさ	0					
ml_月のほとりで_cors_remix	月のほとりで (COR!S Remix)	三浦あずさ	0					
ml_朝焼けのクレッシェンドkan_takahiko_remix	朝焼けのクレッシェンド（KAN TAKAHIKO Remix）	田中琴葉	0					
ml_未来飛行_teddyloid_remix	未来飛行 (TeddyLoid Remix)	春日未来	0					
ml_水中キャンディ_picco_remix	水中キャンディ (picco Remix)	馬場このみ	0					
ml_求ム_vs_マイフューチャーdj_genki_remix	求ム VS マイ・フューチャー（DJ Genki Remix)	福田のり子	0					
ml_流星群_teddyloid_remix	流星群 (TeddyLoid Remix)	ジュリア	0					
ml_瞳の中のシリウス_teddyloid_remix	瞳の中のシリウス (TeddyLoid Remix)	四条貴音、高坂海美、徳川まつり、宮尾美也	0					
ml_空想文学少女_teddyloid_remix	空想文学少女 (TeddyLoid Remix)	七尾百合子	0					
ml_素敵なキセキkan_takahiko_remix	素敵なキセキ（KAN TAKAHIKO Remix）	春日未来	0					
ml_絵本_beatnine_remix	絵本 (BEATNINE Remix)	北沢志保	0					
ml_美美美ビルドup	美！美！美！ビルドUP!!	高坂海美	0					
ml_聖ミリオン女学園校歌	聖ミリオン女学園校歌	永吉昴、如月千早、篠宮可憐	0					
ml_追憶のサンドグラスsky_delta_remix	追憶のサンドグラス（sky_delta Remix）	星井美希	0					
ml_透明なプロローグsnails_house_remix	透明なプロローグ（Snail's House Remix）	七尾百合子	0					
ml_鉄の羽のエクソダス	鉄の羽のエクソダス	箱崎星梨花、佐竹美奈子、大神環、周防桃子、所恵美、萩原雪歩	0					
ml_銀のテーブル木苺ジャム	銀のテーブル木苺ジャム	水瀬伊織、最上静香、菊地真、松田亜利沙、矢吹可奈	0					
ml_頂上決戦ヴィクトリー	頂上決戦ヴィクトリー!!!!!!	最上静香、菊地真、エミリー スチュアート、大神環、北上麗花、天空橋朋花	0					
ml_飛べない僕は泳いだ	飛べない僕は泳いだ	宮尾美也、天空橋朋花、徳川まつり	0					
ml_鳥籠スクリプチュア_5u5h1_remix	鳥籠スクリプチュア (5u5h1 Remix)	天空橋朋花	0					
sc_beast_mode	BEAST MODE	∑ Desire（芹沢あさひ、樋口円香、緋田美琴、斑鳩ルカ、西城樹里、田中摩美々）	0					
sc_beast_mode_game_size	BEAST MODE (Game Size)		0					
sc_karma	Karma	Fumage（浅倉透、幽谷霧子）	0					
sc_karma_game_size	Karma (Game Size)		0					
sc_kawaiiめたもる交響曲	KAWAII♡めたもる交響曲	I'm a Cutie Finder（黛冬優子、園田智代子、鈴木羽那、七草にちか、大崎甜花）	0					
sc_kawaiiめたもる交響曲_game_size	KAWAII♡めたもる交響曲 (Game Size)		0					
sc_mytime	My time	No 1 feel alone（杜野凛世、大崎甘奈、福丸小糸、三峰結華）	0					
sc_mytime_game_size	My time (Game Size)		0					
sc_naraku	Naraku	Fumage（浅倉透、幽谷霧子）	0					
sc_naraku_game_size	Naraku (Game Size)		0					
sc_oh_yeah	Oh Yeah!!	Sonic Heart (and Signal)（八宮めぐる、小宮果穂、月岡恋鐘、市川雛菜）	0					
sc_oh_yeah_game_size	Oh Yeah!! (Game Size)		0					
sc_one_live_one_love_game_size	One Live One Love (Game Size)		0					
sc_queen_of_the_pirates_game_size	QUEEN OF THE PIRATES (Game Size)		0					
sc_ring_ring_ringの魔法	Ring Ring Ringの魔法	ザ・ふたりトラベラー（櫻木真乃、郁田はるき）	0					
sc_sleepless_nights_game_size	Sleepless Nights (Game Size)		0					
sc_spread_the_wings_-19_colors-	Spread the Wings!! -19 colors-	シャイニーカラーズ（櫻木真乃、風野灯織、八宮めぐる、月岡恋鐘、田中摩美々、白瀬咲耶、三峰結華、幽谷霧子、小宮果穂、園田智代子、西城樹里、杜野凛世、有栖川夏葉、大崎甘奈、大崎甜花、桑山千雪、芹沢あさひ、黛冬優子、和泉愛依）	0					
sc_super_duper_dreamer	SUPER DUPER DREAMER	∑ Desire（芹沢あさひ、樋口円香、緋田美琴、斑鳩ルカ、西城樹里、田中摩美々）	0					
sc_super_duper_dreamer_game_size	SUPER DUPER DREAMER (Game Size)		0					
sc_tokyo自由系ガール	Tokyo自由系*ガール	No 1 feel alone（杜野凛世、大崎甘奈、福丸小糸、三峰結華）	0					
sc_tokyo自由系ガール_game_size	Tokyo自由系*ガール (Game Size)		0					
sc_アイノウ_game_size	アイノウ (Game Size)		0					
sc_カウントダウンラブ	カウントダウンラブ	I'm a Cutie Finder（黛冬優子、園田智代子、鈴木羽那、七草にちか、大崎甜花）	0					
sc_カウントダウンラブ_game_size	カウントダウンラブ (Game Size)		0					
sc_キラピコexe_game_size	キラピコ.exe (Game Size)		0					
sc_ボーダーレスノンストレス	ボーダーレス・ノンストレス	Sonic Heart (and Signal)（八宮めぐる、小宮果穂、月岡恋鐘、市川雛菜）	0					
sc_ボーダーレスノンストレス_game_size	ボーダーレス・ノンストレス (Game Size)		0					
sc_感謝のコントレイル_game_size	感謝のコントレイル (Game Size)		0					
sc_放っておかないファイヴァーズ	放っておかないファイヴァーズ	放課後クライマックスガールズ（小宮果穂、園田智代子、西城樹里、杜野凛世、有栖川夏葉）	0					
sc_散花-sanka-	散花-sanka-	彼岸流（風野灯織、白瀬咲耶、有栖川夏葉、桑山千雪、和泉愛依）	0					
sc_散花-sanka-_game_size	散花-sanka- (Game Size)		0					
sc_疾風ザブングル	疾風ザブングル	放課後クライマックスガールズ	0					
sc_紅花-benibana-	紅花-benibana-	彼岸流（風野灯織、白瀬咲耶、有栖川夏葉、桑山千雪、和泉愛依）	0					
sc_紅花-benibana-_game_size	紅花-benibana- (Game Size)		0					
sc_街角メランコリー	街角メランコリー	ザ・ふたりトラベラー（郁田はるき、櫻木真乃）	0					
sidem_315_steelo	315 Steelo!	天道輝、ピエール、渡辺みのり、伊瀬谷四季、蒼井享介、硲道夫、若里春名、舞田類	0					
sidem_alice_or_guilty_indies_live_arrange-	Alice or Guilty –Indies Live Arrange-	Jupiter（天ヶ瀬冬馬、御手洗翔太、伊集院北斗）	0					
sidem_back_flipemotion	BACK FLIP☆EMOTION	御手洗翔太	0					
sidem_before_long_delight	Before long, DELIGHT	Jupiter（天ヶ瀬冬馬、御手洗翔太、伊集院北斗）	0					
sidem_break_all_time	Break All Time!	S.E.M（硲道夫、舞田類、山下次郎）	0					
sidem_cast_a_spell	CAST A SPELL	伊集院北斗、桜庭薫、榊夏来、葛之葉雨彦	0					
sidem_datetoday	Date.today	Ｗ（蒼井悠介、蒼井享介）	0					
sidem_duckling_soars	Duckling Soars	信玄誠司、東雲荘一郎、九十九一希、花園百々人	0					
sidem_earnest	Earnest	神速一魂（紅井朱雀、黒野玄武）	0					
sidem_flash_light	FLASH LIGHT	315 STARS（都築圭、鷹城恭二、榊夏来、花園百々人）	0					
sidem_lets_have	LET'S HAVE!	神楽麗、渡辺みのり、アスラン＝ベルゼビュートⅡ世、秋月涼	0					
sidem_life_is_beautiful	Life is Beautiful!	舞田類	0					
sidem_my_pen_light_smile	My pen light, SMILE	柏木翼、華村翔真、東雲荘一郎、円城寺道流	0					
sidem_precious_love	precious love	315 STARS（伊瀬谷四季、岡村直央、牙崎漣、古論クリス）	0					
sidem_re_rainbow	Re RAINBOW	THE 虎牙道（大河タケル、牙崎漣、円城寺道流）	0					
sidem_supreme_stars_who_goes_first_ver	SUPREME STARS !!! (Who goes first Ver.)		0					
sidem_white_starlit_night	White Starlit Night	DRAMATIC STARS（天道輝、桜庭薫、柏木翼）	0					
sidem_wonderlanders_party	Wonderlander's Party	天ヶ瀬冬馬、握野英雄、卯月巻緒、牙崎漣	0					
sidem_yellow	YELLOW!	木村龍、清澄九郎、岡村直央、舞田類	0					
sidem_your_nobility	Your Nobility	桜庭薫、黒野玄武、九十九一希	0					
sidem_かざぐるま_windy_road	かざぐるま 〜Windy Road〜	Jupiter（天ヶ瀬冬馬、御手洗翔太、伊集院北斗）	0					
sidem_てのうえで踊るメヌエット	てのうえで踊るメヌエット	ピエール、伊瀬谷四季、紅井朱雀、北村想楽	0					
sidem_わんだふる哉人生	わんだふる哉、人生！	猫柳キリオ	0					
sidem_アニマフォルトゥナ	アニマ・フォルトゥナ	蒼井享介、秋月涼、信玄誠司、清澄九郎、蒼井悠介、天道輝、若里春名、水嶋咲、紅井朱雀	0					
sidem_ディソナンスエデン	ディソナンス・エデン	Altessimo（都築圭、神楽麗）	0					
sidem_トロンプルイユダンスホール	トロンプルイユ・ダンスホール	Jupiter（天ヶ瀬冬馬、御手洗翔太、伊集院北斗）	0					
sidem_千夜一夜に瞬く星よ	千夜一夜に瞬く星よ	Beit（鷹城恭二、ピエール、渡辺みのり）	0					
sidem_奇想天外狂詩曲-fantastic_rhapsody-	奇想天外狂詩曲-FANTASTIC RHAPSODY-	柏木翼、都築圭、神谷幸広、兜大吾	0					
sidem_眠らぬ夜にスパシーバ	眠らぬ夜にスパシーバ！	山下次郎、神谷幸広、古論クリス	0					
sidem_竜宮逢幻記	竜宮逢幻記	鷹城恭二、華村翔真、古論クリス、天峰秀	0					
