song_id	title	work_title	subtitle	lyricist_raw	lyricist_norm	composer_raw	composer_norm	artist	song_type	brand_id	parent_song_id	is_version	interface_key	jasrac_code	jasrac_title	match_status	note
765as_123	1,2,3	1,2,3		佐伯youthK	佐伯youthK	佐伯youthK	佐伯youthK	沼倉愛美、原由実、浅倉杏美	unit	765as			LEGACY-KEY-001			unmatched	
765as_1人ぼっちの歌	1人ぼっちの歌	1人ぼっちの歌		まんきゅう	まんきゅう	三澤康広	三澤康広	プロデューサー	solo	765as			imasdb-2c1abc3d976a			unmatched	
765as_7_colors	7 colors	7 colors		森由里子	森由里子	山下恭文	山下恭文	今井麻美	solo	765as			imasdb-df2c24129ff9			unmatched	
765as_902pm	9:02pm	9:02pm		yura	yura	BNSI(Jesahm)	Jesahm	三浦あずさ	solo	765as			imasdb-6bd6b17351e7			unmatched	
765as_902pmremster-a	9:02pm(REM@STER-A)	9:02pm	REM@STER-A	yura	yura	BNSI(Jesahm)	Jesahm	双海亜美	solo	765as	765as_902pm	1	imasdb-5b2fc4ed6295			unmatched	
765as_902pmremster-b	9:02pm(REM@STER-B)	9:02pm	REM@STER-B	yura	yura	BNSI(Jesahm)	Jesahm	秋月律子	solo	765as	765as_902pm	1	imasdb-029aff6b4b8d			unmatched	
765as_902pmドラゴンバスター_ファミソン8bit_mix	9:02pm(『ドラゴンバスター』 ファミソン8BIT MIX)	9:02pm	『ドラゴンバスター』 ファミソン8BIT MIX	yura	yura	BNSI(Jesahm)	Jesahm	三浦あずさ、秋月律子	unit	765as	765as_902pm	1	imasdb-14e0b1165c5a			unmatched	
765as_99_nights	99 Nights	99 Nights		BNSI(MC TC)	MC TC	BNSI(Taku Inoue)	Taku Inoue	星井美希、水瀬伊織、四条貴音	unit	765as			imasdb-247963b2b453			unmatched	
765as_advance	Advance	Advance		原紗友里・青木瑠璃子	原紗友里;青木瑠璃子	平清十郎[TRYTONELABO]	平清十郎[TRYTONELABO]	原紗友里&青木瑠璃子 from CINDERELLA PARTY!	unit	765as			imasdb-34170c6127b3			unmatched	
765as_alright	ALRIGHT*	ALRIGHT*		yura	yura	cota	cota	萩原雪歩	solo	765as			imasdb-70fea5d8ce94			unmatched	
765as_arcadia	arcadia	arcadia		白瀬彩	白瀬彩	上松範康(Elements Garden)	上松範康(Elements Garden)	如月千早	solo	765as			imasdb-9a500d65dab9			unmatched	
765as_arcadia_-bossa_nova_rearrange_mix-	arcadia -BOSSA NOVA Rearrange Mix-	arcadia	BOSSA NOVA Rearrange Mix	白瀬彩	白瀬彩	上松範康	上松範康	如月千早	solo	765as	765as_arcadia	1	imasdb-3ffe11321b3d			unmatched	
765as_avalon	AVALON	AVALON		三浦誠司	三浦誠司	南陽子	南陽子	沼倉愛美	solo	765as			imasdb-520e23842af4			unmatched	
765as_best_road	BEST ROAD	BEST ROAD		たかはし智秋	たかはし智秋	宮島律子	宮島律子	たかはし智秋	solo	765as			imasdb-d72f1616bf3d			unmatched	
765as_binarystar	Binary Star	Binary Star						三浦あずさ、秋月律子	unit	765as			imasdb-51b82ac58d3e			unmatched	
765as_brand_new_day	Brand New Day!	Brand New Day!		BNSI(おおくぼひろし)	おおくぼひろし	BNSI(おおくぼひろし)	おおくぼひろし	我那覇響	solo	765as			imasdb-c1331bc0e4e3			unmatched	
765as_brave_star	BRAVE STAR	BRAVE STAR		宮崎誠	宮崎誠	宮崎誠	宮崎誠	天海春香、如月千早、四条貴音、秋月律子	unit	765as			imasdb-b82b7d05fed4			unmatched	
765as_change	CHANGE!!!!	CHANGE!!!!		yura	yura	NBGI(内田哲也)	NBGI(内田哲也)	765PRO ALLSTARS	all	765as			imasdb-25f0d4dbcdab			unmatched	
765as_choco_fondue	choco fondue	choco fondue		yura	yura	山崎寛子	山崎寛子	如月千早	solo	765as			imasdb-5007b6e29f20			unmatched	
765as_closet_fashion_lover	Closet Fashion Lover	Closet Fashion Lover		yura	yura	山崎寛子	山崎寛子	星井美希	solo	765as			imasdb-f59a2c5f3fe9			unmatched	
765as_colorful_days	Colorful Days	Colorful Days		中村恵	中村恵	BNSI(佐々木宏人)	佐々木宏人	天海春香、如月千早、双海亜美	unit	765as			imasdb-2b77f9fddef3			unmatched	
765as_coming_smile	Coming Smile	Coming Smile		森由里子	森由里子	哥丸雄貴	哥丸雄貴	如月千早	solo	765as			imasdb-46c36b5b8973			unmatched	
765as_continue	continue	continue		宮崎誠	宮崎誠	宮崎誠	宮崎誠	原由実	solo	765as			imasdb-8bb2a4482a5c			unmatched	
765as_contradiction	Contradiction	Contradiction		kanoko	kanoko	桜庭統	桜庭統	今井麻美、たかはし智秋	unit	765as			imasdb-4bfccb19ca95			unmatched	
765as_crescent_maze	Crescent Maze	Crescent Maze		BOUNCEBACK	BOUNCEBACK	水野大輔	水野大輔	原由実	solo	765as			imasdb-c2631950088a			unmatched	
765as_crimson_lovers	CRIMSON LOVERS	CRIMSON LOVERS		只野菜摘	只野菜摘	広川恵一(MONACA)	広川恵一(MONACA)	天海春香、如月千早	unit	765as			imasdb-096ebef32a6d			unmatched	
765as_crystloud	CRYST@LOUD	CRYST@LOUD		古屋真	古屋真	石濱翔(MONACA)	石濱翔(MONACA)	天海春香、渋谷凛、伊吹翼、天道輝、八宮めぐる	unit	765as			imasdb-687a690944fb			unmatched	
765as_day_of_the_future	Day of the future	Day of the future		オミ織葉	オミ織葉	Tatsh	Tatsh	星井美希	solo	765as			imasdb-6d84a5443594			unmatched	
765as_dead_or_alive	DEAD or ALIVE	DEAD or ALIVE		奥井雅美	奥井雅美	IMAJO	IMAJO	今井麻美、原由実、沼倉愛美	unit	765as			imasdb-3e22baa42b9f			unmatched	
765as_destiny	destiny	destiny		荘野ジュリ	荘野ジュリ	大野宏明	大野宏明	たかはし智秋	all	765as			imasdb-bfc247af830e			unmatched	
765as_diamond	DIAMOND	DIAMOND		白瀬彩	白瀬彩	Asu(The New Classics)	Asu(The New Classics)	水瀬伊織	solo	765as			imasdb-a45683ae23f1			unmatched	
765as_do-dai	Do-Dai	Do-Dai		BNSI(mft)	mft	BNSI(中川浩二)	中川浩二	高槻やよい、双海亜美、星井美希	unit	765as			imasdb-f5669c807779			unmatched	
765as_do-dairemster-a	Do-Dai(REM@STER-A)	Do-Dai	REM@STER-A	NBGI(mft)	NBGI(mft)	NBGI(中川浩二)	NBGI(中川浩二)	星井美希、水瀬伊織	unit	765as	765as_do-dai	1	imasdb-f0f6475d7489			unmatched	
765as_do-dairemster-b	Do-Dai(REM@STER-B)	Do-Dai	REM@STER-B	NBGI(mft)	NBGI(mft)	NBGI(中川浩二)	NBGI(中川浩二)	如月千早、我那覇響	unit	765as	765as_do-dai	1	imasdb-17639b679cf2			unmatched	
765as_dream	DREAM	DREAM		yura Dark	yura Dark	NBGI(中川浩二)	NBGI(中川浩二)	萩原雪歩、秋月律子、星井美希、四条貴音、秋月涼	all	765as			imasdb-5a4eb7a5b84d			unmatched	
765as_eden	edeN	edeN		貝田由里子	貝田由里子	BNSI(kyo)	kyo	星井美希、萩原雪歩、菊地真、四条貴音	unit	765as			imasdb-188a4f358be1			unmatched	
765as_endless_tour	ENDLESS TOUR	ENDLESS TOUR		伊福部崇	伊福部崇	田中俊亮	田中俊亮	春日未来、最上静香、箱崎星梨花	unit	765as			imasdb-984fcca6ee7b			unmatched	
765as_ever_rising	EVER RISING	EVER RISING		松井洋平	松井洋平	小高光太郎・UiNA	小高光太郎;UiNA	奥空心白、亜夜	unit	765as			imasdb-326ea190af13			unmatched	
765as_ever_sunny	Ever Sunny	Ever Sunny		花衣(SUPA LOVE)	花衣(SUPA LOVE)	中村瑛彦(SUPA LOVE)	中村瑛彦(SUPA LOVE)	菊地真	solo	765as			imasdb-524ac9042ab3			unmatched	
765as_excavate	EXCAVATE	EXCAVATE		NanaerikA-PROJECT	NanaerikA-PROJECT	NBGI(慶野由利子)	NBGI(慶野由利子)	萩原雪歩	solo	765as			imasdb-9930b879dd30			unmatched	
765as_fate_of_the_world	Fate of the World	Fate of the World		BNSI(kyo)	kyo	BNSI(kyo)	kyo	天海春香、星井美希、如月千早	unit	765as			imasdb-0f5b32796001			unmatched	
765as_feelingfine	Feeling Fine	Feeling Fine							cover	765as			imasdb-99bb9ee215d4			unmatched	
765as_first_stage	First Stage	First Stage		中村恵	中村恵	BNSI(佐々木宏人)	佐々木宏人	萩原雪歩	solo	765as			imasdb-e7be4143a86b			unmatched	
765as_first_stageremster-a	First Stage(REM@STER-A)	First Stage	REM@STER-A	中村恵	中村恵	BNSI(佐々木宏人)	佐々木宏人	三浦あずさ	solo	765as	765as_first_stage	1	imasdb-04df3d9bd8d1			unmatched	
765as_first_stageremster-b	First Stage(REM@STER-B)	First Stage	REM@STER-B	中村恵	中村恵	BNSI(佐々木宏人)	佐々木宏人	菊地真	solo	765as	765as_first_stage	1	imasdb-76a14be288f5			unmatched	
765as_first_stageゼビウスファミソン8bit_mix	First Stage(『ゼビウス』ファミソン8BIT MIX)	First Stage	『ゼビウス』ファミソン8BIT MIX	中村恵	中村恵	BNSI(佐々木宏人)	佐々木宏人	菊地真、萩原雪歩	unit	765as	765as_first_stage	1	imasdb-6150babc98b8			unmatched	
765as_first_step	First Step	First Step		浅倉杏美	浅倉杏美	NBGI(中川浩二)	NBGI(中川浩二)	萩原雪歩	solo	765as			imasdb-daa61e61bf64			unmatched	
765as_flower_knows	Flower Knows	Flower Knows		八城雄太	八城雄太	栗原悠希	栗原悠希	高槻やよい、水瀬伊織	unit	765as			imasdb-a6662eca1f01			unmatched	
765as_fly_high	Fly High!	Fly High!		M.N & NanaerikA-PROJECT	M.N;NanaerikA-PROJECT	NBGI(細江慎治)	NBGI(細江慎治)	如月千早	solo	765as			imasdb-4a346eeabeaf			unmatched	
765as_four	FO(U)R	FO(U)R		yura	yura	神前暁	神前暁	you-i	unit	765as			imasdb-425be5c53179			unmatched	
765as_fourremix-a	FO(U)R(REMIX-A)	FO(U)R	REMIX-A	yura	yura	神前暁	神前暁	天海春香、高槻やよい、星井美希	unit	765as	765as_four	1	imasdb-c8082024829b			unmatched	
765as_funny_logic	Funny Logic	Funny Logic		DJ'TEKINA//SOMETHING	DJ'TEKINA//SOMETHING	DJ'TEKINA//SOMETHING	DJ'TEKINA//SOMETHING	高槻やよい、双海亜美/真美	solo	765as			imasdb-4233095fdac5			unmatched	
765as_go_my_way	GO MY WAY!!	GO MY WAY!!		yura	yura	BNSI(神前暁)	神前暁	天海春香、菊地真、星井美希、双海亜美、双海真美、水瀬伊織	unit	765as			imasdb-9025440aa891			unmatched	
765as_go_my_way_-esti_remix-	GO MY WAY!! -ESTi Remix-	GO MY WAY!!	ESTi Remix	yura	yura	BNGI(神前暁)	BNGI(神前暁)	765PRO ALLSTARS	all	765as	765as_go_my_way	1	imasdb-772b9eb6ed60			unmatched	
765as_go_my_way_-house_rearrange_mix-	GO MY WAY!! -HOUSE Rearrange Mix-	GO MY WAY!!	HOUSE Rearrange Mix	中村恵	中村恵	NBGI(神前暁)	NBGI(神前暁)	我那覇響	solo	765as	765as_go_my_way	1	imasdb-b7de7171bbd4			unmatched	
765as_go_my_waydream_match_mix	GO MY WAY!!(Dream Match MIX)	GO MY WAY!!	Dream Match MIX	yura	yura	BNSI(神前暁)	神前暁	如月千早、水瀬伊織	unit	765as		1	imasdb-35577abda097			unmatched	
765as_go_my_wayremster-a	GO MY WAY!!(REM@STER-A)	GO MY WAY!!	REM@STER-A	yura	yura	BNSI(神前暁)	神前暁	星井美希、三浦あずさ、双海亜美	unit	765as	765as_go_my_way	1	imasdb-d0679614205e			unmatched	
765as_go_my_wayremster-b	GO MY WAY!!(REM@STER-B)	GO MY WAY!!	REM@STER-B	yura	yura	BNSI(神前暁)	神前暁	如月千早	solo	765as	765as_go_my_way	1	imasdb-fb74d904aea3			unmatched	
765as_go_my_wayワンダーモモ_ファミソン8bit_mix	GO MY WAY!!(『ワンダーモモ』 ファミソン8BIT MIX)	GO MY WAY!!	『ワンダーモモ』 ファミソン8BIT MIX	yura	yura	BNSI(神前暁)	神前暁	高槻やよい、双海亜美/真美	unit	765as	765as_go_my_way	1	imasdb-6062efdc3411			unmatched	
765as_good-byes	Good-Byes	Good-Byes		BNSI(MC TC)	MC TC	BNSI(Taku Inoue)	Taku Inoue	高槻やよい	unit	765as			imasdb-908ce2344dca			unmatched	
765as_grtitude	GR@TITUDE	GR@TITUDE		森由里子	森由里子	神前暁(MONACA)	神前暁(MONACA)	Project LUMINOUS(天海春香、如月千早、星井美希、萩原雪歩、高槻やよい、秋月律子、三浦あずさ、水瀬伊織、菊地真、双海亜美、双海真美、四条貴音、我那覇響、安部菜々、神崎蘭子、城ヶ崎美嘉、双葉杏、諸星きらり、春日未来、最上静香、伊吹翼、白石紬、桜守歌織、白瀬咲耶、小宮果穂、杜野凛世、大崎甘奈、大崎甜花、奥空心白)	all	765as			imasdb-59a04773e310			unmatched	
765as_halftone	Halftone	Halftone		ミズノゲンキ	ミズノゲンキ	馬渕直純	馬渕直純	菊地真、萩原雪歩	unit	765as			imasdb-5550489adb54			unmatched	
765as_happy	Happy!	Happy!		BNSI(柿埜嘉奈子)	柿埜嘉奈子	BNSI(kyo)	kyo	天海春香、如月千早、萩原雪歩、水瀬伊織、三浦あずさ、我那覇響、秋月律子	unit	765as			imasdb-c2dbdc9b51ee			unmatched	
765as_happy_christmas	Happy Christmas	Happy Christmas		貝田由里子	貝田由里子	BNSI(椎名豪)	椎名豪	天海春香、如月千早、双海亜美/真美、三浦あずさ、四条貴音、我那覇響	unit	765as			imasdb-9fb8aacd8da7			unmatched	
765as_heart_and_soul	HEART AND SOUL	HEART AND SOUL		オノダヒロユキ	オノダヒロユキ	宮崎誠	宮崎誠	沼倉愛美、原由実、浅倉杏美	unit	765as			imasdb-924499ed3a90			unmatched	
765as_here_we_go	Here we go!!	Here we go!!		yura	yura	BNSI(Jesahm)	Jesahm	水瀬伊織	solo	765as			imasdb-4dd48da28fde			unmatched	
765as_here_we_goremster-a	Here we go!!(REM@STER-A)	Here we go!!	REM@STER-A	yura	yura	BNSI(Jesahm)	Jesahm	星井美希	solo	765as	765as_here_we_go	1	imasdb-d4b8371cab74			unmatched	
765as_here_we_goremster-b	Here we go!!(REM@STER-B)	Here we go!!	REM@STER-B	yura	yura	BNSI(Jesahm)	Jesahm	萩原雪歩	solo	765as	765as_here_we_go	1	imasdb-0428f12e9c0b			unmatched	
765as_here_we_goディグダグiiファミソン8bit_mix	Here we go!!(『ディグダグII』ファミソン8BIT MIX)	Here we go!!	『ディグダグII』ファミソン8BIT MIX	yura	yura	BNSI(Jesahm)	Jesahm	如月千早、水瀬伊織	unit	765as	765as_here_we_go	1	imasdb-11e183e09407			unmatched	
765as_honey_heartbeat	Honey Heartbeat	Honey Heartbeat		BNSI(MC TC)	MC TC	BNSI(LindaAI-CUE)	LindaAI-CUE	天海春香、菊地真、双海真美	unit	765as			imasdb-7fa0fd432397			unmatched	
765as_hug	HUG	HUG		園田健太郎	園田健太郎	園田健太郎	園田健太郎	我那覇響	solo	765as			imasdb-d35f8de1801a			unmatched	
765as_i	i	i		中村恵	中村恵	BNSI(佐々木宏人)	佐々木宏人	天海春香	unit	765as			imasdb-9b71d5267662			unmatched	
765as_i_want	I Want	I Want		BNSI(LindaAI-CUE)	LindaAI-CUE	BNSI(LindaAI-CUE)	LindaAI-CUE	天海春香	solo	765as			imasdb-a345c80b5313			unmatched	
765as_idol	ID:[OL]	ID:[OL]		yura	yura	上田晃司	上田晃司	音無小鳥	unit	765as			imasdb-857abd7e8659			unmatched	
765as_idol_power_rainbow	IDOL POWER RAINBOW	IDOL POWER RAINBOW		有栖川姫子	有栖川姫子	佐々木宏人	佐々木宏人	天海春香、如月千早、星井美希、島村卯月、渋谷凛、本田未央、春日未来、最上静香、伊吹翼	unit	765as			imasdb-ffb78e0758f5			unmatched	
765as_idolheart	IDOL☆HEART	IDOL☆HEART		yura	yura	滝澤俊輔(TRYTONELABO)	滝澤俊輔(TRYTONELABO)	765PRO ALLSTARS(天海春香、星井美希、如月千早、高槻やよい、萩原雪歩、菊地真、双海亜美、双海真美、水瀬伊織、三浦あずさ、四条貴音、我那覇響、秋月律子)	all	765as			imasdb-49d9d4efd758			unmatched	
765as_im_so_free	I'm so free!	I'm so free!		佐伯youthK(rhythm zone)	佐伯youthK(rhythm zone)	佐伯youthK(rhythm zone)	佐伯youthK(rhythm zone)	星井美希、三浦あずさ、四条貴音	unit	765as			imasdb-1fce2c79a392			unmatched	
765as_im_yours	I'm yours	I'm yours		宮崎誠	宮崎誠	宮崎誠	宮崎誠	天海春香	solo	765as			imasdb-212d227b3c81			unmatched	
765as_in_wonderradio	in WonderRadio	in WonderRadio		伊福部崇	伊福部崇	杉浦”ラフィン”誠一郎	杉浦”ラフィン”誠一郎	沼倉愛美&原由実&浅倉杏美 from THE IDOLM@STER STATION!!!	unit	765as			imasdb-e2027dfaa0f9			unmatched	
765as_inferno	inferno	inferno		yura Dark	yura Dark	藤末樹	藤末樹	如月千早、萩原雪歩	unit	765as			imasdb-98218e859c4e			unmatched	
765as_inferno_squaring	inferno SQUARING	inferno SQUARING		yura Dark	yura Dark	藤末樹	藤末樹	如月千早、萩原雪歩	unit	765as			imasdb-c91062c6c325			unmatched	
765as_inspire	Inspire	Inspire		園田凌士	園田凌士	菊田大介(Elements Garden)	菊田大介(Elements Garden)	今井麻美、たかはし智秋	unit	765as			imasdb-a17428570187			unmatched	
765as_iremster-a	i(REM@STER-A)	i	REM@STER-A	中村恵	中村恵	NBGI(佐々木宏人)	NBGI(佐々木宏人)	天海春香、高槻やよい	unit	765as	765as_i	1	imasdb-b4f52dbb9c87			unmatched	
765as_its_alright	It's ALRIGHT!	It's ALRIGHT!		kenko-p	kenko-p	R・O・N	R;O;N	沼倉愛美	solo	765as			imasdb-82b39707b802			unmatched	
765as_its_show	It's Show	It's Show		yura	yura	藤末樹	藤末樹	如月千早、水瀬伊織、秋月律子、菊地真、萩原雪歩、音無小鳥	unit	765as			imasdb-ba0f4d48f419			unmatched	
765as_jm-justify_myself-	JM-Justify Myself-	JM-Justify Myself-		柚木美祐	柚木美祐	岸井将	岸井将	たかはし智秋&今井麻美	unit	765as			imasdb-819f2d4a9e95			unmatched	
765as_jump	J☆U☆M☆P	J☆U☆M☆P		yura	yura	高田龍一	高田龍一	天海春香、高槻やよい、星井美希	unit	765as			imasdb-344290b9753c			unmatched	
765as_kawaii_ウォーズ	KAWAII ウォーズ	KAWAII ウォーズ		ササキトモコ	ササキトモコ	ササキトモコ	ササキトモコ	田中琴葉、天海春香、菊地真、水瀬伊織、我那覇響、双葉杏、安部菜々、春日未来、大崎甘奈、大崎甜花、詩花、奥空心白	all	765as			imasdb-28eb106896f4			unmatched	
765as_kiss_-hiroyuki_kawada_remix-	KisS -Hiroyuki Kawada Remix-	KisS	Hiroyuki Kawada Remix	yura Dark	yura Dark	橋本由香利	橋本由香利	765PRO ALLSTARS	all	765as	961_kiss	1	imasdb-678351d145b0			unmatched	
765as_kosmos_cosmos	Kosmos, Cosmos	Kosmos, Cosmos		遠藤フビト	遠藤フビト	BNEI(内田哲也)	内田哲也	萩原雪歩	solo	765as			imasdb-45fad900fd7e			unmatched	
765as_kosmos_cosmos_-neo_acoustic_rearrange_mix-	Kosmos, Cosmos -NEO ACOUSTIC Rearrange Mix-	Kosmos, Cosmos	NEO ACOUSTIC Rearrange Mix	遠藤フビト	遠藤フビト	NBGI(内田哲也)	NBGI(内田哲也)	萩原雪歩	solo	765as	765as_kosmos_cosmos	1	imasdb-bc582cb5f480			unmatched	
765as_labyrinth	Labyrinth	Labyrinth		GeorgeA & NanaerikA-PROJECT	GeorgeA;NanaerikA-PROJECT	NBGI(甲斐敏夫)	NBGI(甲斐敏夫)	高槻やよい	solo	765as			imasdb-4d3131f2ece9			unmatched	
765as_ladycake	Lady☆Cake	Lady☆Cake		三重野瞳	三重野瞳	宮垣憲一郎	宮垣憲一郎	たかはし智秋&今井麻美	unit	765as			imasdb-06da3e0fa34a			unmatched	
765as_large_size_party	Large Size Party	Large Size Party		瀬良羽美	瀬良羽美	宮島律子	宮島律子	三浦あずさ、四条貴音、如月千早	unit	765as			imasdb-80b0db6cef47			unmatched	
765as_lemonade	LEMONADE	LEMONADE		堀込高樹	堀込高樹	堀込高樹	堀込高樹	萩原雪歩、三浦あずさ	unit	765as			imasdb-c2d812b8fab8			unmatched	
765as_light_year_song	Light Year Song	Light Year Song		BNSI(MCTC)	MCTC	BNSI(Taku Inoue)	Taku Inoue	高槻やよい、菊地真、双海亜美/真美、我那覇響	unit	765as			imasdb-6fdfca98c8a9			unmatched	
765as_little_match_girl	Little Match Girl	Little Match Girl		ESTi	ESTi	ESTi	ESTi	如月千早、萩原雪歩	unit	765as			imasdb-2650cfa0893b			unmatched	
765as_live	livE	livE		yura Dark	yura Dark	橋本由香利	橋本由香利	秋月律子	solo	765as			imasdb-54cc318eebf9			unmatched	
765as_live_for_love	LIVE for LOVE!	LIVE for LOVE!		畑亜貴	畑亜貴	黒須克彦	黒須克彦	天海春香	solo	765as			imasdb-031c1629b4eb			unmatched	
765as_lobm	L・O・B・M	L・O・B・M		BNSI(mft)	mft	BNSI(高田龍一)	高田龍一	765PRO ALLSTARS	all	765as			imasdb-65a521e0cade			unmatched	
765as_look_the_sky	LOOK THE SKY	LOOK THE SKY		yura	yura	藤本記子	藤本記子	三浦あずさ	solo	765as			imasdb-5331c6781e66			unmatched	
765as_looking_for_love	Looking For Love	Looking For Love		中村恵	中村恵	佐々木宏人	佐々木宏人	天海春香、星井美希	unit	765as			imasdb-a742bc714637			unmatched	
765as_lost	LOST	LOST		yura-yura Dark	yura-yura Dark	神前暁	神前暁	如月千早、三浦あずさ、水瀬伊織、双海亜美/真美、水谷絵理	unit	765as			imasdb-ce6f8aedac7e			unmatched	
765as_loveオーダーメイド	LOVEオーダーメイド	LOVEオーダーメイド		三浦誠司	三浦誠司	Akiko Noda	Akiko Noda	秋月律子	solo	765as			imasdb-fbac6bf8437e			unmatched	
765as_lr	L<>R	L<>R		中村恵	中村恵	NBGI(大野木宣幸)	NBGI(大野木宣幸)	双海亜美/真美	solo	765as			imasdb-34b3327fd8b9			unmatched	
765as_maybe_tomorrow	Maybe TOMORROW	Maybe TOMORROW		イイジマケン	イイジマケン	イイジマケン	イイジマケン	765PRO ALLSTARS	solo	765as			imasdb-f70e98b6a98f			unmatched	
765as_maybe_tomorrow_petit_specialver	Maybe TOMORROW Petit Special.ver	Maybe TOMORROW Petit Special.ver		イイジマケン	イイジマケン	イイジマケン	イイジマケン	やよ、いお、みうらさん、たかにゃ	unit	765as			imasdb-92c6e3cf8ef9			unmatched	
765as_megare	MEGARE!	MEGARE!		BNSI(mft)	mft	BNSI(高田龍一)	高田龍一	765PRO ALLSTARS	all	765as			imasdb-7c78ae360757			unmatched	
765as_melted_snow	Melted Snow	Melted Snow		中村恵	中村恵	佐々木宏人	佐々木宏人	如月千早、萩原雪歩、三浦あずさ	unit	765as			imasdb-30546b226808			unmatched	
765as_melting_season	Melting season	Melting season		只野菜摘	只野菜摘	内藤匠(SETOFF RECORDS)	内藤匠(SETOFF RECORDS)	今井麻美&たかはし智秋	unit	765as			imasdb-3ffe0f2aa26e			unmatched	
765as_miracle_night	Miracle Night	Miracle Night		BNSI(MC TC)	MC TC	BNSI(Taku Inoue)	Taku Inoue	天海春香、菊地真、双海亜美、双海真美、水瀬伊織	unit	765as			imasdb-da66cd6709f5			unmatched	
765as_mon_chéri	mon chéri	mon chéri		mauna	mauna	BNSI(内田哲也)	内田哲也	Honey Citrus	unit	765as			imasdb-235b20c862fa			unmatched	
765as_monday_night_fever	Monday Night Fever☆	Monday Night Fever☆		渡部紫緒	渡部紫緒	坂部剛	坂部剛	沼倉愛美、原由実	unit	765as			imasdb-77ea0d8f715e			unmatched	
765as_moony	MOONY	MOONY		yura	yura	Funta7	Funta7	如月千早、三浦あずさ、菊地真、星井美希、我那覇響、秋月律子	unit	765as			imasdb-fee722ddd06f			unmatched	
765as_moony_-djtekinasomething_aka_ゆよゆっぺ_remix-	MOONY -DJ'TEKINA//SOMETHING a.k.a ゆよゆっぺ Remix-	MOONY	DJ'TEKINA//SOMETHING a.k.a ゆよゆっぺ Remix	yura	yura	Funta7	Funta7	我那覇響	unit	765as	765as_moony	1	imasdb-24acecb3e9cf			unmatched	
765as_motto	motto	motto							cover	765as			imasdb-2444dfbeeb22			unmatched	
765as_msterpiece	M@STERPIECE	M@STERPIECE		yura	yura	神前暁(MONACA)	神前暁(MONACA)	765PRO ALLSTARS	all	765as			imasdb-38b64725ffa9			unmatched	
765as_msterpiece_-club_bossa_nova_rearrange_mix-	M@STERPIECE -CLUB BOSSA NOVA Rearrange Mix-	M@STERPIECE	CLUB BOSSA NOVA Rearrange Mix	yura	yura	神前暁(MONACA)	神前暁(MONACA)	水瀬伊織、星井美希、三浦あずさ、双海真美、我那覇響	all	765as	765as_msterpiece	1	imasdb-4662d3e20dc4			unmatched	
765as_msterpiece_-mitsuhiro_kitadani_remix-	M@STERPIECE -Mitsuhiro Kitadani Remix-	M@STERPIECE	Mitsuhiro Kitadani Remix	yura	yura	神前暁	神前暁	765PRO ALLSTARS	all	765as	765as_msterpiece	1	imasdb-a4c38aaa2117			unmatched	
765as_music	MUSIC♪	MUSIC♪		yura	yura	BNSI(渡辺量)	渡辺量	765PRO ALLSTARS	all	765as			imasdb-1c1c5047b0ef			unmatched	
765as_music_-taku_inoue_remix-	MUSIC♪ -TAKU INOUE Remix-	MUSIC♪	TAKU INOUE Remix	yura	yura	BNEI(渡辺量)	渡辺量	765PRO ALLSTARS	all	765as	765as_music	1	imasdb-330cecaaec51			unmatched	
765as_my_best_friend	My Best Friend	My Best Friend		NBGI(uRy)	NBGI(uRy)	NBGI(おおくぼひろし)	NBGI(おおくぼひろし)	秋月律子、萩原雪歩、双海亜美/真美	unit	765as			imasdb-0c36609142a2			unmatched	
765as_my_best_friendremster-a	My Best Friend(REM@STER-A)	My Best Friend	REM@STER-A	BNSII(uRy)	BNSII(uRy)	BNSI(おおくぼひろし)	おおくぼひろし	星井美希	solo	765as	765as_my_best_friend	1	imasdb-e670648f5834			unmatched	
765as_my_best_friendremster-b	My Best Friend(REM@STER-B	My Best Friend(REM@STER-B		BNSI(uRy)	uRy	BNSI(おおくぼひろし)	おおくぼひろし	水瀬伊織	solo	765as			imasdb-1d82a420c6f1			unmatched	
765as_my_best_friendイシターの復活ファミソン8bit_mix	My Best Friend(『イシターの復活』ファミソン8BIT MIX)	My Best Friend	『イシターの復活』ファミソン8BIT MIX	BNSI(uRy)	uRy	BNSI(おおくぼひろし)	おおくぼひろし	菊地真、萩原雪歩	unit	765as	765as_my_best_friend	1	imasdb-662743ff7fc0			unmatched	
765as_my_song	my song	my song		yura	yura	神前暁	神前暁	水瀬伊織、菊地真、三浦あずさ	unit	765as			imasdb-07ed89a4172d			unmatched	
765as_my_song_-lindaai-cue_remix-	my song -LindaAI-CUE Remix-	my song	LindaAI-CUE Remix	yura	yura	神前暁	神前暁	765PRO ALLSTARS	all	765as	765as_my_song	1	imasdb-78e6fd3eee81			unmatched	
765as_my_songremster-a	my song(REM@STER-A)	my song	REM@STER-A	yura	yura	神前暁	神前暁	秋月律子、双海亜美/真美	unit	765as	765as_my_song	1	imasdb-88f9f941ae65			unmatched	
765as_my_wish	My Wish	My Wish		Asu	Asu	Asu	Asu	星井美希、高槻やよい、萩原雪歩、菊地真、水瀬伊織、秋月律子	unit	765as			imasdb-4a4d22a099aa			unmatched	
765as_mythmaker	Mythmaker	Mythmaker		BNSI(LindaAI-CUE)	LindaAI-CUE	BNSI(LindaAI-CUE)	LindaAI-CUE	三浦あずさ	solo	765as			imasdb-6d82ce4f2987			unmatched	
765as_mythmaker_-taku_inoue_remix-	Mythmaker -Taku Inoue Remix-	Mythmaker	Taku Inoue Remix	BNGI(LindaAI-CUE)	BNGI(LindaAI-CUE)	BNGI(LindaAI-CUE)	BNGI(LindaAI-CUE)	765PRO ALLSTARS	solo	765as	765as_mythmaker	1	imasdb-c7ba6769d0a5			unmatched	
765as_new_me_continued	New Me, Continued	New Me, Continued		八城雄太	八城雄太	俊龍	俊龍	765PRO ALLSTARS	all	765as			imasdb-1cc671c87fb3			unmatched	
765as_next_life	Next Life	Next Life		BNSI(遠山明孝)	遠山明孝	BNSI(遠山明孝)	遠山明孝	我那覇響	solo	765as			imasdb-c929d28f41a3			unmatched	
765as_nostalgia	Nostalgia	Nostalgia		AJURIKA	AJURIKA	AJURIKA	AJURIKA	星井美希	solo	765as			imasdb-ea0d40cac703			unmatched	
765as_okey-dokey	Okey-dokey	Okey-dokey		森由里子	森由里子	神前暁	神前暁	今井麻美、たかはし智秋	unit	765as			imasdb-5859438197f1			unmatched	
765as_okey-dokeyニューアレンジ	Okey-dokey(ニュー・アレンジ)	Okey-dokey	ニュー・アレンジ	森由里子	森由里子	神前暁	神前暁	今井麻美、たかはし智秋	unit	765as	765as_okey-dokey	1	imasdb-d72ac51559de			unmatched	
765as_one_step	One Step	One Step		宮崎誠	宮崎誠	宮崎誠	宮崎誠	原由実	solo	765as			imasdb-278d4801b795			unmatched	
765as_only_my_note	ONLY MY NOTE	ONLY MY NOTE		marhy	marhy	BNSI(内田哲也)	内田哲也	765PRO ALLSTARS	all	765as			imasdb-5297a51a7fea			unmatched	
765as_pingpong_game	PINGPONG GAME	PINGPONG GAME		Gamenrider[서용배(Seo Yong Bae)、박우상(Park Woo Sang)、이상호(Lee Sang Ho)]	Gamenrider[서용배(Seo Yong Bae)、박우상(Park Woo Sang)、이상호(Lee Sang Ho)]	Gamenrider[서용배(Seo Yong Bae)、박우상(Park Woo Sang)、이상호(Lee Sang Ho)]	Gamenrider[서용배(Seo Yong Bae)、박우상(Park Woo Sang)、이상호(Lee Sang Ho)]	Real Girls Project(ソリ、ユキカ、ジウォン、イェウン、スジ)	unit	765as			imasdb-7d01213efe02			unmatched	
765as_pink_の_february	pink の february	pink の february		只野菜摘	只野菜摘	佐藤和郎	佐藤和郎	今井麻美&たかはし智秋	unit	765as			imasdb-bf82cfedaa7f			unmatched	
765as_pon_de_beach	Pon De Beach	Pon De Beach		BNSI(MC TC)	MC TC	BNSI(Taku Inoue)	Taku Inoue	我那覇響	solo	765as			imasdb-05a745c87c39			unmatched	
765as_poplinks_tune	POPLINKS TUNE!!!!!	POPLINKS TUNE!!!!!		BNSI (ミフメイ)	ミフメイ	BNSI (ミフメイ)	ミフメイ	天海春香、島村卯月、春日未来、天道輝、櫻木真乃	unit	765as			imasdb-922b68e33722			unmatched	
765as_princess_snow_white	Princess Snow White	Princess Snow White		yura	yura	山口朗彦	山口朗彦	四条貴音	solo	765as			imasdb-73236958e90a			unmatched	
765as_pu-ru-ru	Pu-Ru-Ru	Pu-Ru-Ru		yura	yura	神谷礼	神谷礼	萩原雪歩	solo	765as			imasdb-13dff2eaeefa			unmatched	
765as_qa	Q&A	Q&A		yura	yura	市蔵	市蔵	秋月律子	solo	765as			imasdb-99bde0ab8610			unmatched	
765as_ready	READY!!	READY!!		yura	yura	神前暁	神前暁	765PRO ALLSTARS	all	765as			imasdb-bb553e5f9097			unmatched	
765as_ready_-bossa_nova_rearrange_mix-	READY!! -BOSSA NOVA Rearrange Mix-	READY!!	BOSSA NOVA Rearrange Mix	yura	yura	神前暁	神前暁	水瀬伊織	all	765as	765as_ready	1	imasdb-f56dee994e90			unmatched	
765as_readychange_special_edition	READY!!&CHANGE!!!! SPECIAL EDITION	READY!!&CHANGE!!!! SPECIAL EDITION		yura	yura	神前暁、NBGI(内田哲也)	神前暁;NBGI(内田哲也)	765PRO ALLSTARS	all	765as			imasdb-fa634526d929			unmatched	
765as_relations	relations	relations		BNSI(mft)	mft	BNSI(中川浩二)	中川浩二	星井美希、如月千早	unit	765as			imasdb-f9bba29abfad			unmatched	
765as_relations_-jazz_rearrange_mix-	relations -JAZZ Rearrange Mix-	relations	JAZZ Rearrange Mix	NBGI(mft)	NBGI(mft)	NBGI(中川浩二)	NBGI(中川浩二)	星井美希	solo	765as	765as_relations	1	imasdb-96e2e4b1f459			unmatched	
765as_relationsdigno-pop_mix	relations(digno-pop MIX)	relations	digno-pop MIX	BNSI(mft)	mft	BNSI(中川浩二)	中川浩二	菊地真、萩原雪歩	unit	765as		1	imasdb-0eda481a42ea			unmatched	
765as_relationsremster-a	relations(REM@STER-A)	relations	REM@STER-A	BNSI(mft)	mft	BNSI(中川浩二)	中川浩二	天海春香	solo	765as	765as_relations	1	imasdb-af9eecc1cdf7			unmatched	
765as_relationsremster-b	relations(REM@STER-B)	relations	REM@STER-B	BNSI(mft)	mft	BNSI(中川浩二)	中川浩二	水瀬伊織	solo	765as	765as_relations	1	imasdb-e694a80b7be6			unmatched	
765as_relationsギャプラスファミソン8bit_mix	relations(『ギャプラス』ファミソン8BIT MIX)	relations	『ギャプラス』ファミソン8BIT MIX	BNSI(mft)	mft	BNSI(中川浩二)	中川浩二	天海春香、星井美希	unit	765as	765as_relations	1	imasdb-79526b691299			unmatched	
765as_reward_sweets	Reward Sweets	Reward Sweets		伊福部崇	伊福部崇	金山秀士(Dream Monster)、イトイ(Dream Monster)	金山秀士(Dream Monster);イトイ(Dream Monster)	春日未来、最上静香、箱崎星梨花	unit	765as			imasdb-b6ff22482b08			unmatched	
765as_second_livingroom	SECOND LIVINGROOM	SECOND LIVINGROOM		伊福部崇	伊福部崇	遠藤信吾	遠藤信吾	春日未来、最上静香、箱崎星梨花	unit	765as			imasdb-0725e79e4e4e			unmatched	
765as_session	SESSION!	SESSION!		真崎エリカ	真崎エリカ	本多友紀(Arte Refact)	本多友紀(Arte Refact)	Project LUMINOUS(天海春香、水瀬伊織、菊地真、我那覇響、安部菜々、双葉杏、春日未来、大崎甘奈、大崎甜花、奥空心白)	unit	765as			imasdb-4bbf960b4efb			unmatched	
765as_shadowless	SHADOWLESS	SHADOWLESS		谷山浩子	谷山浩子	谷山浩子	谷山浩子	今井麻美	solo	765as			imasdb-926b706def2c			unmatched	
765as_shining_star彡	SHINING STAR★彡	SHINING STAR★彡		石川絵理	石川絵理	一色真実	一色真実	Torico	unit	765as			imasdb-d77d9a8e5781			unmatched	
765as_shiny_smile	shiny smile	shiny smile		朝日祭	朝日祭	BNSI(Yoshi)	Yoshi	天海春香、如月千早、秋月律子	unit	765as			imasdb-807747d445b5			unmatched	
765as_shiny_smile_-百引一_remix-	shiny smile -百引一 Remix-	shiny smile	百引一 Remix	朝日祭	朝日祭	BNGI(Yoshi)	BNGI(Yoshi)	765PRO ALLSTARS	all	765as	765as_shiny_smile	1	imasdb-2ab9292fbee2			unmatched	
765as_shiny_smileremster-a	shiny smile(REM@STER-A)	shiny smile	REM@STER-A	朝日祭	朝日祭	NBGI(Yoshi)	NBGI(Yoshi)	菊地真、三浦あずさ	unit	765as	765as_shiny_smile	1	imasdb-70d4e7c3d6af			unmatched	
765as_shiny_smileremster-b	shiny smile(REM@STER-B)	shiny smile	REM@STER-B	朝日祭	朝日祭	NBGI(Yoshi)	NBGI(Yoshi)	四条貴音、萩原雪歩	unit	765as	765as_shiny_smile	1	imasdb-15de471d5550			unmatched	
765as_shooting	Shooting!!!	Shooting!!!		GeorgeA & NanaerikA-PROJECT	GeorgeA;NanaerikA-PROJECT	NBGI(細江慎治)	NBGI(細江慎治)	星井美希	solo	765as			imasdb-ff231a3abe5f			unmatched	
765as_shyshining	shy→shining	shy→shining		朝日祭	朝日祭	BNSI(Yoshi)	Yoshi	765PRO ALLSTARS(天海春香、如月千早、萩原雪歩、高槻やよい、秋月律子、三浦あずさ、水瀬伊織、菊地真、双海亜美、双海真美、星井美希、四条貴音、我那覇響)	all	765as			imasdb-36d1f395562a			unmatched	
765as_slapp_happy	Slapp Happy!!!	Slapp Happy!!!		ミト	ミト	ミト	ミト	如月千早、高槻やよい、水瀬伊織	unit	765as			imasdb-af0cf12314d5			unmatched	
765as_smile_smile_smile	Smile Smile Smile	Smile Smile Smile		森由里子	森由里子	岸井将	岸井将	今井麻美&たかはし智秋	unit	765as			imasdb-d10e74c68293			unmatched	
765as_smoky_fruits	SMOKY FRUITS	SMOKY FRUITS		uRy	uRy	uRy	uRy	水瀬伊織、三浦あずさ、双海亜美	unit	765as			imasdb-249802a36dc0			unmatched	
765as_smoky_thrill	SMOKY THRILL	SMOKY THRILL		BNSI(uRy)	uRy	BNSI(uRy)	uRy	竜宮小町、三浦あずさ、双海亜美	solo	765as			imasdb-edb43623609b			unmatched	
765as_smoky_thrill_-rio_hamamoto_remix-	SMOKY THRILL -Rio Hamamoto Remix-	SMOKY THRILL	Rio Hamamoto Remix	BNEI(uRy)	uRy	BNEI(uRy)	uRy	双海亜美	solo	765as	765as_smoky_thrill	1	imasdb-619deb613ce7			unmatched	
765as_start	START!!	START!!		白瀬彩	白瀬彩	宮崎誠	宮崎誠	天海春香	solo	765as			imasdb-5e79f21c542a			unmatched	
765as_still_love	Still Love	Still Love		荘野ジュリ	荘野ジュリ	Jin Nakamura	Jin Nakamura	今井麻美	solo	765as			imasdb-eadddb80785d			unmatched	
765as_strawberry_pain	Strawberry pain	Strawberry pain		石川智晶	石川智晶	石川智晶	石川智晶	沼倉愛美	solo	765as			imasdb-776c55efccaa			unmatched	
765as_stylish_queen	STYLISH QUEEN★	STYLISH QUEEN★		たかはし智秋	たかはし智秋	上田晃司	上田晃司	たかはし智秋	solo	765as			imasdb-15350217ae4f			unmatched	
765as_sunshine	sunshine	sunshine		貝田由里子	貝田由里子	内藤匠(SETOFF RECORDS)	内藤匠(SETOFF RECORDS)	たかはし智秋	solo	765as			imasdb-bc615f2b2236			unmatched	
765as_superstar	SUPERSTAR	SUPERSTAR		辻純更	辻純更	Ryo Fujimura	Ryo Fujimura	浅倉杏美	solo	765as			imasdb-23f800a8a134			unmatched	
765as_switch_on	SWITCH ON	SWITCH ON		yura	yura	el	el	天海春香	solo	765as			imasdb-5bc51134535a			unmatched	
765as_tear	tear	tear		貝田由里子	貝田由里子	中山真斗(Elements Garden)	中山真斗(Elements Garden)	菊地真	solo	765as			imasdb-8538de9a2949			unmatched	
765as_the_idolmster	THE IDOLM@STER	THE IDOLM@STER		中村恵	中村恵	BNSI(佐々木宏人)	佐々木宏人	天海春香、菊地真、双海亜美、双海真美、星井美希	unit	765as			imasdb-f0c14e49c5f6			unmatched	
765as_the_idolmster_-rio_hamamoto_remix-	THE IDOLM@STER -Rio Hamamoto Remix-	THE IDOLM@STER	Rio Hamamoto Remix	中村恵	中村恵	BNGI(佐々木宏人)	BNGI(佐々木宏人)	765PRO ALLSTARS	all	765as	765as_the_idolmster	1	imasdb-3bf774c9c5d3			unmatched	
765as_the_idolmster_2nd-mix	THE IDOLM@STER 2nd-mix	THE IDOLM@STER 2nd-mix		中村恵	中村恵	NBGI(佐々木宏人)	NBGI(佐々木宏人)	天海春香、星井美希、萩原雪歩、我那覇響、四条貴音	unit	765as			imasdb-5993d439d13e			unmatched	
765as_the_idolmster_初星-mix	THE IDOLM@STER 初星-mix	THE IDOLM@STER 初星-mix		中村恵	中村恵	BNEI(佐々木宏人)	佐々木宏人	765PRO ALLSTARS(天海春香、如月千早、萩原雪歩、高槻やよい、秋月律子、三浦あずさ、水瀬伊織、菊地真、双海亜美、双海真美、星井美希、四条貴音、我那覇響)	all	765as			imasdb-1efc0bf25c9e			unmatched	
765as_the_idolmsterremster-a	THE IDOLM@STER(REM@STER-A)	THE IDOLM@STER	REM@STER-A	中村恵	中村恵	BNSI(佐々木宏人)	佐々木宏人	星井美希	solo	765as	765as_the_idolmster	1	imasdb-354fa01fdd38			unmatched	
765as_the_idolmsterremster-b	THE IDOLM@STER(REM@STER-B)	THE IDOLM@STER	REM@STER-B	中村恵	中村恵	BNSI(佐々木宏人)	佐々木宏人	水瀬伊織、菊地真、秋月律子	unit	765as	765as_the_idolmster	1	imasdb-9f3730fb0c62			unmatched	
765as_the_idolmsterたろすけバスターnw_mix	THE IDOLM@STER(たろすけバスターNW MIX)	THE IDOLM@STER	たろすけバスターNW MIX	中村恵	中村恵	BNSI(佐々木宏人)	佐々木宏人	天海春香、星井美希	unit	765as		1	imasdb-961c6c8cc224			unmatched	
765as_the_world_is_all_one_	The world is all one !!	The world is all one !!		RIONA	RIONA	田代智一	田代智一	765PRO ALLSTARS	all	765as			imasdb-ff532befc780			unmatched	
765as_the_愛	THE 愛	THE 愛		yura	yura	佐々木宏人	佐々木宏人	天海春香、菊地真、高槻やよい、我那覇響、日高愛	unit	765as			imasdb-915e5c941d91			unmatched	
765as_today_with_me	TODAY with ME	TODAY with ME		イイジマケン	イイジマケン	イイジマケン	イイジマケン	如月千早	solo	765as			imasdb-3244cd9d60e4			unmatched	
765as_today_with_me_petit_specialver	TODAY with ME Petit Special.ver	TODAY with ME Petit Special.ver		イイジマケン	イイジマケン	イイジマケン	イイジマケン	ちひゃー、こあみ・こまみ、ちびき、ゆきぽ	unit	765as			imasdb-d3faece818e1			unmatched	
765as_top	ToP!!!!!!!!!!!!!	ToP!!!!!!!!!!!!!		yura	yura	BNSI (佐藤貴文)	佐藤貴文	765PRO ALLSTARS	all	765as			imasdb-a152df839cb4			unmatched	
765as_tower_of_adventure	Tower of Adventure	Tower of Adventure		UMII.Amyu.NanaerikA-PROJECT	UMII.Amyu.NanaerikA-PROJECT	NBGI(中潟憲雄)	NBGI(中潟憲雄)	秋月律子	solo	765as			imasdb-8dc67bb5830b			unmatched	
765as_traveler	Traveler	Traveler		原由実/沼倉愛美/今井麻美	原由実/沼倉愛美/今井麻美	MIKOTO	MIKOTO	今井麻美、原由実、沼倉愛美	unit	765as			imasdb-b998cd5a1db8			unmatched	
765as_trial_dance	TRIAL DANCE	TRIAL DANCE		yura	yura	中西圭三	中西圭三	我那覇響	solo	765as			imasdb-60f30ab395b7			unmatched	
765as_unmei_ライブ	U・N・M・E・I ライブ	U・N・M・E・I ライブ		伊福部崇	伊福部崇	増谷賢	増谷賢	春日未来、最上静香、箱崎星梨花	unit	765as			imasdb-452ad5b2fbc9			unmatched	
765as_urgent	URGENT!!!	URGENT!!!		Chang Jung	Chang Jung	神前暁	神前暁	たかはし智秋、今井麻美	unit	765as			imasdb-f60fe35e4df5			unmatched	
765as_urgentニューアレンジ	URGENT!!!(ニュー・アレンジ)	URGENT!!!	ニュー・アレンジ	Chang Jung	Chang Jung	神前暁	神前暁	たかはし智秋、今井麻美	unit	765as	765as_urgent	1	imasdb-5d254c062bdf			unmatched	
765as_vault_that_borderline	Vault That Borderline!	Vault That Borderline!		BNSI(LindaAI-CUE)	LindaAI-CUE	BNSI(LindaAI-CUE)	LindaAI-CUE	天海春香、如月千早、三浦あずさ、秋月律子	unit	765as			imasdb-8963d3f0f4c6			unmatched	
765as_velvet_quiet	VELVET QUIET	VELVET QUIET		BNSI(ミフメイ)	ミフメイ	BNSI(ミフメイ)	ミフメイ	三浦あずさ	solo	765as			imasdb-35fb06012582			unmatched	
765as_vertex_meister	Vertex Meister	Vertex Meister		BNSI(LindaAI-CUE)	LindaAI-CUE	BNSI(LindaAI-CUE)	LindaAI-CUE	如月千早、秋月律子、菊地真、四条貴音、我那覇響	unit	765as			imasdb-2faaf9db45ab			unmatched	
765as_virgin_load	Virgin Load	Virgin Load		yura Dark	yura Dark	佐々木宏人	佐々木宏人	菊地真、星井美希、四条貴音	unit	765as			imasdb-b86c154e9ec4			unmatched	
765as_voyger	VOY@GER	VOY@GER		烏屋茶房	烏屋茶房	井上馨太(MONACA)	井上馨太(MONACA)	THE IDOLM@STER FIVE STARS!!!!!(天海春香、菊地真、四条貴音、塩見周子、新田美波、久川颯、高坂海美、白石紬、望月杏奈、鷹城恭二、黒野玄武、古論クリス、有栖川夏葉、黛冬優子、浅倉透)	all	765as			imasdb-59a9af40ab1a			unmatched	
765as_we_have_a_dream	We Have A Dream	We Have A Dream		中村恵	中村恵	佐々木宏人	佐々木宏人	天海春香、星井美希、如月千早、高槻やよい、萩原雪歩、我那覇響	unit	765as			imasdb-126559681e2d			unmatched	
765as_we_just_started	We just started	We just started		mft	mft	小野貴光	小野貴光	星井美希、四条貴音、秋月律子	unit	765as			imasdb-745350ff1aa1			unmatched	
765as_we_just_started_-kakeru_ishihama_remix-	We just started -Kakeru Ishihama Remix-	We just started	Kakeru Ishihama Remix	mft	mft	小野貴光	小野貴光	765PRO ALLSTARS	all	765as	765as_we_just_started	1	imasdb-419d5ce5a8f4			unmatched	
765as_wedding_bell	WEDDING BELL	WEDDING BELL		yura	yura	川田瑠夏	川田瑠夏	秋月律子	solo	765as			imasdb-5cdd80d1927e			unmatched	
765as_yes	YES♪	YES♪		yura	yura	若林充	若林充	天海春香、菊地真	unit	765as			imasdb-e7d33ed6a303			unmatched	
765as_you往my進	YOU往MY進!	YOU往MY進!		mft	mft	白戸佑輔	白戸佑輔	双海亜美	solo	765as			imasdb-b2823a5b429a			unmatched	
765as_zone_of_fortune	zone of fortune	zone of fortune		yura	yura	eba	eba	三浦あずさ	solo	765as			imasdb-431b7200d742			unmatched	
765as_→→→sp	→→→SP	→→→SP						天海春香、島村卯月、春日未来、天道輝、櫻木真乃、花海咲季	unit	765as			imasdb-2ce5876084f8			unmatched	
765as_あしたアイシテル	あしたアイシテル	あしたアイシテル		里乃塚玲央	里乃塚玲央	小杉保夫	小杉保夫	たかはし智秋、今井麻美	unit	765as			imasdb-b6f63b45a013			unmatched	
765as_あったかな雪	あったかな雪	あったかな雪		白瀬彩	白瀬彩	糀谷拓土	糀谷拓土	星井美希、高槻やよい、双海亜美/真美	unit	765as			imasdb-ffbd88f5d116			unmatched	
765as_あの日のナミダ	あの日のナミダ	あの日のナミダ		伊那村さちこ	伊那村さちこ	BNSI(Yoshi)	Yoshi	萩原雪歩	solo	765as			imasdb-84e9a56aca06			unmatched	
765as_ありがとyesterdays	あ・り・が・と・YESTERDAYS	あ・り・が・と・YESTERDAYS		イイジマケン	イイジマケン	イイジマケン	イイジマケン	天海春香、菊地真、星井美希、秋月律子	unit	765as			imasdb-a459ce33793a			unmatched	
765as_ありがとyesterdays_petit_specialver	あ・り・が・と・YESTERDAYS Petit Special.ver	あ・り・が・と・YESTERDAYS Petit Special.ver		イイジマケン	イイジマケン	イイジマケン	イイジマケン	はるかさん、まこちー、あふぅ、ちっちゃん	unit	765as			imasdb-9a3250f1f0aa			unmatched	
765as_いっしょ	いっしょ	いっしょ		yura	yura	藤末樹	藤末樹	天海春香、高槻やよい、星井美希、三浦あずさ、双海亜美、双海真美	unit	765as			imasdb-b6d3454a7361			unmatched	
765as_いっぱいいっぱい	いっぱいいっぱい	いっぱいいっぱい		中村恵	中村恵	BNSI(佐々木宏人)	佐々木宏人	秋月律子	solo	765as			imasdb-4b83852c0416			unmatched	
765as_うれしあやかし道中記	うれし・あやかし道中記	うれし・あやかし道中記		後藤裕之	後藤裕之	NBGI(川田宏行)	NBGI(川田宏行)	我那覇響	solo	765as			imasdb-0ea67da5f95c			unmatched	
765as_おとなのはじまり	おとなのはじまり	おとなのはじまり		白瀬彩	白瀬彩	小野貴光	小野貴光	水瀬伊織、高槻やよい、双海亜美/真美	unit	765as			imasdb-04b13d0c4b5c			unmatched	
765as_おとなのはじまり_-lindaai-cue_remix-	おとなのはじまり -LindaAI-CUE Remix-	おとなのはじまり	LindaAI-CUE Remix	白瀬彩	白瀬彩	小野貴光	小野貴光	765PRO ALLSTARS	all	765as	765as_おとなのはじまり	1	imasdb-23b5f8596753			unmatched	
765as_おはよう朝ご飯	おはよう!!朝ご飯	おはよう!!朝ご飯		中村恵	中村恵	BNSI(佐々木宏人)	佐々木宏人	高槻やよい	solo	765as			imasdb-c1c24f90e811			unmatched	
765as_おはよう朝ご飯remster-a	おはよう!!朝ご飯(REM@STER-A)	おはよう!!朝ご飯	REM@STER-A	中村恵	中村恵	BNSI(佐々木宏人)	佐々木宏人	双海真美	solo	765as	765as_おはよう朝ご飯	1	imasdb-51029f1bb3f4			unmatched	
765as_おはよう朝ご飯remster-b	おはよう!!朝ご飯(REM@STER-B)	おはよう!!朝ご飯	REM@STER-B	中村恵	中村恵	BNSI(佐々木宏人)	佐々木宏人	菊地真	solo	765as	765as_おはよう朝ご飯	1	imasdb-f1076e65f3be			unmatched	
765as_おはよう朝ご飯ドルアーガの塔ファミソン8bit_mix	おはよう!!朝ご飯(『ドルアーガの塔』ファミソン8BIT MIX)	おはよう!!朝ご飯	『ドルアーガの塔』ファミソン8BIT MIX	中村恵	中村恵	BNSI(佐々木宏人)	佐々木宏人	高槻やよい、双海亜美/真美	unit	765as	765as_おはよう朝ご飯	1	imasdb-904c26176e72			unmatched	
765as_おもいでのはじまり	おもいでのはじまり	おもいでのはじまり		白戸佑輔	白戸佑輔	白戸佑輔	白戸佑輔	天海春香、萩原雪歩、菊地真	unit	765as			imasdb-b23dd9027d24			unmatched	
765as_おんぷ	♪(おんぷ)	♪(おんぷ)		yura	yura	山崎寛子	山崎寛子	音無小鳥	solo	765as			imasdb-e338fb1c7f9b			unmatched	
765as_きっと	きっと	きっと		佐伯youthK	佐伯youthK	佐伯youthK	佐伯youthK	浅倉杏美	solo	765as			imasdb-8619dc47da3b			unmatched	
765as_きゅんっヴァンパイアガール	きゅんっ!ヴァンパイアガール	きゅんっ!ヴァンパイアガール		ササキトモコ	ササキトモコ	ササキトモコ	ササキトモコ	星井美希、四条貴音、我那覇響	unit	765as			imasdb-2f97c24afa88			unmatched	
765as_きゅんっヴァンパイアガール_-keiichi_hirokawa_remix-	きゅんっ!ヴァンパイアガール -Keiichi Hirokawa Remix-	きゅんっ!ヴァンパイアガール	Keiichi Hirokawa Remix	ササキトモコ	ササキトモコ	ササキトモコ	ササキトモコ	765PRO ALLSTARS	all	765as	765as_きゅんっヴァンパイアガール	1	imasdb-9229b776d0ed			unmatched	
765as_さよならをありがとう	さよならをありがとう	さよならをありがとう		橋本由香利	橋本由香利	橋本由香利	橋本由香利	天海春香	solo	765as			imasdb-28c9eaa11cf0			unmatched	
765as_さんぶんのいち	さんぶんのいち	さんぶんのいち		伊福部崇	伊福部崇	シバタトモキ	シバタトモキ	春日未来、最上静香、箱崎星梨花	unit	765as			imasdb-277f9545b880			unmatched	
765as_しあわせのレシピ	しあわせのレシピ	しあわせのレシピ		yura	yura	T-Tipsy	T-Tipsy	我那覇響	solo	765as			imasdb-bd25a3ffdb84			unmatched	
765as_しっくりとゆっくりと	しっくりとゆっくりと	しっくりとゆっくりと		yura	yura	石塚玲依	石塚玲依	如月千早	solo	765as			imasdb-6f155330394e			unmatched	
765as_ぜんぜんあいたい	ぜんぜんあいたい	ぜんぜんあいたい		伊福部崇	伊福部崇	杉浦”ラフィン”誠一郎	杉浦”ラフィン”誠一郎	沼倉愛美、浅倉杏美、原由実	unit	765as			imasdb-b8725290865c			unmatched	
765as_そしてぼくらは旅にでる	そしてぼくらは旅にでる	そしてぼくらは旅にでる		BNSI (MCTC)	MCTC	BNSI (Taku Inoue)	Taku Inoue	天海春香、萩原雪歩、高槻やよい、三浦あずさ	unit	765as			imasdb-36c7d47a306f			unmatched	
765as_たいせつなひと	たいせつなひと	たいせつなひと		yura	yura	石塚玲依	石塚玲依	菊地真	solo	765as			imasdb-0189e2fa9ebf			unmatched	
765as_だから今夜きみと	だから今夜きみと	だから今夜きみと		BNSI(MC TC)	MC TC	BNSI(Taku Inoue a.k.a Slim Clear Eyes)	Taku Inoue a.k.a Slim Clear Eyes	沼倉愛美、原由実、浅倉杏美 from THE IDOLM@STER STATION!!!	unit	765as			imasdb-021676ab7c71			unmatched	
765as_てがみうた	てがみうた	てがみうた		只野菜摘	只野菜摘	宮垣憲一郎	宮垣憲一郎	今井麻美&たかはし智秋	solo	765as			imasdb-9c5122a65bf9			unmatched	
765as_どっきりハピバ	どっきり☆ハピバ	どっきり☆ハピバ		yura	yura	若林タカツグ	若林タカツグ	双海亜美/真美	solo	765as			imasdb-74c6f9cd85c5			unmatched	
765as_なんどでも笑おう	なんどでも笑おう	なんどでも笑おう		モモキエイジ	モモキエイジ	BNSI(佐藤貴文)	佐藤貴文	THE IDOLM@STER FIVE STARS!!!!! 天海春香、如月千早、星井美希、島村卯月、渋谷凛、本田未央、春日未来、最上静香、伊吹翼、天道輝、桜庭薫、柏木翼、櫻木真乃、風野灯織、八宮めぐる	all	765as			imasdb-1e8285ad0856			unmatched	
765as_ねがいひとつ	ねがいひとつ	ねがいひとつ		yura	yura	山口朗彦	山口朗彦	萩原雪歩	solo	765as			imasdb-1402684c96eb			unmatched	
765as_はっぴぃほりっく	はっぴぃ☆ほりっく	はっぴぃ☆ほりっく		辻純更	辻純更	吉野貴雄	吉野貴雄	今井麻美、原由実、沼倉愛美	unit	765as			imasdb-107eacea7d2a			unmatched	
765as_ふたつの月	ふたつの月	ふたつの月		BNSI(kyo)	kyo	BNSI(kyo)	kyo	四条貴音	solo	765as			imasdb-bb429a9ea5da			unmatched	
765as_ふたりのもじぴったん	ふたりのもじぴったん	ふたりのもじぴったん		後藤裕之	後藤裕之	神前暁	神前暁	高槻やよい	unit	765as			imasdb-d1aa9c4440f4			unmatched	
765as_ふるふるフューチャー	ふるふるフューチャー☆	ふるふるフューチャー☆		朝日祭	朝日祭	BNSI(Yoshi)	Yoshi	星井美希	solo	765as			imasdb-6114eb9f85e2			unmatched	
765as_ぷちどるのうた	ぷちどるのうた	ぷちどるのうた		yura	yura	佐々木宏人	佐々木宏人	天海春香、秋月律子、菊地真、四条貴音	unit	765as			imasdb-c0c26b02180f			unmatched	
765as_またね	またね	またね		伊那村さちこ	伊那村さちこ	BNSI(Yoshi)	Yoshi	天海春香、水瀬伊織、我那覇響、秋月律子、菊地真、萩原雪歩	unit	765as			imasdb-80eeb1fc7705			unmatched	
765as_またはじめよう	また、はじめよう。	また、はじめよう。		今井麻美	今井麻美	佐藤和郎	佐藤和郎	たかはし智秋&今井麻美	unit	765as			imasdb-f6ea0df10b8f			unmatched	
765as_まっすぐ	まっすぐ	まっすぐ		朝日祭	朝日祭	BNSI(Yoshi)	Yoshi	765PRO ALLSTARS	all	765as			imasdb-a9ab88b5b2ea			unmatched	
765as_まっすぐ_-neo_acoustic_rearrange_mix-	まっすぐ -NEO ACOUSTIC Rearrange Mix-	まっすぐ	NEO ACOUSTIC Rearrange Mix	朝日祭	朝日祭	NBGI(Yoshi)	NBGI(Yoshi)	秋月律子	solo	765as	765as_まっすぐ	1	imasdb-0afba771d231			unmatched	
765as_まっすぐ_-ryo_watanabe_remix-	まっすぐ -Ryo Watanabe Remix-	まっすぐ	Ryo Watanabe Remix	朝日祭	朝日祭	BNGI(Yoshi)	BNGI(Yoshi)	765PRO ALLSTARS	all	765as	765as_まっすぐ	1	imasdb-2e416520221b			unmatched	
765as_まっすぐremster-a	まっすぐ(REM@STER-A)	まっすぐ	REM@STER-A	朝日祭	朝日祭	BNSI(Yoshi)	Yoshi	秋月律子	solo	765as	765as_まっすぐ	1	imasdb-9a29218f749d			unmatched	
765as_まっすぐremster-b	まっすぐ(REM@STER-B)	まっすぐ	REM@STER-B	朝日祭	朝日祭	BNSI(Yoshi)	Yoshi	音無小鳥	unit	765as	765as_まっすぐ	1	imasdb-a027c66c2aa4			unmatched	
765as_まっすぐフェリオスファミソン8bit_mix	まっすぐ(『フェリオス』ファミソン8BIT MIX)	まっすぐ	『フェリオス』ファミソン8BIT MIX	朝日祭	朝日祭	BNSI(Yoshi)	Yoshi	三浦あずさ、秋月律子	unit	765as	765as_まっすぐ	1	imasdb-93fe6bcd0df5			unmatched	
765as_まほろば	まほろば	まほろば		yura	yura	Tomokazu Miura/Gin Kitagawa	Tomokazu Miura/Gin Kitagawa	高槻やよい	solo	765as			imasdb-096cc60c34b4			unmatched	
765as_みんないっしょだよの歌	みんないっしょだよの歌	みんないっしょだよの歌							cover	765as			imasdb-a97000e9dad4			unmatched	
765as_らららわんだぁらんど	ら♪ら♪ら♪わんだぁらんど	ら♪ら♪ら♪わんだぁらんど		イイジマケン	イイジマケン	イイジマケン	イイジマケン	天海春香&はるかさん、如月千早&ちひゃー、萩原雪歩&ゆきぽ、高槻やよい&やよ、秋月律子&ちっちゃん、三浦あずさ&みうらさん、水瀬伊織&いお、菊地真&まこちー、双海亜美/真美&こあみ・こまみ、星井美希&あふぅ、我那覇響&ちびき、四条貴音&たかにゃ、音無小鳥&ぴよぴよ	solo	765as			imasdb-948e0a1497fd			unmatched	
765as_らららわんだぁらんどとろぴかるremix	ら♪ら♪ら♪わんだぁらんど(とろぴかるremix)	ら♪ら♪ら♪わんだぁらんど	とろぴかるremix	イイジマケン	イイジマケン	イイジマケン	イイジマケン	天海春香&はるかさん、如月千早&ちひゃー、萩原雪歩&ゆきぽ、高槻やよい&やよ、秋月律子&ちっちゃん、三浦あずさ&みうらさん、水瀬伊織&いお、菊地真&まこちー、双海亜美/真美&こあみ・こまみ、星井美希&あふぅ、我那覇響&ちびき、四条貴音&たかにゃ、音無小鳥&ぴよぴよ	solo	765as	765as_らららわんだぁらんど	1	imasdb-d12b4345f8a0			unmatched	
765as_れでぃおマジかる	れでぃお☆マジかる	れでぃお☆マジかる		イイジマケン	イイジマケン	イイジマケン	イイジマケン	Honey Citrus	unit	765as			imasdb-9d7b99eadb34			unmatched	
765as_アイ_must_go	アイ MUST GO!	アイ MUST GO!		mft(オノダヒロユキ)	mft(オノダヒロユキ)	BNSI(中川浩二)・小林啓樹	中川浩二;小林啓樹	天海春香、島村卯月、春日未来	unit	765as			imasdb-fbb3a4c2288d			unmatched	
765as_アイ_need_youfor_wonderful_story	アイ NEED YOU(FOR WONDERFUL STORY)	アイ NEED YOU(FOR WONDERFUL STORY)		mft (オノダヒロユキ)	mft (オノダヒロユキ)	中川浩二 (Bandai Namco Studios Inc.)、小林啓樹	中川浩二 (Bandai Namco Studios Inc.);小林啓樹	THE IDOLM@STER BRILLIANT STARS(天海春香、如月千早、星井美希、島村卯月、渋谷凛、本田未央、春日未来、最上静香、伊吹 翼、天道 輝、桜庭 薫、柏木 翼、櫻木真乃、風野灯織、八宮めぐる、花海咲季、月村手毬、藤田ことね)	all	765as			imasdb-5838e443900b			unmatched	
765as_アイシテの呪縛je_vous_aime	アイシテの呪縛〜Je vous aime〜	アイシテの呪縛〜Je vous aime〜		安藤紗々	安藤紗々	白戸佑輔	白戸佑輔	Project LUMINOUS(如月千早、三浦あずさ、秋月律子、四条貴音、神崎蘭子、最上静香、白石紬、白瀬咲耶、杜野凛世、奥空心白)	unit	765as			imasdb-c892b75a1dd7			unmatched	
765as_アイレデッスカ	アイレデッスカ!?	アイレデッスカ!?		リスナーP有志&ミンゴス(今井麻美)&ちあking(たかはし智秋)	リスナーP有志;ミンゴス(今井麻美);ちあking(たかはし智秋)	松田信男	松田信男	たかはし智秋、今井麻美	unit	765as			imasdb-59b9f02b40cc			unmatched	
765as_アエイウエオア	アエイウエオア!	アエイウエオア!		志倉千代丸	志倉千代丸	志倉千代丸	志倉千代丸	天海春香、如月千早	unit	765as			imasdb-3d59f0c4e6c0			unmatched	
765as_アナタのヒトコト	アナタのヒトコト	アナタのヒトコト		伊那村さちこ	伊那村さちこ	BNSI(佐々木宏人)	佐々木宏人	天海春香、如月千早、高槻やよい	unit	765as			imasdb-fb1fef756cb1			unmatched	
765as_アプデ	アプデ	アプデ		三浦誠司	三浦誠司	三浦誠司	三浦誠司	星井美希	solo	765as			imasdb-ea1c8bd1ba7c			unmatched	
765as_アマテラス	アマテラス	アマテラス		BNSI(渡辺量)	渡辺量	BNSI(渡辺量)	渡辺量	萩原雪歩、三浦あずさ、四条貴音	unit	765as			imasdb-9287e381e5fe			unmatched	
765as_エピソードラブ	エピソードラブ	エピソードラブ		yura	yura	el	el	水瀬伊織	solo	765as			imasdb-96b924b4945c			unmatched	
765as_エージェント夜を往く	エージェント夜を往く	エージェント夜を往く		BNSI(LindaAI-CUE)	LindaAI-CUE	BNSI(LindaAI-CUE)	LindaAI-CUE	菊地真	solo	765as			imasdb-0e049cf7aaca			unmatched	
765as_エージェント夜を往くhoover_acid_mix	エージェント夜を往く(Hoover & Acid MIX)	エージェント夜を往く	Hoover & Acid MIX	BNSI(LindaAI-CUE)	LindaAI-CUE	BNSI(LindaAI-CUE)	LindaAI-CUE	双海亜美/真美	solo	765as		1	imasdb-25ea745b2fa8			unmatched	
765as_エージェント夜を往くremster-a	エージェント夜を往く(REM@STER-A)	エージェント夜を往く	REM@STER-A	BNSI(LindaAI-CUE)	LindaAI-CUE	BNSI(LindaAI-CUE)	LindaAI-CUE	萩原雪歩	solo	765as	765as_エージェント夜を往く	1	imasdb-b6c794d2d780			unmatched	
765as_エージェント夜を往くremster-b	エージェント夜を往く(REM@STER-B)	エージェント夜を往く	REM@STER-B	BNSI(LindaAI-CUE)	LindaAI-CUE	BNSI(LindaAI-CUE)	LindaAI-CUE	如月千早	solo	765as	765as_エージェント夜を往く	1	imasdb-dc024c3913de			unmatched	
765as_エージェント夜を往くローリングサンダーファミソン8bit_mix	エージェント夜を往く(『ローリングサンダー』ファミソン8BIT MIX)	エージェント夜を往く	『ローリングサンダー』ファミソン8BIT MIX	BNSI(LindaAI-CUE)	LindaAI-CUE	BNSI(LindaAI-CUE)	LindaAI-CUE	菊地真、萩原雪歩	unit	765as	765as_エージェント夜を往く	1	imasdb-9306e71e46a5			unmatched	
765as_エール	エール	エール		貝田由里子	貝田由里子	池月源	池月源	たかはし智秋&今井麻美	unit	765as			imasdb-df3bbb093265			unmatched	
765as_オハヨサンシャイン	オハヨ○サンシャイン	オハヨ○サンシャイン		イイジマケン	イイジマケン	イイジマケン	イイジマケン	やよい、伊織、響、亜美、真美	unit	765as			imasdb-7882903d5c85			unmatched	
765as_オハロナイとろぴかる_remix	オハロナイ○*☆とろぴかる Remix	オハロナイ○*☆とろぴかる Remix		イイジマケン	イイジマケン	イイジマケン	イイジマケン	やよい、伊織、響、亜美、真美、律子、真、春香、千早、あずさ、貴音、雪歩、美希	unit	765as			imasdb-81823a485660			unmatched	
765as_オーバーマスター	オーバーマスター	オーバーマスター		NBGI(mft)	NBGI(mft)	NBGI(中川浩二)	NBGI(中川浩二)	星井美希、我那覇響、四条貴音	unit	765as			imasdb-4ccd162c1cd6			unmatched	
765as_カンゲキハッピーエコロジー	カンゲキハッピーエコロジー	カンゲキハッピーエコロジー		yura	yura	el	el	高槻やよい	solo	765as			imasdb-d38a62dd6281			unmatched	
765as_カーテンコール	カーテンコール	カーテンコール		nyanyannya(Team.ねこかん[猫])	nyanyannya(Team.ねこかん[猫])	nyanyannya(Team.ねこかん[猫])	nyanyannya(Team.ねこかん[猫])	菊地真、双海亜美、双海真美、水瀬伊織、三浦あずさ、四条貴音、秋月律子	unit	765as			imasdb-3b447025a6ff			unmatched	
765as_キミはメロディ	キミはメロディ	キミはメロディ		遠藤フビト	遠藤フビト	BNSI(内田哲也)	内田哲也	三浦あずさ、四条貴音、如月千早、星井美希、高槻やよい、双海亜美/真美	unit	765as			imasdb-e050eb341266			unmatched	
765as_キミはメロディ_-ajurika_remix-	キミはメロディ -AJURIKA Remix-	キミはメロディ	AJURIKA Remix	遠藤フビト	遠藤フビト	BNGI(内田哲也)	BNGI(内田哲也)	765PRO ALLSTARS	all	765as	765as_キミはメロディ	1	imasdb-25e8346e59f0			unmatched	
765as_キミはメロディ_-jazz_rearrange_mix-	キミはメロディ -JAZZ Rearrange Mix-	キミはメロディ	JAZZ Rearrange Mix	遠藤フビト	遠藤フビト	NBGI(内田哲也)	NBGI(内田哲也)	四条貴音	solo	765as	765as_キミはメロディ	1	imasdb-43e0bb6e1e5b			unmatched	
765as_キミチャンネル	キミ*チャンネル	キミ*チャンネル		愛原圭織	愛原圭織	佐々木宏人	佐々木宏人	天海春香	unit	765as			imasdb-619046577172			unmatched	
765as_キラメキラリ	キラメキラリ	キラメキラリ		yura	yura	神前暁	神前暁	高槻やよい	solo	765as			imasdb-0918313b370f			unmatched	
765as_キラメキラリ_-bossa_nova_rearrange_mix-	キラメキラリ -BOSSA NOVA Rearrange Mix-	キラメキラリ	BOSSA NOVA Rearrange Mix	yura	yura	神前暁	神前暁	高槻やよい	solo	765as	765as_キラメキラリ	1	imasdb-e27aeda6887c			unmatched	
765as_キラメキラリ_-おおくぼひろし_remix-	キラメキラリ -おおくぼひろし Remix-	キラメキラリ	おおくぼひろし Remix	yura	yura	神前暁	神前暁	765PRO ALLSTARS	solo	765as	765as_キラメキラリ	1	imasdb-bdde77f0bedf			unmatched	
765as_ギフト	ギフト	ギフト		岩里祐穂	岩里祐穂	山下恭文	山下恭文	今井麻美	solo	765as			imasdb-70c018e1106e			unmatched	
765as_グッナイスターズ	グッナイ☆スターズ	グッナイ☆スターズ		イイジマケン	イイジマケン	イイジマケン	イイジマケン	あずさ、貴音、雪歩、美希	unit	765as			imasdb-a6b113864e24			unmatched	
765as_ゲンキトリッパー	ゲンキトリッパー	ゲンキトリッパー		BNSI(おおくぼひろし)	おおくぼひろし	BNSI(おおくぼひろし)	おおくぼひろし	高槻やよい	solo	765as			imasdb-7ab63ace4ab2			unmatched	
765as_コイココロ	コイ・ココロ	コイ・ココロ		BNSI(トリ音)	トリ音	BNSI(トリ音)	トリ音	三浦あずさ	solo	765as			imasdb-20cfb39450c1			unmatched	
765as_コーヒー1杯のイマージュ	コーヒー1杯のイマージュ	コーヒー1杯のイマージュ		井筒日美	井筒日美	小野貴光	小野貴光	菊地真、双海亜美/真美、我那覇響	unit	765as			imasdb-09372b36be37			unmatched	
765as_サニー	サニー	サニー		yura	yura	Funta	Funta	双海亜美/真美、三浦あずさ、水瀬伊織、萩原雪歩、秋月律子	unit	765as			imasdb-f1e0461a51ce			unmatched	
765as_ザライブ革命でshow	ザ・ライブ革命でSHOW!	ザ・ライブ革命でSHOW!		小金井つくも	小金井つくも	BNSI(佐藤貴文)	佐藤貴文	星井美希、高槻やよい、菊地真、双海亜美、双海真美、四条貴音	unit	765as			imasdb-fe59dad5e767			unmatched	
765as_シャララ	シャララ	シャララ		yura	yura	川田瑠夏	川田瑠夏	三浦あずさ、秋月律子	unit	765as			imasdb-dbef8cbf3c86			unmatched	
765as_ショッキングな彼	ショッキングな彼	ショッキングな彼		NBGI(mft)	NBGI(mft)	NBGI(中川浩二)	NBGI(中川浩二)	星井美希	solo	765as			imasdb-6a9562116f4d			unmatched	
765as_ジェミー	ジェミー	ジェミー		mft	mft	田村信二	田村信二	双海真美	solo	765as			imasdb-8a882673e8c1			unmatched	
765as_スキ	スキ	スキ		只野菜摘	只野菜摘	cota	cota	天海春香、如月千早、双海亜美	unit	765as			imasdb-e570e55caa77			unmatched	
765as_スタトスタ	スタ→トスタ→	スタ→トスタ→		yura、NBGI(おおくぼひろし)	yura;NBGI(おおくぼひろし)	NBGI(おおくぼひろし)	NBGI(おおくぼひろし)	双海亜美/真美	solo	765as			imasdb-ba54373e5e40			unmatched	
765as_スタトスタ_-ajurika_remix-	スタ→トスタ→ -AJURIKA Remix-	スタ→トスタ→	AJURIKA Remix	yura、BNGI(おおくぼひろし)	yura;BNGI(おおくぼひろし)	BNGI(おおくぼひろし)	BNGI(おおくぼひろし)	765PRO ALLSTARS	solo	765as	765as_スタトスタ	1	imasdb-ac76432843a9			unmatched	
765as_ステキハピネス	ステキハピネス	ステキハピネス		mft	mft	BNSI(kyo)	kyo	天海春香	solo	765as			imasdb-bd64dfd03808			unmatched	
765as_ストレートラブ	ストレートラブ!	ストレートラブ!		中村恵	中村恵	佐々木宏人	佐々木宏人	天海春香、水瀬伊織、菊地真	unit	765as			imasdb-4c81d7f9fe38			unmatched	
765as_スマイル体操	スマイル体操	スマイル体操		yura	yura	宮崎誠	宮崎誠	高槻やよい	solo	765as			imasdb-29d1e5668887			unmatched	
765as_セクシータイフーン	セクシータイフーン	セクシータイフーン		磯谷佳江	磯谷佳江	BNSI(工藤祐介)	工藤祐介	双海真美	solo	765as			imasdb-2684b3ea1ea5			unmatched	
765as_ソナー	ソナー	ソナー		BNSI(岡田祥)	岡田祥	BNSI(岡田祥)	岡田祥	水瀬伊織	solo	765as			imasdb-65b3390f44cb			unmatched	
765as_ターンオンタイム	ターンオンタイム!	ターンオンタイム!		伊福部崇	伊福部崇	三好啓太	三好啓太	春日未来、最上静香、箱崎星梨花	unit	765as			imasdb-b6f436de394b			unmatched	
765as_ダンスダンスダンス	ダンス・ダンス・ダンス	ダンス・ダンス・ダンス		MC TC	MC TC	TAKU INOUE	TAKU INOUE	高垣楓、如月千早、秋月律子、三浦あずさ、四条貴音、神崎蘭子、最上静香、白石紬、白瀬咲耶、杜野凛世、奥空心白、玲音	all	765as			imasdb-34b1af22cebf			unmatched	
765as_チアリングレター	チアリングレター	チアリングレター		mft	mft	MIKOTO	MIKOTO	菊地真	solo	765as			imasdb-c6d2097d11f6			unmatched	
765as_チェリー	チェリー	チェリー		yura	yura	Funta7	Funta7	天海春香、水瀬伊織、我那覇響、秋月律子、菊地真、萩原雪歩	unit	765as			imasdb-e68a9accfd93			unmatched	
765as_チクタク	チクタク	チクタク		白瀬彩	白瀬彩	Asu [The New Classics]	Asu [The New Classics]	星井美希、萩原雪歩、高槻やよい	unit	765as			imasdb-f9789e008ddc			unmatched	
765as_チャンピオン	チャンピオン	チャンピオン		yura	yura	石塚玲依	石塚玲依	星井美希	solo	765as			imasdb-ce7b81c4621a			unmatched	
765as_デレぱにぱにック	デレぱにぱにック	デレぱにぱにック		原紗友里・青木瑠璃子	原紗友里;青木瑠璃子	長谷川智樹	長谷川智樹	原紗友里&青木瑠璃子 from CINDERELLA PARTY!	unit	765as			imasdb-af343b13b807			unmatched	
765as_トリプルangel	トリプルAngel	トリプルAngel		BNSI(佐藤貴文)	佐藤貴文	BNSI(佐藤貴文)	佐藤貴文	双海亜美	solo	765as			imasdb-4b206585e56f			unmatched	
765as_ドキッラブアトラクション	ドキッ♥ラブアトラクション	ドキッ♥ラブアトラクション		yura	yura	山口朗彦	山口朗彦	双海亜美/真美	solo	765as			imasdb-73d353ff1e93			unmatched	
765as_ハニカミファーストバイト	ハニカミ!ファーストバイト	ハニカミ!ファーストバイト		後藤裕之	後藤裕之	NBGI(中川浩二)	NBGI(中川浩二)	竜宮小町、三浦あずさ、双海亜美	solo	765as			imasdb-b285f4a6f31f			unmatched	
765as_ハニカミファーストバイト_-esti_remix-	ハニカミ!ファーストバイト -ESTi Remix-	ハニカミ!ファーストバイト	ESTi Remix	後藤裕之	後藤裕之	BNSI(中川浩二)	中川浩二	765PRO ALLSTARS	solo	765as	765as_ハニカミファーストバイト	1	imasdb-ee806e2e728c			unmatched	
765as_ハリキリラリー	ハリキリ★ラリー	ハリキリ★ラリー		NanaerikA-PROJECT	NanaerikA-PROJECT	NBGI(大野木宣幸)	NBGI(大野木宣幸)	菊地真	solo	765as			imasdb-554efb3411db			unmatched	
765as_ハローランチタイム	ハロー*ランチタイム	ハロー*ランチタイム		イイジマケン	イイジマケン	イイジマケン	イイジマケン	律子、真、春香、千早	unit	765as			imasdb-bdb381aa51f9			unmatched	
765as_バレンタイン	バレンタイン	バレンタイン		桃井はるこ	桃井はるこ	桃井はるこ	桃井はるこ	星井美希、双海亜美/真美	unit	765as			imasdb-8f39ee368d05			unmatched	
765as_ビジョナリー	ビジョナリー	ビジョナリー		BNSI(mft)	mft	BNSI(中川浩二)	中川浩二	高槻やよい、双海亜美/真美、水瀬伊織、我那覇響	unit	765as			imasdb-9755361dbddc			unmatched	
765as_ビジョナリー_-ajurika_remix-	ビジョナリー -AJURIKA Remix-	ビジョナリー	AJURIKA Remix	BNGI(mft)	BNGI(mft)	BNGI(中川浩二)	BNGI(中川浩二)	765PRO ALLSTARS	all	765as	765as_ビジョナリー	1	imasdb-aae01884b17c			unmatched	
765as_ピピカリリカ	ピピカ・リリカ	ピピカ・リリカ		烏屋茶房	烏屋茶房	篠崎あやと・烏屋茶房	篠崎あやと;烏屋茶房	高槻やよい	solo	765as			imasdb-24c604876def			unmatched	
765as_フタリの記憶	フタリの記憶	フタリの記憶		NBGI(mft)	NBGI(mft)	NBGI(中川浩二)	NBGI(中川浩二)	水瀬伊織	solo	765as			imasdb-3d0fcc0cfe98			unmatched	
765as_フラワーガール	フラワーガール	フラワーガール		BNSI(Yoshi&Kyon)	Yoshi;Kyon	BNSI(Yoshi)	Yoshi	四条貴音	solo	765as			imasdb-66cb37388bc9			unmatched	
765as_ブルウスタア	ブルウ・スタア	ブルウ・スタア		Kyoko Fujii	Kyoko Fujii	Ryonosuke Hirama	Ryonosuke Hirama	菊地真、我那覇響	unit	765as			imasdb-a5703b2e01a0			unmatched	
765as_プラソニックラブ	プラ・ソニック・ラブ!	プラ・ソニック・ラブ!		後藤裕之	後藤裕之	BNSI(川田宏行)	川田宏行	高槻やよい	solo	765as			imasdb-2022e2f9714c			unmatched	
765as_ポジティブ	ポジティブ!	ポジティブ!		BNSI(mft)	mft	BNSI(中川浩二)	中川浩二	双海亜美/真美	solo	765as			imasdb-60910d5c9d1a			unmatched	
765as_ポジティブ_-trance_rearrange_mix-	ポジティブ! -TRANCE Rearrange Mix-	ポジティブ!	TRANCE Rearrange Mix	NBGI(mft)	NBGI(mft)	NBGI(中川浩二)	NBGI(中川浩二)	双海亜美/真美	solo	765as	765as_ポジティブ	1	imasdb-084fd7af5f8b			unmatched	
765as_ポジティブremster-a	ポジティブ!!(REM@STER-A)	ポジティブ!!(REM@STER-A)		BNSI(mft)	mft	BNSI(中川浩二)	中川浩二	三浦あずさ	solo	765as			imasdb-dbfed1513400			unmatched	
765as_ポジティブremster-b	ポジティブ(REM@STER-B)	ポジティブ(REM@STER-B)		BNSI(mft)	mft	BNSI(中川浩二)	中川浩二	高槻やよい	solo	765as			imasdb-71b9c18eed88			unmatched	
765as_ポジティブシンカー	ポジティブシンカー!	ポジティブシンカー!		澤田空海理	澤田空海理	網本ナオノブ	網本ナオノブ	双海亜美	solo	765as			imasdb-58779af80c3c			unmatched	
765as_ポジティブスカイキッドmix	ポジティブ!(『スカイキッド』MIX)	ポジティブ!	『スカイキッド』MIX	BNSI(mft)	mft	BNSI(中川浩二)	中川浩二	三浦あずさ、秋月律子	unit	765as		1	imasdb-757de771d45c			unmatched	
765as_ポジティブマッピーファミソン8bit_mix	ポジティブ!(『マッピー』ファミソン8BIT MIX)	ポジティブ!	『マッピー』ファミソン8BIT MIX	BNSI(mft)	mft	BNSI(中川浩二)	中川浩二	高槻やよい、双海亜美/真美	unit	765as	765as_ポジティブ	1	imasdb-90a7c45ff48a			unmatched	
765as_マジで	マジで...!?	マジで...!?		BNSI(くぼけん・エトウ	BNSI(くぼけん・エトウ	BNSI(佐藤貴文)	佐藤貴文	765PRO ALLSTARS	all	765as			imasdb-ea699d903d33			unmatched	
765as_マリオネットの心	マリオネットの心	マリオネットの心		mft	mft	橋本由香利	橋本由香利	星井美希	solo	765as			imasdb-0334ed33c302			unmatched	
765as_ムーンライトラビリンス	ムーンライト・ラビリンス	ムーンライト・ラビリンス		畑亜貴	畑亜貴	黒須克彦	黒須克彦	橋本みゆき	tie_in	765as			imasdb-4aa16988222d			unmatched	
765as_メリー	メリー	メリー		yura	yura	Funta	Funta	天海春香、如月千早、高槻やよい、菊地真、星井美希	unit	765as			imasdb-cff30d7cad44			unmatched	
765as_ヨーイドン	ヨーイドン!!	ヨーイドン!!		yura	yura	山田智和	山田智和	菊地真	solo	765as			imasdb-7bd1647e1e9b			unmatched	
765as_ラブリ	ラ♥ブ♥リ♥	ラ♥ブ♥リ♥		yura	yura	松田信男	松田信男	三浦あずさ	solo	765as			imasdb-c64a99e28681			unmatched	
765as_ラムネ色_青春	ラムネ色 青春	ラムネ色 青春		BNSI(モモキエイジ)	モモキエイジ	田中秀和(MONACA)	田中秀和(MONACA)	765PRO ALLSTARS	all	765as			imasdb-5deb0a6c8d64			unmatched	
765as_ラムネ色_青春_-crossover_rearrange_mix-	ラムネ色 青春 -CROSSOVER Rearrange Mix-	ラムネ色 青春	CROSSOVER Rearrange Mix	NBGI(モモキエイジ)	NBGI(モモキエイジ)	田中秀和(MONACA)	田中秀和(MONACA)	天海春香、如月千早、秋月律子	unit	765as	765as_ラムネ色_青春	1	imasdb-ef2868c4a7ec			unmatched	
765as_ラムネ色_青春_-mifumei_remix-	ラムネ色 青春 -mifumei Remix-	ラムネ色 青春	mifumei Remix	BNEI(モモキエイジ)	モモキエイジ	田中秀和	田中秀和	菊地真	unit	765as	765as_ラムネ色_青春	1	imasdb-4a5f926cb74a			unmatched	
765as_リゾラ	リゾラ	リゾラ		白瀬彩	白瀬彩	柳田しゆ	柳田しゆ	水瀬伊織	solo	765as			imasdb-8399d50d46c5			unmatched	
765as_ロイヤルストレートフラッシュ	ロイヤルストレートフラッシュ	ロイヤルストレートフラッシュ		yura	yura	R・O・N	R;O;N	水瀬伊織	solo	765as			imasdb-105b45260d37			unmatched	
765as_ローディングの歌	ローディングの歌	ローディングの歌							cover	765as			imasdb-4c50436efe4a			unmatched	
765as_七彩ボタン	七彩ボタン	七彩ボタン		遠藤フビト	遠藤フビト	BNSI(内田哲也)	内田哲也	水瀬伊織、三浦あずさ、双海亜美	unit	765as			imasdb-fc26edc1f6a4			unmatched	
765as_乙女よ大志を抱け	乙女よ大志を抱け!!	乙女よ大志を抱け!!		yura	yura	白戸佑輔	白戸佑輔	天海春香	solo	765as			imasdb-c41d1a7c4eb0			unmatched	
765as_乙女よ大志を抱け_-neo_acoustic_rearrange_mix-	乙女よ大志を抱け!! -NEO ACOUSTIC Rearrange Mix-	乙女よ大志を抱け!!	NEO ACOUSTIC Rearrange Mix	yura	yura	白戸祐輔	白戸祐輔	天海春香	solo	765as	765as_乙女よ大志を抱け	1	imasdb-04ce3a73b1e1			unmatched	
765as_乙女よ大志を抱け_-takafumi_sato_remix-	乙女よ大志を抱け!! -Takafumi Sato Remix-	乙女よ大志を抱け!!	Takafumi Sato Remix	yura	yura	白土祐輔	白土祐輔	765PRO ALLSTARS	solo	765as	765as_乙女よ大志を抱け	1	imasdb-0d696da086d1			unmatched	
765as_乙女心盗んで	乙女心盗んで!	乙女心盗んで!		中村恵	中村恵	NBGI(大野木宣幸)	NBGI(大野木宣幸)	水瀬伊織	solo	765as			imasdb-a807c4ad54d8			unmatched	
765as_今_スタート	今 スタート!	今 スタート!		白戸佑輔	白戸佑輔	白戸佑輔	白戸佑輔	如月千早、三浦あずさ、我那覇響	unit	765as			imasdb-707197d0d47f			unmatched	
765as_仲良しでいようね	仲良しでいようね♡	仲良しでいようね♡		中村恵、cota	中村恵;cota	cota	cota	高槻やよい、水瀬伊織	unit	765as			imasdb-1a4e38894d31			unmatched	
765as_何度も言えるよ	何度も言えるよ	何度も言えるよ		遠藤フビト	遠藤フビト	川田瑠夏	川田瑠夏	萩原雪歩	solo	765as			imasdb-bfe958f05372			unmatched	
765as_何度も言えるよ_-takafumi_sato_remix-	何度も言えるよ -Takafumi Sato Remix-	何度も言えるよ	Takafumi Sato Remix	遠藤フビト	遠藤フビト	川田瑠夏	川田瑠夏	765PRO ALLSTARS	solo	765as	765as_何度も言えるよ	1	imasdb-875f585190ae			unmatched	
765as_僕たちのresistance	僕たちのResistance	僕たちのResistance		貝田由里子	貝田由里子	BNSI(kyo)	kyo	星井美希、如月千早、高槻やよい、我那覇響	unit	765as			imasdb-2982762a743b			unmatched	
765as_僕はあなたに恋する	僕はあなたに恋する	僕はあなたに恋する		中村恵	中村恵	佐々木宏人	佐々木宏人	たかはし智秋、今井麻美	unit	765as			imasdb-70f51af1aa3d			unmatched	
765as_光	光	光		yura	yura	佐伯youthK	佐伯youthK	音無小鳥	solo	765as			imasdb-0773435b371e			unmatched	
765as_光跡	光跡	光跡		BNSI(渡辺量)	渡辺量	BNSI(中川浩二)	中川浩二	沼倉愛美、原由実、浅倉杏美	unit	765as			imasdb-97cf969374f0			unmatched	
765as_全力アイドル	全力アイドル	全力アイドル		ササキトモコ	ササキトモコ	ササキトモコ	ササキトモコ	水瀬伊織	solo	765as			imasdb-eb0f538334e2			unmatched	
765as_全力ドリーミングガールズ	全力★ドリーミングガールズ	全力★ドリーミングガールズ		KOCHO	KOCHO	坂東邑真	坂東邑真	田中摩美々、萩原雪歩、高槻やよい、双海亜美、双海真美、星井美希、諸星きらり、城ヶ崎美嘉、伊吹翼、桜守歌織、小宮果穂、奥空心白、亜夜	all	765as			imasdb-7f9092e0706a			unmatched	
765as_初恋_一章_片想いの桜	初恋 〜一章 片想いの桜〜	初恋 〜一章 片想いの桜〜		yura	yura	高田龍一	高田龍一	星井美希、四条貴音、我那覇響	unit	765as			imasdb-f0e0025553fd			unmatched	
765as_初恋_三章_幸せの紅葉	初恋 〜三章 幸せの紅葉〜	初恋 〜三章 幸せの紅葉〜		yura	yura	高田龍一	高田龍一	秋月律子、高槻やよい	unit	765as			imasdb-083aca8ecc33			unmatched	
765as_初恋_二章_告白の花火	初恋 〜二章 告白の花火〜	初恋 〜二章 告白の花火〜		yura	yura	高田龍一	高田龍一	水瀬伊織、三浦あずさ、双海亜美	unit	765as			imasdb-b22f55904e23			unmatched	
765as_初恋_五章_永遠のクリスマス	初恋 〜五章 永遠のクリスマス〜	初恋 〜五章 永遠のクリスマス〜		yura	yura	高田龍一	高田龍一	如月千早、萩原雪歩	unit	765as			imasdb-467f346dee9d			unmatched	
765as_初恋_四章_運命のイヴ	初恋 〜四章 運命のイヴ〜	初恋 〜四章 運命のイヴ〜		yura	yura	高田龍一	高田龍一	天海春香、菊地真、双海真美	unit	765as			imasdb-92f6eb212fa4			unmatched	
765as_前向きで行こう	前向きで行こう♪	前向きで行こう♪		yura	yura	森谷貴晴	森谷貴晴	天海春香	solo	765as			imasdb-37d7255e09c4			unmatched	
765as_北極星をズラしちゃえ	北極星をズラしちゃえ!	北極星をズラしちゃえ!						双海亜美、双海真美	unit	765as			imasdb-d0228cc88cbb			unmatched	
765as_君が選ぶ道	君が選ぶ道	君が選ぶ道		Maiko Fujita	Maiko Fujita	Maiko Fujita	Maiko Fujita	音無小鳥	solo	765as			imasdb-38871e3d489a			unmatched	
765as_君のままで	君のままで	君のままで		中塚武	中塚武	中塚武	中塚武	天海春香、萩原雪歩、秋月律子	unit	765as			imasdb-a5377a23d1e8			unmatched	
765as_咲きませ乙女塾	咲きませ!!乙女塾	咲きませ!!乙女塾		fumi	fumi	渡部チェル	渡部チェル	天海春香、菊地真、双海真美	unit	765as			imasdb-fcb9e953adce			unmatched	
765as_団結	団結	団結		BNSI(石原章弘)	石原章弘	BNSI(佐々木宏人)	佐々木宏人	IM@S ALLSTARS、星井美希、如月千早、高槻やよい、萩原雪歩、菊地真、双海亜美/真美、水瀬伊織、三浦あずさ、秋月律子	all	765as			imasdb-e0fe7fcafc72			unmatched	
765as_声が聴こえる	声が聴こえる	声が聴こえる		今井麻美	今井麻美	s.a.u.	s.a.u.	今井麻美	solo	765as			imasdb-be5380a2f0ee			unmatched	
765as_夏のbang	夏のBang!!	夏のBang!!		ミズノゲンキ	ミズノゲンキ	長谷川智樹	長谷川智樹	Project LUMINOUS(星井美希、萩原雪歩、高槻やよい、双海亜美、双海真美、城ヶ崎美嘉、諸星きらり、伊吹翼、桜守歌織、小宮果穂、奧空心白)	all	765as			imasdb-7db50ed935c9			unmatched	
765as_夏空のブローチ	夏空のブローチ	夏空のブローチ		rino	rino	rino	rino	天海春香	solo	765as			imasdb-cab70f8be119			unmatched	
765as_夢見る頃	夢見る頃	夢見る頃		Chang Jung	Chang Jung	大橋恵	大橋恵	今井麻美、たかはし智秋	unit	765as			imasdb-c8f9000f06b3			unmatched	
765as_天と海の島	天と海の島	天と海の島		yura	yura	園田智也	園田智也	我那覇響	solo	765as			imasdb-2e799a81d4df			unmatched	
765as_太陽と月	太陽と月	太陽と月		柚木美祐	柚木美祐	BNSI〈Jesahm〉	BNSI〈Jesahm〉	たかはし智秋、今井麻美	unit	765as			imasdb-b6983c2b3036			unmatched	
765as_太陽のジェラシー	太陽のジェラシー	太陽のジェラシー		森由里子	森由里子	BNSI(椎名豪)	椎名豪	天海春香	solo	765as			imasdb-458489a0175a			unmatched	
765as_太陽のジェラシーremster-a	太陽のジェラシー(REM@STER-A)	太陽のジェラシー	REM@STER-A	森由里子	森由里子	BNSI(椎名豪)	椎名豪	双海亜美	solo	765as	765as_太陽のジェラシー	1	imasdb-bdaeeb4769b9			unmatched	
765as_太陽のジェラシーremster-b	太陽のジェラシー(REM@STER-B)	太陽のジェラシー	REM@STER-B	森由里子	森由里子	BNSI(椎名豪)	椎名豪	秋月律子	solo	765as	765as_太陽のジェラシー	1	imasdb-a6b7532be228			unmatched	
765as_太陽のジェラシーオーダインファミソン8bit_mix	太陽のジェラシー(『オーダイン』ファミソン8BIT MIX)	太陽のジェラシー	『オーダイン』ファミソン8BIT MIX	森由里子	森由里子	BNSI(椎名豪)	椎名豪	天海春香、星井美希	unit	765as	765as_太陽のジェラシー	1	imasdb-70ee188fe34c			unmatched	
765as_始めのdont_worry	始めのDon't worry	始めのDon't worry		田村歩美	田村歩美	田村歩美	田村歩美	星井美希、水瀬伊織	unit	765as			imasdb-8688565622fe			unmatched	
765as_幸	幸	幸		yura	yura	BNSI(小林啓樹)	小林啓樹	音無小鳥	solo	765as			imasdb-8370e6756e3d			unmatched	
765as_強い女	強い女	強い女		中村恵	中村恵	NBGI(大野木宣幸)	NBGI(大野木宣幸)	天海春香	solo	765as			imasdb-2cf67422067b			unmatched	
765as_待ち受けプリンス	待ち受けプリンス	待ち受けプリンス		BNSI(佐藤貴文)	佐藤貴文	BNSI(佐藤貴文)	佐藤貴文	高槻やよい、菊地真、水瀬伊織	unit	765as			imasdb-80a4a6992d56			unmatched	
765as_微熱sos_	微熱S.O.S!!	微熱S.O.S!!		畑亜貴	畑亜貴	黒須克彦	黒須克彦	橋本みゆき	tie_in	765as			imasdb-17e334c228f6			unmatched	
765as_思い出をありがとう	思い出をありがとう	思い出をありがとう		中村恵	中村恵	BNSI(佐々木宏人)	佐々木宏人	秋月律子、三浦あずさ、菊地真	unit	765as			imasdb-5321ed3ea7c0			unmatched	
765as_思い出をありがとうremster-a	思い出をありがとう(REM@STER-A)	思い出をありがとう	REM@STER-A	中村恵	中村恵	BNSI(佐々木宏人)	佐々木宏人	天海春香、高槻やよい、双海真美	unit	765as	765as_思い出をありがとう	1	imasdb-4c26b2f57fd6			unmatched	
765as_思い出をありがとうremster-b	思い出をありがとう(REM@STER-B)	思い出をありがとう	REM@STER-B	中村恵	中村恵	BNSI(佐々木宏人)	佐々木宏人	三浦あずさ	solo	765as	765as_思い出をありがとう	1	imasdb-15b556a6bc62			unmatched	
765as_思い出をありがとうトイポップファミソン8bit_mix	思い出をありがとう(『トイポップ』ファミソン8BIT MIX)	思い出をありがとう	『トイポップ』ファミソン8BIT MIX	中村恵	中村恵	BNSI(佐々木宏人)	佐々木宏人	如月千早、水瀬伊織	unit	765as	765as_思い出をありがとう	1	imasdb-9933c83aacab			unmatched	
765as_恋するtwistshout	恋するTwist&Shout	恋するTwist&Shout		宮崎誠	宮崎誠	宮崎誠	宮崎誠	高槻やよい、秋月律子	unit	765as			imasdb-0dd8fb798ec3			unmatched	
765as_恋するミカタ	恋するミカタ	恋するミカタ		yura	yura	ファンキー末吉	ファンキー末吉	秋月律子	solo	765as			imasdb-01dd2348aaaf			unmatched	
765as_恋だもん初級編	恋だもん〜初級編〜	恋だもん〜初級編〜		畑亜貴	畑亜貴	田代智一	田代智一	天海春香、高槻やよい	unit	765as			imasdb-0c302c4b8ac5			unmatched	
765as_想い出は永遠に	想い出は永遠に	想い出は永遠に		森由里子	森由里子	高田龍一(MONACA)	高田龍一(MONACA)	音無小鳥	solo	765as			imasdb-b9e6a855ac11			unmatched	
765as_愛_like_ハンバーガー	愛 LIKE ハンバーガー	愛 LIKE ハンバーガー		白瀬彩	白瀬彩	BNSI(田島勝朗)	田島勝朗	秋月律子、高槻やよい	unit	765as			imasdb-9fc07cc0410d			unmatched	
765as_放課後ジャンプ	放課後ジャンプ	放課後ジャンプ		BNSI(佐藤貴文)	佐藤貴文	BNSI(佐藤貴文)	佐藤貴文	双海真美	solo	765as			imasdb-819872fd7651			unmatched	
765as_旅の途中で	旅の途中で	旅の途中で		mft	mft	NBGI(川田宏行)	NBGI(川田宏行)	四条貴音	solo	765as			imasdb-a3c613baa985			unmatched	
765as_星彩ステッパー	星彩ステッパー	星彩ステッパー		BNSI(重田佑介)	重田佑介	BNSI(北谷光浩)	北谷光浩	水瀬伊織、双海亜美、双海真美、星井美希	unit	765as			imasdb-d43c2d0f95c6			unmatched	
765as_春の日差し	春の日差し	春の日差し		中村恵	中村恵	佐々木宏人	佐々木宏人	今井麻美、たかはし智秋	unit	765as			imasdb-4ba934a16b5e			unmatched	
765as_晴れ色	晴れ色	晴れ色		伊那村さちこ	伊那村さちこ	小西裕子	小西裕子	三浦あずさ	solo	765as			imasdb-acd3a94d0b84			unmatched	
765as_月ノ桜	月ノ桜	月ノ桜		yura	yura	山口朗彦	山口朗彦	四条貴音	solo	765as			imasdb-c68de7fa0d94			unmatched	
765as_月下祭_la_festa_sotto_la_luna	月下祭 ~la festa sotto la luna~	月下祭 ~la festa sotto la luna~		今井麻美	今井麻美	BNSI(椎名豪)	椎名豪	今井麻美	solo	765as			imasdb-e79747805a03			unmatched	
765as_残酷よ希望となれ	残酷よ希望となれ	残酷よ希望となれ						結城アイラ	tie_in	765as			imasdb-439ba1faf081			unmatched	
765as_灯	灯	灯		Mitsu(TRYTONELABO)	Mitsu(TRYTONELABO)	滝澤俊輔(TRYTONELABO)	滝澤俊輔(TRYTONELABO)	秋月律子	solo	765as			imasdb-c7c8780f9c19			unmatched	
765as_炎ノ鳥	炎ノ鳥	炎ノ鳥		井筒日美	井筒日美	渡部チェル	渡部チェル	四条貴音	solo	765as			imasdb-d249e6fc53c2			unmatched	
765as_異次元bigbang	異次元★♥BIGBANG	異次元★♥BIGBANG		UiNA	UiNA	小高光太郎、UiNA	小高光太郎;UiNA	島村卯月、最上静香、月岡恋鐘、高海千歌、上原歩夢、澁谷かのん、日野下花帆	unit	765as			imasdb-6cd3e574fa3e			unmatched	
765as_白い犬	白い犬	白い犬		中村恵	中村恵	佐々木宏人	佐々木宏人	高槻やよい、秋月律子、双海亜美	unit	765as			imasdb-2ab3b839a5ec			unmatched	
765as_目が逢う瞬間	目が逢う瞬間	目が逢う瞬間		貝田由里子	貝田由里子	BNSI(Jesahm)	Jesahm	如月千早	solo	765as			imasdb-8f7191d851f9			unmatched	
765as_眠り姫	眠り姫	眠り姫		森由里子	森由里子	BNSI(椎名豪)	椎名豪	如月千早	solo	765as			imasdb-79a3b461661d			unmatched	
765as_神summer	神SUMMER!!	神SUMMER!!		yura	yura	田中秀和	田中秀和	天海春香、高槻やよい、双海亜美/真美、萩原雪歩、水瀬伊織、四条貴音	unit	765as			imasdb-2458b51da77b			unmatched	
765as_神さまのbirthday	神さまのBirthday	神さまのBirthday		伊那村さちこ	伊那村さちこ	BNSI(Yoshi)	Yoshi	星井美希、天海春香、如月千早	unit	765as			imasdb-fa3f3620ee77			unmatched	
765as_禁恋歌	禁恋歌	禁恋歌		中村恵	中村恵	NBGI(中潟憲雄)	NBGI(中潟憲雄)	三浦あずさ	solo	765as			imasdb-a8040c1235f0			unmatched	
765as_私たちはずっとでしょう	私たちはずっと...でしょう?	私たちはずっと...でしょう?		畑亜貴	畑亜貴	佐々木宏人	佐々木宏人	765PRO ALLSTARS	all	765as			imasdb-6a4c66a46ce7			unmatched	
765as_私たちはずっとでしょう_-ryo_watanabe_remix-	私たちはずっと...でしょう? -Ryo Watanabe Remix-	私たちはずっと...でしょう?	Ryo Watanabe Remix	畑亜貴	畑亜貴	佐々木宏人	佐々木宏人	765PRO ALLSTARS	all	765as	765as_私たちはずっとでしょう	1	imasdb-a976900cd8a3			unmatched	
765as_私だって女の子	私だって女の子	私だって女の子		佐々木宏人	佐々木宏人	BNSI(平井克明)	平井克明	秋月律子	solo	765as			imasdb-39fb82dac9bb			unmatched	
765as_私はアイドル	私はアイドル♡	私はアイドル♡		中村恵	中村恵	BNSI(佐々木宏人)	佐々木宏人	水瀬伊織、高槻やよい、双海亜美/真美	unit	765as			imasdb-a800a4edaf5d			unmatched	
765as_私はアイドル_2	私はアイドル♥	私はアイドル♥		中村恵	中村恵	BNSI(佐々木宏人)	佐々木宏人	星井美希、天海春香、如月千早	unit	765as			imasdb-45d29dac08bd			unmatched	
765as_私はアイドルremster-a	私はアイドル(REM@STER-A)	私はアイドル(REM@STER-A)		中村恵	中村恵	BNSI(佐々木宏人)	佐々木宏人	高槻やよい	solo	765as			imasdb-3493a2be0d55			unmatched	
765as_私はアイドルremster-b	私はアイドル♡(REM@STER-B)	私はアイドル♡	REM@STER-B	中村恵	中村恵	BNSI(佐々木宏人)	佐々木宏人	如月千早、音無小鳥、萩原雪歩	unit	765as	765as_私はアイドル	1	imasdb-bcd5e5f06916			unmatched	
765as_私はアイドルワルキューレの伝説ファミソン8bit_mix	私はアイドル♡(『ワルキューレの伝説』ファミソン8BIT MIX)	私はアイドル♡	『ワルキューレの伝説』ファミソン8BIT MIX	中村恵	中村恵	BNSI(佐々木宏人)	佐々木宏人	天海春香、星井美希	unit	765as	765as_私はアイドル	1	imasdb-1c96f2b10efd			unmatched	
765as_空	空	空		yura	yura	神前暁	神前暁	音無小鳥	unit	765as			imasdb-a37623681aa7			unmatched	
765as_笑って	笑って!	笑って!		伊那村さちこ	伊那村さちこ	DY-T	DY-T	天海春香	solo	765as			imasdb-697551669501			unmatched	
765as_約束	約束	約束		森由里子	森由里子	NBGI(中川浩二・小林啓樹)	NBGI(中川浩二・小林啓樹)	如月千早、天海春香、星井美希、高槻やよい、萩原雪歩、菊地真、双海亜美/真美、水瀬伊織、三浦あずさ、四条貴音、我那覇響	all	765as			imasdb-a87103b0fd57			unmatched	
765as_約束_-hidekazu_tanaka_remix-	約束 -Hidekazu Tanaka Remix-	約束	Hidekazu Tanaka Remix	森由里子	森由里子	BNEI(中川浩二・小林啓樹)	中川浩二;小林啓樹	765PRO ALLSTARS	all	765as	765as_約束	1	imasdb-9176033c6762			unmatched	
765as_紅白応援v_ビクトリー	紅白応援V (ビクトリー)	紅白応援V (ビクトリー)		BNSI(佐藤貴文)	佐藤貴文	BNSI(佐藤貴文)	佐藤貴文	765PRO ALLSTARS ...and you!(天海春香、星井美希、如月千早、高槻やよい、萩原雪歩、菊地真、双海亜美/真美、水瀬伊織、三浦あずさ、四条貴音、我那覇響、秋月律子)	all	765as			imasdb-a26c26b1b2b9			unmatched	
765as_細氷	細氷	細氷		貝田由里子	貝田由里子	BNSI(椎名豪)	椎名豪	如月千早	solo	765as			imasdb-11c923a62d69			unmatched	
765as_絶険あるいは逃げられぬ恋	絶険、あるいは逃げられぬ恋	絶険、あるいは逃げられぬ恋		BNSI(Linda & Sgt.)	Linda;Sgt.	BNSI(LindaAI-CUE)	LindaAI-CUE	菊地真	solo	765as			imasdb-64d7339107d7			unmatched	
765as_翼	翼	翼		yura	yura	神前暁(MONACA)	神前暁(MONACA)	音無小鳥	unit	765as			imasdb-abf3c63b70c7			unmatched	
765as_聖炎の女神	聖炎の女神	聖炎の女神		奥井雅美	奥井雅美	IMAJO(PSYCHIC LOVER)	IMAJO(PSYCHIC LOVER)	四条貴音、秋月律子	unit	765as			imasdb-e4fb2fbe7086			unmatched	
765as_自分restrt	自分REST@RT	自分REST@RT		佐々木宏人	佐々木宏人	田中秀和	田中秀和	天海春香、星井美希、如月千早、高槻やよい、萩原雪歩、菊地真、双海真美、四条貴音、我那覇響	unit	765as			imasdb-4679cee030f3			unmatched	
765as_自転車	自転車	自転車		白瀬彩	白瀬彩	伊藤心太郎	伊藤心太郎	菊地真	solo	765as			imasdb-a564be0e27f7			unmatched	
765as_自転車_-house_rearrange_mix-	自転車 -HOUSE Rearrange Mix-	自転車	HOUSE Rearrange Mix	白瀬彩	白瀬彩	伊藤心太郎	伊藤心太郎	菊地真	solo	765as	765as_自転車	1	imasdb-8f1e9a1a2da2			unmatched	
765as_花	花	花		yura	yura	藤末樹	藤末樹	音無小鳥	solo	765as			imasdb-37aba6c7c817			unmatched	
765as_芽吹の季	芽吹の季	芽吹の季		山本真央樹	山本真央樹	山本真央樹	山本真央樹	萩原雪歩	solo	765as			imasdb-0d3da6934148			unmatched	
765as_蒼い鳥	蒼い鳥	蒼い鳥		森由里子	森由里子	BNSI(椎名豪)	椎名豪	如月千早	solo	765as			imasdb-656b26ea229f			unmatched	
765as_蒼い鳥_-taku_inoue_remix-	蒼い鳥 -Taku Inoue Remix-	蒼い鳥	Taku Inoue Remix	森由里子	森由里子	BNGI(椎名豪)	BNGI(椎名豪)	765PRO ALLSTARS	solo	765as	765as_蒼い鳥	1	imasdb-85b7ee7bf25e			unmatched	
765as_蒼い鳥mster_version_tv_arrange	蒼い鳥(M@STER VERSION) ~TV ARRANGE~	蒼い鳥	M@STER VERSION TV ARRANGE	森由里子	森由里子	NBGI(椎名豪)	NBGI(椎名豪)	如月千早	solo	765as		1	imasdb-f0e20e5b5850			unmatched	
765as_蒼い鳥remster-a	蒼い鳥(REM@STER-A)	蒼い鳥	REM@STER-A	森由里子	森由里子	BNSI(椎名豪)	椎名豪	天海春香	solo	765as	765as_蒼い鳥	1	imasdb-57642d5941c7			unmatched	
765as_蒼い鳥remster-b	蒼い鳥(REM@STER-B)	蒼い鳥	REM@STER-B	森由里子	森由里子	BNSI(椎名豪)	椎名豪	萩原雪歩	solo	765as	765as_蒼い鳥	1	imasdb-2186751ac0e7			unmatched	
765as_蒼い鳥ドラゴンスピリットファミソン8bit_mix	蒼い鳥(『ドラゴンスピリット』ファミソン8BIT MIX)	蒼い鳥	『ドラゴンスピリット』ファミソン8BIT MIX	森由里子	森由里子	BNSI(椎名豪)	椎名豪	如月千早	solo	765as	765as_蒼い鳥	1	imasdb-e4197379b5ca			unmatched	
765as_虹のデスティネーション	虹のデスティネーション	虹のデスティネーション		矢野博康	矢野博康	矢野博康	矢野博康	星井美希、萩原雪歩、水瀬伊織、三浦あずさ	unit	765as			imasdb-9449ebb8a149			unmatched	
765as_虹色ミラクル	虹色ミラクル	虹色ミラクル		森由里子	森由里子	BNSI(中川浩二)	中川浩二	765PRO ALLSTARS	all	765as			imasdb-d5b68611e4d5			unmatched	
765as_虹色ミラクル_-jazz_fusion_rearrange_mix-	虹色ミラクル -JAZZ FUSION Rearrange Mix-	虹色ミラクル	JAZZ FUSION Rearrange Mix	森由里子	森由里子	NBSI(中川浩二)	NBSI(中川浩二)	萩原雪歩、菊地真、高槻やよい、双海亜美、四条貴音	unit	765as	765as_虹色ミラクル	1	imasdb-e568ceb69f9f			unmatched	
765as_見つめて	見つめて	見つめて		貝田由里子	貝田由里子	BNSI(Yoshi)	Yoshi	萩原雪歩、四条貴音	unit	765as			imasdb-b0b20d9742b6			unmatched	
765as_赤い花咲いた	赤い花咲いた	赤い花咲いた		柚木美祐	柚木美祐	小林俊太郎	小林俊太郎	たかはし智秋	solo	765as			imasdb-e0a4bda91d6e			unmatched	
765as_輝夜	輝夜	輝夜		森由里子	森由里子	園田健太郎	園田健太郎	如月千早	solo	765as			imasdb-d37d88ddac7a			unmatched	
765as_迷走mind	迷走Mind	迷走Mind		BNSI(mft)	mft	BNSI(中川浩二)	中川浩二	菊地真	solo	765as			imasdb-03df4454a936			unmatched	
765as_隣に	隣に...	隣に...		貝田由里子	貝田由里子	BNSI(椎名豪)	椎名豪	三浦あずさ	solo	765as			imasdb-83a0ad3863ae			unmatched	
765as_隣に_-jazz_rearrange_mix-	隣に・・・ -JAZZ Rearrange Mix-	隣に・・・ -JAZZ Rearrange Mix-		貝田由里子	貝田由里子	NBGI(椎名豪)	NBGI(椎名豪)	三浦あずさ	solo	765as			imasdb-5fe22c0d6bed			unmatched	
765as_静かな夜に願いを	静かな夜に願いを...	静かな夜に願いを...		BNSI(柿埜嘉奈子)	柿埜嘉奈子	BNSI(kyo)	kyo	如月千早	unit	765as			imasdb-e89ce0838f47			unmatched	
765as_風花	風花	風花		橋本由香利	橋本由香利	橋本由香利	橋本由香利	四条貴音	solo	765as			imasdb-ed10df18ba6a			unmatched	
765as_飛べない鳥は夜に鳴く	飛べない鳥は夜に鳴く	飛べない鳥は夜に鳴く		小金井つくも	小金井つくも	BNSI(佐藤貴文)	佐藤貴文	音無小鳥 featuring 高木順二朗 and you、大塚芳忠)	solo	765as			imasdb-7f05db7bd260			unmatched	
765as_飛べスカイキッド	飛べ!スカイキッド	飛べ!スカイキッド		中村恵	中村恵	NBGI(小沢純子)	NBGI(小沢純子)	音無小鳥	solo	765as			imasdb-aec1d8708b12			unmatched	
765as_高速道路	高速道路	高速道路		あさくらあずみ	あさくらあずみ	あさくらあずみ	あさくらあずみ	浅倉杏美、原由実)	solo	765as			imasdb-cbe6e5b4c469			unmatched	
765as_魔法をかけて	魔法をかけて!	魔法をかけて!		BNSI(神前暁)	神前暁	BNSI(神前暁)	神前暁	秋月律子	solo	765as			imasdb-30c65bcf976f			unmatched	
765as_魔法をかけて_-ryo_watanabe_remix-	魔法をかけて! -Ryo Watanabe Remix-	魔法をかけて!	Ryo Watanabe Remix	BNGI(神前暁)	BNGI(神前暁)	BNGI(神前暁)	BNGI(神前暁)	765PRO ALLSTARS	solo	765as	765as_魔法をかけて	1	imasdb-a96b5809a108			unmatched	
765as_魔法をかけてremster-a	魔法をかけて!(REM@STER-A)	魔法をかけて!	REM@STER-A	BNSI(神前暁)	神前暁	BNSI(神前暁)	神前暁	高槻やよい	solo	765as	765as_魔法をかけて	1	imasdb-e7693e03abdc			unmatched	
765as_魔法をかけてremster-b	魔法をかけて!(REM@STER-B)	魔法をかけて!	REM@STER-B	BNSI(神前暁)	神前暁	BNSI(神前暁)	神前暁	如月千早	solo	765as	765as_魔法をかけて	1	imasdb-2fa669410649			unmatched	
765as_魔法をかけて妖怪道中記ファミソン8bit_mix	魔法をかけて!(『妖怪道中記』ファミソン8BIT MIX)	魔法をかけて!	『妖怪道中記』ファミソン8BIT MIX	BNSI(神前暁)	神前暁	BNSI(神前暁)	神前暁	三浦あずさ、秋月律子	unit	765as	765as_魔法をかけて	1	imasdb-ffba2cec982d			unmatched	
765as_黎明スターライン	黎明スターライン	黎明スターライン		BNSI(LindaAI-CUE)	LindaAI-CUE	BNSI(増渕裕二)	増渕裕二	双海亜美/真美	solo	765as			imasdb-20d846c34fc7			unmatched	
876_alive	ALIVE	ALIVE		BNSI(mft)	mft	BNSI(椎名豪)	椎名豪	日高愛	solo	876			imasdb-78c79103586e			unmatched	
876_berry_berry_lady	Berry Berry Lady	Berry Berry Lady		やぎぬまかな	やぎぬまかな	Nor	Nor	灯里愛夏	solo	876			imasdb-e47aa417526f			unmatched	
876_beyond_my_destiny	Beyond My Destiny	Beyond My Destiny		桑原佑介	桑原佑介	桑原佑介	桑原佑介	#ヴイアラ(灯里愛夏、上水流宇宙、レトラ)	unit	876			imasdb-9d238cb2bd71			unmatched	
876_breaker	Breaker	Breaker		梔	梔	梔	梔	レトラ	solo	876			imasdb-a5e4bead4a1f			unmatched	
876_cq	CQ	CQ		烏屋茶房	烏屋茶房	烏屋茶房	烏屋茶房	#ヴイアラ(灯里愛夏、上水流宇宙、レトラ)	unit	876			imasdb-9f0d70d34c9f			unmatched	
876_dazzling_world	Dazzling World	Dazzling World		BNSI(渡辺量).	BNSI(渡辺量).	BNSI(渡辺量).	BNSI(渡辺量).	秋月涼	solo	876			imasdb-6a893ac12e27			unmatched	
876_dye_bad_day	DYE BAD DAY	DYE BAD DAY		松藤量平(sixth floor)	松藤量平(sixth floor)	和賀裕希(sixth floor)	和賀裕希(sixth floor)	#ヴイアラ(灯里愛夏、上水流宇宙、レトラ)	unit	876			imasdb-7f12c3888bf4			unmatched	
876_field_on_me	FIELD ON ME	FIELD ON ME		nyamura	nyamura	safmusic、nyamura	safmusic;nyamura	#ヴイアラ(灯里愛夏、上水流宇宙、レトラ)	unit	876			imasdb-a14630642704			unmatched	
876_glass	Glass	Glass		雅樂川れとら	雅樂川れとら	早川博隆、五十嵐凪月	早川博隆;五十嵐凪月	レトラ	solo	876			imasdb-78d25011ac2f			unmatched	
876_hello	“HELLO!!”	“HELLO!!”		yura	yura	神前暁	神前暁	日高愛、水谷絵理、秋月涼	unit	876			imasdb-7b80e9192d9b			unmatched	
876_no8	No.8	No.8		R Sound Design	R Sound Design	R Sound Design	R Sound Design	上水流宇宙	solo	876			imasdb-b6e6529ebcf8			unmatched	
876_nova_chro	Nova Chro	Nova Chro		AJURIKA	AJURIKA	AJURIKA	AJURIKA	上水流宇宙	solo	876			imasdb-5ee4c25f0867			unmatched	
876_scarlet_rose	Scarlet Rose	Scarlet Rose		Aira(Dream Monster)	Aira(Dream Monster)	Aira(Dream Monster)	Aira(Dream Monster)	上水流宇宙	solo	876			imasdb-ebfda52b7849			unmatched	
876_shooting_star	SHOOTING STAR	SHOOTING STAR		Shogo(Rebrast)	Shogo(Rebrast)	Shogo、Tsubasa(Rebrast)	Shogo;Tsubasa(Rebrast)	#ヴイアラ(灯里愛夏、上水流宇宙、レトラ)	unit	876			imasdb-0162c08e0d55			unmatched	
876_tri-angle_drive	TRI-ANGLE DRIVE	TRI-ANGLE DRIVE		乃々花りあら	乃々花りあら	Hmt2	Hmt2	vα-liv(灯里愛夏、上水流宇宙、レトラ)	unit	876			imasdb-353d3ca90fba			unmatched	
876_zerogravity	ZeroGravity	ZeroGravity		咲乃木ロク	咲乃木ロク	ミディ	ミディ	上水流宇宙	solo	876			imasdb-0d1364cc2ca2			unmatched	
876_あっちこっちプリンセス	あっちこっちプリンセス	あっちこっちプリンセス		やしきん	やしきん	やしきん	やしきん	灯里愛夏	solo	876			imasdb-ce16970394a2			unmatched	
876_きみの一等星	きみの一等星	きみの一等星		nyamura	nyamura	nyamura、KAIRUI	nyamura;KAIRUI	レトラ	solo	876			imasdb-e81293b955ef			unmatched	
876_ともすれば中略アイドル	ともすれば、(中略)アイドル	ともすれば、(中略)アイドル		七条レタス	七条レタス	D.watt	D.watt	灯里愛夏	solo	876			imasdb-2306f349cb8f			unmatched	
876_はなまる	はなまる	はなまる		yura	yura	cota	cota	日高愛	solo	876			imasdb-d33846385641			unmatched	
876_はらぺこ泣き虫	はらぺこ泣き虫	はらぺこ泣き虫		佐藤貴文	佐藤貴文	佐藤貴文、Kijibato	佐藤貴文;Kijibato	灯里愛夏	solo	876			imasdb-eaba818f9d69			unmatched	
876_まだ見ぬ明日	まだ見ぬ明日	まだ見ぬ明日		玉屋2060%(Wienners)	玉屋2060%(Wienners)	玉屋2060%(Wienners)	玉屋2060%(Wienners)	#ヴイアラ(灯里愛夏、上水流宇宙、レトラ)	unit	876			imasdb-86621da887f0			unmatched	
876_アエルシグナル	アエルシグナル	アエルシグナル		笹川真生	笹川真生	笹川真生	笹川真生	レトラ	solo	876			imasdb-765b05c59191			unmatched	
876_エキセントリックラブ	エキセントリック・ラブ	エキセントリック・ラブ		陽茉莉-himari-	陽茉莉-himari-	古峰拓真	古峰拓真	灯里愛夏	solo	876			imasdb-053cdd0e921d			unmatched	
876_クライヤ	クライヤ	クライヤ		PSYQUI	PSYQUI	PSYQUI	PSYQUI	上水流宇宙	solo	876			imasdb-c2cba03dbec5			unmatched	
876_クリスタライン	クリスタライン	クリスタライン		只野菜摘	只野菜摘	石濱翔(MONACA)	石濱翔(MONACA)	vα-liv(灯里愛夏、上水流宇宙、レトラ)	unit	876			imasdb-91bb941ab89b			unmatched	
876_クロスワード	クロスワード	クロスワード		瀬良羽美	瀬良羽美	Funta7	Funta7	水谷絵理	solo	876			imasdb-f8955c60221f			unmatched	
876_ソライロ	ソライロ!	ソライロ!		ミズノゲンキ	ミズノゲンキ	馬渕直純	馬渕直純	876PRO ALLSTARS(日高愛、水谷絵理、秋月涼、灯里愛夏、上水流宇宙、レトラ)	all	876			imasdb-6a9954f0521f			unmatched	
876_ソライロ_vα-liv_ver	ソライロ! (vα-liv ver)	ソライロ!	vα-liv ver	ミズノゲンキ	ミズノゲンキ	馬渕直純	馬渕直純	レトラ、上水流宇宙、日高愛、水谷絵理、灯里愛夏、秋月涼	all	876	876_ソライロ	1	imasdb-27ca7b28e22f			unmatched	
876_ハッピース	ハッピース	ハッピース		yura	yura	cota	cota	日高愛、水谷絵理、秋月涼	unit	876			imasdb-0f71e68999d8			unmatched	
876_ヒミツの珊瑚礁	ヒミツの珊瑚礁	ヒミツの珊瑚礁		遠藤フビト	遠藤フビト	松井俊介	松井俊介	秋月涼	solo	876			imasdb-c43369ae3281			unmatched	
876_プリコグ	プリコグ	プリコグ		遠藤フビト	遠藤フビト	BNSI(内田哲也)	内田哲也	水谷絵理	solo	876			imasdb-adffd330de0e			unmatched	
876_リローディング	リローディング	リローディング		BNSI(大澤めい)	大澤めい	BNSI(大澤めい)	大澤めい	灯里愛夏、上水流宇宙、レトラ	unit	876			imasdb-c6a3b64b244c			unmatched	
876_ヴヴヴ	ヴヴヴ	ヴヴヴ		Medansy (TRIFRONTIER)	Medansy (TRIFRONTIER)	Medansy (TRIFRONTIER)	Medansy (TRIFRONTIER)	灯里愛夏、上水流宇宙、レトラ	unit	876			imasdb-4ab43e5799e5			unmatched	
876_公転周期	公転周期	公転周期		STEAKA	STEAKA	STEAKA	STEAKA	上水流宇宙	solo	876			imasdb-058dc9e8fd14			unmatched	
876_思い出の花束二度目の恋	思い出の花束、二度目の恋。	思い出の花束、二度目の恋。		早川博隆、奈須野新平	早川博隆;奈須野新平	早川博隆、奈須野新平	早川博隆;奈須野新平	レトラ	solo	876			imasdb-e96a932843c3			unmatched	
876_群青イニシエーション	群青イニシエーション	群青イニシエーション		OHTORA	OHTORA	New K、OHTORA	New K;OHTORA	レトラ	solo	876			imasdb-833bfc9d5a71			unmatched	
876_虹の王国の物語エトワールを目指して	虹の王国の物語〜エトワールを目指して〜	虹の王国の物語〜エトワールを目指して〜		椿山日南子	椿山日南子	椿山日南子	椿山日南子	灯里愛夏	solo	876			imasdb-9314633065d7			unmatched	
961_1st_call	1st Call	1st Call		只野菜摘	只野菜摘	石濱翔(MONACA)	石濱翔(MONACA)	ディアマント(玲音、詩花、亜夜)	unit	961			imasdb-403660622f25			unmatched	
961_alice_or_guilty	Alice or Guilty	Alice or Guilty		上江洲誠	上江洲誠	BNSI(濱本理央)	濱本理央	Jupiter(天ヶ瀬冬馬、御手洗翔太、伊集院北斗)	unit	961			imasdb-d2be0dfe57db			unmatched	
961_bangbang	BANG×BANG	BANG×BANG		yura	yura	吉田勝弥	吉田勝弥	天ヶ瀬冬馬	solo	961			imasdb-27e477dbaf2f			unmatched	
961_blooming_star	Blooming Star	Blooming Star		霜月はるか	霜月はるか	BNSI (椎名豪)	椎名豪	詩花	solo	961			imasdb-99c896d5d68a			unmatched	
961_flame	FlaME	FlaME		烏屋茶房	烏屋茶房	橘亮祐	橘亮祐	星井美希、我那覇響、四条貴音	unit	961			imasdb-e35cf62e604c			unmatched	
961_kiss	KisS	KisS		yura Dark	yura Dark	橋本由香利	橋本由香利	星井美希、我那覇響、四条貴音	unit	961			imasdb-679330fa8e2f			unmatched	
961_on_sunday	On Sunday	On Sunday		藤林聖子	藤林聖子	間瀬公司	間瀬公司	御手洗翔太	solo	961			imasdb-0873998d3282			unmatched	
961_realize	REALIZE!!!	REALIZE!!!		只野菜摘	只野菜摘	R・O・N	R;O;N	星井美希、我那覇響、四条貴音	unit	961			imasdb-630ae7d68753			unmatched	
961_shine_my_way	Shine My Way	Shine My Way		霜月はるか	霜月はるか	白澤亮 (ノイジークローク)	白澤亮 (ノイジークローク)	ZWEIGLANZ(玲音、詩花)	unit	961			imasdb-51af161bbb91			unmatched	
961_アクセルレーション	アクセルレーション	アクセルレーション		Selena Higa	Selena Higa	BNEI(Toaki Usami)	Toaki Usami	玲音	solo	961			imasdb-a4cf45e63fd9			unmatched	
961_アライアンススターダスト	アライアンス・スターダスト	アライアンス・スターダスト		Selena Higa・alico	Selena Higa;alico	BNSI(Toaki Usami)	Toaki Usami	ZWEIGLANZ(玲音、詩花)	unit	961			imasdb-3ec06e1f4e4d			unmatched	
961_アルティメットアイズ	アルティメットアイズ	アルティメットアイズ		Selena Higa	Selena Higa	BNEI(Toaki Usami)	Toaki Usami	玲音	solo	961			imasdb-701c91c8f874			unmatched	
961_インセインゲーム	インセインゲーム	インセインゲーム		mft	mft	BNSI(中川浩二)	中川浩二	星井美希、我那覇響、四条貴音	unit	961			imasdb-110a8703a540			unmatched	
961_エクストリームオーバードライブ	エクストリーム・オーバードライブ	エクストリーム・オーバードライブ		篠崎あやと	篠崎あやと	篠崎あやと	篠崎あやと	玲音	solo	961			imasdb-cefa072a9ff5			unmatched	
961_恋をはじめよう	恋をはじめよう	恋をはじめよう		白瀬彩	白瀬彩	BNSI(Jesahm)	Jesahm	Jupiter	unit	961			imasdb-4e111efaf22d			unmatched	
961_結晶crystal_dust	結晶〜Crystal Dust〜	結晶〜Crystal Dust〜		白瀬彩	白瀬彩	神津裕之	神津裕之	伊集院北斗	solo	961			imasdb-5a605cce23bf			unmatched	
961_黒い犬	黒い犬	黒い犬		中村恵	中村恵	佐々木宏人	佐々木宏人	四条貴音、我那覇響、星井美希	unit	961			imasdb-c7174d9de988			unmatched	
765as_でれぱdeないと	でれぱDEないと	でれぱDEないと		原紗友里・青木瑠璃子	原紗友里;青木瑠璃子	吟 [BUSTED ROSE]	吟 [BUSTED ROSE]	原紗友里&青木瑠璃子 from CINDERELLA PARTY!	unit	cg			imasdb-21ad0cb3a220			unmatched	
765as_でれぱれど	でれぱれ~ど	でれぱれ~ど		原紗友里・青木瑠璃子	原紗友里;青木瑠璃子	田村信二	田村信二	原紗友里&青木瑠璃子 from CINDERELLA PARTY!	unit	cg			imasdb-d8d0da040e35			unmatched	
765as_でれぱ音頭	でれぱ音頭	でれぱ音頭		原紗友里&青木瑠璃子 from CINDERELLA PARTY!	原紗友里;青木瑠璃子 from CINDERELLA PARTY!	三浦誠司	三浦誠司	原紗友里&青木瑠璃子 from CINDERELLA PARTY!	unit	cg			imasdb-a86c52014cb6			unmatched	
765as_デレパノココロ	デレパノココロ	デレパノココロ		原紗友里・青木瑠璃子	原紗友里;青木瑠璃子	AJURIKA	AJURIKA	原紗友里&青木瑠璃子 from CINDERELLA PARTY!	unit	cg			imasdb-034d2992373a			unmatched	
cg_-legne-_仇なす剣_光の旋律	-LEGNE- 仇なす剣 光の旋律	-LEGNE- 仇なす剣 光の旋律		BNSI(東ノ獄彩)	東ノ獄彩	隠田遼平	隠田遼平	Rosenburg Engel(神崎蘭子)	solo	cg			imasdb-d7cfeff83267			unmatched	
cg_14平米にスーベニア	14平米にスーベニア	14平米にスーベニア		八城雄太	八城雄太	emon(Tes.)	emon(Tes.)	久川凪	solo	cg			imasdb-1444004f64b4			unmatched	
cg_14平米にスーベニア_-広川恵一_remix-	14平米にスーベニア -広川恵一 Remix-	14平米にスーベニア	広川恵一 Remix	八城雄太	八城雄太	emon(Tes.)	emon(Tes.)	久川凪	solo	cg	cg_14平米にスーベニア	1	imasdb-6bc075cf7d84			unmatched	
cg_2nd_side	2nd SIDE	2nd SIDE		ESTi	ESTi	ESTi	ESTi	神谷奈緒	solo	cg			imasdb-c0ffab67c9c0			unmatched	
cg_2nd_side_-雨あがり_remix-	2nd SIDE -雨あがり Remix-	2nd SIDE	雨あがり Remix	ESTi	ESTi	ESTi	ESTi	CINDERELLA PROJECT	solo	cg	cg_2nd_side	1	imasdb-ff35811e1f3e			unmatched	
cg_absolute_nine	Absolute NIne	Absolute NIne		hisakuni	hisakuni	hisakuni	hisakuni	THE IDOLM@STER CINDERELLA GIRLS!!(塩見周子、高垣楓、渋谷凛、前川みく、一ノ瀬志希、島村卯月、相葉夕美、城ヶ崎美嘉、向井拓海)	unit	cg			imasdb-1747779c1078			unmatched	
cg_ace	ACE	ACE		ミズノゲンキ	ミズノゲンキ	睦月周平	睦月周平	結城晴	solo	cg			imasdb-73fed934da25			unmatched	
cg_always	always	always		Maiko Fujita	Maiko Fujita	Maiko Fujita	Maiko Fujita	高垣楓、本田未央、藤原肇、荒木比奈、喜多見柚	unit	cg			imasdb-932ea43fbd45			unmatched	
cg_anemonestar	AnemoneStar	AnemoneStar		yasushi	yasushi	yasushi	yasushi	渋谷凛	solo	cg			imasdb-a98248c7359a			unmatched	
cg_angel_breeze	Angel Breeze	Angel Breeze		高瀬愛虹	高瀬愛虹	百引一	百引一	川島瑞樹	solo	cg			imasdb-e56af243ff1a			unmatched	
cg_arrowhead	Arrowhead	Arrowhead		ミズノゲンキ	ミズノゲンキ	睦月周平	睦月周平	多田李衣菜	solo	cg			imasdb-bb9dd2069ba8			unmatched	
cg_athanasia	Athanasia	Athanasia		DJ'TEKINA//SOMETHING a.k.a ゆよゆっぺ	DJ'TEKINA//SOMETHING a.k.a ゆよゆっぺ	DJ'TEKINA//SOMETHING a.k.a ゆよゆっぺ	DJ'TEKINA//SOMETHING a.k.a ゆよゆっぺ	ナターリア、小早川紗枝、白坂小梅	unit	cg			imasdb-91a073d6af33			unmatched	
cg_beat_of_the_night	Beat of the Night	Beat of the Night		麻枝准	麻枝准	麻枝准	麻枝准	黒埼ちとせ	solo	cg			imasdb-9d58850511f7			unmatched	
cg_beyond_the_starlight	BEYOND THE STARLIGHT	BEYOND THE STARLIGHT		八城雄太	八城雄太	石濱翔(MONACA)	石濱翔(MONACA)	城ヶ崎莉嘉、緒方智絵里、北条加蓮、川島瑞樹、大槻唯	unit	cg			imasdb-f289dea29e36			unmatched	
cg_blessing	Blessing	Blessing		貝田由里子	貝田由里子	田中秀和(MONACA)	田中秀和(MONACA)	高垣楓	solo	cg			imasdb-13c5de5bb5b3			unmatched	
cg_bloody_festa	Bloody Festa	Bloody Festa		ミズノゲンキ	ミズノゲンキ	夏海	夏海	白坂小梅	solo	cg			imasdb-6e5f332b58bf			unmatched	
cg_blooming_days	Blooming Days	Blooming Days		eNu	eNu	川田瑠夏	川田瑠夏	安部菜々、五十嵐響子、緒方智絵里、道明寺歌鈴、早坂美玲	unit	cg			imasdb-baafcaa644e4			unmatched	
cg_brand_new	Brand new!	Brand new!		烏屋茶房	烏屋茶房	烏屋茶房、篠崎あやと、橘亮佑	烏屋茶房;篠崎あやと;橘亮佑	辻野あかり、砂塚あきら、桐生つかさ	unit	cg			imasdb-aefd3613b111			unmatched	
cg_bright_blue	Bright Blue	Bright Blue		marhy	marhy	BNSI(kyo)	kyo	鷺沢文香	solo	cg			imasdb-06be5d994faf			unmatched	
cg_bullet_ride	Bullet Ride	Bullet Ride		ミズノゲンキ	ミズノゲンキ	設楽哲也	設楽哲也	木村夏樹	solo	cg			imasdb-6d84e29928e8			unmatched	
cg_cant_stop	Can't Stop!!	Can't Stop!!		磯谷佳江	磯谷佳江	小野貴光	小野貴光	片桐早苗	solo	cg			imasdb-a91e6ca49d11			unmatched	
cg_cherrymerrycherry	cherry*merry*cherry	cherry*merry*cherry		坂井竜二	坂井竜二	山崎真吾	山崎真吾	緒方智絵里	solo	cg			imasdb-e7f999795f6d			unmatched	
cg_claw_my_heart	Claw My Heart	Claw My Heart		ミズノゲンキ	ミズノゲンキ	石濱翔(MONACA)	石濱翔(MONACA)	早坂美玲	solo	cg			imasdb-5cbf517a451d			unmatched	
cg_clock_hands	Clock Hands	Clock Hands		竹市佳伸	竹市佳伸	竹市佳伸	竹市佳伸	白雪千夜	solo	cg			imasdb-edf417645f12			unmatched	
cg_coco夏夏夏_holiday	CoCo夏夏夏 Holiday	CoCo夏夏夏 Holiday		Funta3	Funta3	Funta7	Funta7	上田鈴帆、佐藤心、十時愛梨	unit	cg			imasdb-ac200a372853			unmatched	
cg_coffret_comet	Coffret Comet	Coffret Comet		八城雄太	八城雄太	TAKT(TRYTONELABO)	TAKT(TRYTONELABO)	城ヶ崎莉嘉	solo	cg			imasdb-60229b118580			unmatched	
cg_come_to_you	Come to you	Come to you		やぎぬまかな	やぎぬまかな	石濱翔(MONACA)	石濱翔(MONACA)	小日向美穂、渋谷凛、本田未央	unit	cg			imasdb-989904caff9a			unmatched	
cg_comic_cosmic	comic cosmic	comic cosmic		只野菜摘	只野菜摘	篠崎あやと、橘亮祐	篠崎あやと;橘亮祐	佐久間まゆ、久川颯、中野有香、佐々木千枝、堀裕子	unit	cg			imasdb-64502763adc4			unmatched	
cg_cookiedough	Cookie Dough	Cookie Dough						高垣楓、三船美優、大和亜季	unit	cg			imasdb-d3b3cac0fd78			unmatched	
cg_cosmo_cosme	Cosmo Cosme	Cosmo Cosme		ミズノゲンキ	ミズノゲンキ	山本真央樹(TRYTONELABO)	山本真央樹(TRYTONELABO)	城ヶ崎美嘉	solo	cg			imasdb-036041c23f1b			unmatched	
cg_d-ark_l-ilys_grin	D-ark L-ily's Grin	D-ark L-ily's Grin		鈴木裕明(SUPA LOVE)	鈴木裕明(SUPA LOVE)	鈴木裕明(SUPA LOVE)	鈴木裕明(SUPA LOVE)	モノクロームリリィ(速水奏、北条加蓮)	unit	cg			imasdb-43a77f7e74b3			unmatched	
cg_darkness	Darkness	Darkness		藤田麻衣子	藤田麻衣子	藤田麻衣子	藤田麻衣子	白菊ほたる	solo	cg			imasdb-46d31350ad3e			unmatched	
cg_dear_my_dreamers	Dear My Dreamers	Dear My Dreamers		八城雄太	八城雄太	渡部チェル	渡部チェル	姫川友紀	solo	cg			imasdb-2fceb2f8b6ad			unmatched	
cg_delight	DELIGHT	DELIGHT		BNSI(渡辺量)	渡辺量	BNSI(渡辺量)	渡辺量	本田未央	solo	cg			imasdb-4fb5a2747d99			unmatched	
cg_demolish	Demolish	Demolish		只野菜摘	只野菜摘	田中秀和	田中秀和	Threat Sign(本田未央、結城晴、ナターリア)	unit	cg			imasdb-52f4000ec138			unmatched	
cg_dokidokiリズム	DOKIDOKIリズム	DOKIDOKIリズム		BNSI(佐藤貴文)	佐藤貴文	BNSI(佐藤貴文)	佐藤貴文	城ヶ崎莉嘉	solo	cg			imasdb-4f0054a517e9			unmatched	
cg_dokidokiリズム_for_chieri_rearrange_mix	DOKIDOKIリズム 〜For Chieri rearrange MIX〜	DOKIDOKIリズム 〜For Chieri rearrange MIX〜		BNEI(佐藤貴文)	佐藤貴文	BNEI(佐藤貴文)	佐藤貴文	緒方智絵里	solo	cg	cg_dokidokiリズム		imasdb-0c810e2591e8			unmatched	
cg_drastic_melody	Drastic Melody	Drastic Melody		R・O・N	R;O;N	R・O・N	R;O;N	Sirius Chord(渋谷凛、白雪千夜、松永涼)	unit	cg			imasdb-52e3cbf5d289			unmatched	
cg_dreaming_of_you	Dreaming of you	Dreaming of you		mft	mft	広川恵一(MONACA)	広川恵一(MONACA)	川島瑞樹	solo	cg			imasdb-1f5a054f06b8			unmatched	
cg_dreaming_star	Dreaming Star	Dreaming Star		emon(Tes.)・おもち花	emon(Tes.);おもち花	emon(Tes.)	emon(Tes.)	相葉夕美	solo	cg			imasdb-a61ade02a6c7			unmatched	
cg_dreamy_anniversary	Dreamy Anniversary	Dreamy Anniversary		森由里子	森由里子	滝澤俊輔(TRYTONELABO)	滝澤俊輔(TRYTONELABO)	久川凪、大槻唯、高垣楓、望月聖、新田美波	unit	cg			imasdb-fea1e042e5eb			unmatched	
cg_driving_my_way	Driving My Way	Driving My Way		AJURIKA	AJURIKA	山本真央樹	山本真央樹	黒埼ちとせ、松永涼、木村夏樹	unit	cg			imasdb-aaf2a5f0dea0			unmatched	
cg_dynamite_fever_megamix	DYNAMITE FEVER MEGAMIX	DYNAMITE FEVER MEGAMIX		橘亮祐	橘亮祐	橘亮祐	橘亮祐	片桐早苗	solo	cg			imasdb-a34f3083d3ee			unmatched	
cg_enishi	Enishi	Enishi		ウツミタカアキ	ウツミタカアキ	ウツミタカアキ	ウツミタカアキ	羽衣小町(小早川紗枝、塩見周子)	unit	cg			imasdb-5b40124b8986			unmatched	
cg_ephemeral_aяrow	EPHEMERAL AЯROW	EPHEMERAL AЯROW		アオワイファイ	アオワイファイ	Powerless	Powerless	白雪千夜、二宮飛鳥	unit	cg			imasdb-dacdaea16111			unmatched	
cg_everafter	EVERAFTER	EVERAFTER		森由里子	森由里子	滝澤俊輔(TRYTONELABO)、烏屋茶房	滝澤俊輔(TRYTONELABO);烏屋茶房	島村卯月、大石泉、夢見りあむ、早坂美玲、西園寺琴歌、大槻唯、森久保乃々、速水奏、的場梨沙、一ノ瀬志希	unit	cg			imasdb-2c2c078c2654			unmatched	
cg_everlasting	EVERLASTING	EVERLASTING		森由里子	森由里子	田中秀和(MONACA)、滝澤俊輔(TRYTONELABO)、睦月周平	田中秀和(MONACA);滝澤俊輔(TRYTONELABO);睦月周平	本田未央、辻野あかり、双葉杏、木村夏樹、アナスタシア、ナターリア、橘ありす、輿水幸子、依田芳乃、川島瑞樹	unit	cg			imasdb-5c4594c562b0			unmatched	
cg_evermore	EVERMORE	EVERMORE		森由里子	森由里子	田中秀和(MONACA)・滝澤俊輔(TRYTONELABO)	田中秀和(MONACA);滝澤俊輔(TRYTONELABO)	城ヶ崎美嘉、神崎蘭子、前川みく、二宮飛鳥、一ノ瀬志希	unit	cg			imasdb-cb27d639ef8c			unmatched	
cg_evermore_-_しんげきremix_-	EVERMORE - しんげきRemix -	EVERMORE	しんげきRemix	森由里子	森由里子	田中秀和(MONACA)、滝澤俊輔(TRYTONELABO)	田中秀和(MONACA);滝澤俊輔(TRYTONELABO)	神崎蘭子、二宮飛鳥	unit	cg	cg_evermore	1	imasdb-775197a5bd1d			unmatched	
cg_evil_live	EVIL LIVE	EVIL LIVE		ミズノゲンキ	ミズノゲンキ	睦月周平	睦月周平	BAD BEASTS(村上巴、的場梨沙、小関麗奈、藤本里奈、向井拓海)	unit	cg			imasdb-3a59d73e07d9			unmatched	
cg_fantasia_for_the_girls	Fantasia for the Girls	Fantasia for the Girls		八城雄太	八城雄太	設楽哲也	設楽哲也	久川颯、イヴ・サンタクロース、白雪千夜、神谷奈緒、藤原肇、依田芳乃、赤城みりあ、星輝子、小早川紗枝	unit	cg			imasdb-859d635b12e6			unmatched	
cg_fascinate	Fascinate	Fascinate		ミズノゲンキ	ミズノゲンキ	睦月周平	睦月周平	VelvetRose(黒埼ちとせ、白雪千夜)	unit	cg			imasdb-38a65d481130			unmatched	
cg_fine美しき終焉	Fin[e]〜美しき終焉〜	Fin[e]〜美しき終焉〜		只野菜摘	只野菜摘	伊藤翼	伊藤翼	一ノ瀬志希、黒埼ちとせ	unit	cg			imasdb-4adefefdc7fb			unmatched	
cg_flip_flop	Flip Flop	Flip Flop		ミト	ミト	ミト	ミト	日野茜	solo	cg			imasdb-adca4e79805c			unmatched	
cg_flip_flop_for_ss3a_rearrange_mix	Flip Flop 〜For SS3A rearrange Mix〜	Flip Flop 〜For SS3A rearrange Mix〜		ミト	ミト	ミト	ミト	荒木比奈、上条春菜	unit	cg	cg_flip_flop		imasdb-02b91a534314			unmatched	
cg_frost	Frost	Frost		ミズノゲンキ	ミズノゲンキ	睦月周平	睦月周平	神谷奈緒、神崎蘭子、脇山珠美	unit	cg			imasdb-b7593dcbcf40			unmatched	
cg_frozen_tears	Frozen Tears	Frozen Tears		磯谷佳江	磯谷佳江	小野貴光	小野貴光	北条加蓮	solo	cg			imasdb-61582734a1c3			unmatched	
cg_gaze_and_gaze	Gaze and Gaze	Gaze and Gaze		ミズノゲンキ	ミズノゲンキ	睦月周平	睦月周平	フォーリンシーサイド(川島瑞樹、村上巴)	unit	cg			imasdb-6638a5f70bfd			unmatched	
cg_gemstone	GEMSTONE	GEMSTONE		出口遼	出口遼	出口遼	出口遼	的場梨沙	solo	cg			imasdb-054bae07eb44			unmatched	
cg_go_just_go	Go Just Go!	Go Just Go!		八城雄太	八城雄太	田中秀和(MONACA)	田中秀和(MONACA)	夢見りあむ、大槻唯、北条加蓮、佐藤心、一ノ瀬志希、鷹富士茄子、棟方愛海、川島瑞樹、五十嵐響子	unit	cg			imasdb-7e5d6e03e890			unmatched	
cg_goin	GOIN'!!!	GOIN'!!!		森由里子	森由里子	宮崎まゆ	宮崎まゆ	CINDERELLA PROJECT [島村卯月、渋谷凛、本田未央、双葉杏、三村かな子、城ヶ崎莉嘉、神崎蘭子、前川みく、諸星きらり、多田李衣菜、赤城みりあ、新田美波、緒方智絵里、アナスタシア	all	cg			imasdb-fddbf6a7a248			unmatched	
cg_gossip_club	Gossip Club	Gossip Club		俊龍	俊龍	俊龍	俊龍	セクシーギャルズ(大槻唯、藤本里奈、城ヶ崎美嘉)	unit	cg			imasdb-8afe98ba9c88			unmatched	
cg_great_journey	Great Journey	Great Journey		磯谷佳江	磯谷佳江	内田哲也(Cygames)	内田哲也(Cygames)	new generations(島村卯月、渋谷凛、本田未央)	unit	cg			imasdb-e5724d282868			unmatched	
cg_halloween_game	HALLOWEEN GAME	HALLOWEEN GAME		TAKT(TRYTONELABO)	TAKT(TRYTONELABO)	TAKT(TRYTONELABO)	TAKT(TRYTONELABO)	パンプキンプリン(姫川友紀、中野有香、堀裕子、上条春菜、白雪千夜)	unit	cg			imasdb-5e22b4b6311b			unmatched	
cg_halloweencode	Halloween♥Code	Halloween♥Code		磯谷佳江	磯谷佳江	岡野裕次郎(TRYTONELABO)	岡野裕次郎(TRYTONELABO)	安部菜々、乙倉悠貴、前川みく	unit	cg			imasdb-46f1b6410b48			unmatched	
cg_happy2_days	Happy×2 Days	Happy×2 Days		木村有希	木村有希	木村有希	木村有希	CANDY ISLAND(双葉杏)	solo	cg			imasdb-fc0134ebb363			unmatched	
cg_happy_new_yeah	Happy New Yeah!	Happy New Yeah!		八城雄太	八城雄太	高取ヒデアキ	高取ヒデアキ	島村卯月、渋谷凛、本田未央、佐藤心、三村かな子	unit	cg			imasdb-a8ade382384e			unmatched	
cg_hardcore_toyworld	Hardcore Toyworld	Hardcore Toyworld		安島龍人	安島龍人	安島龍人	安島龍人	My-Style Revo(砂塚あきら、早坂美玲)	unit	cg			imasdb-d6a2c67ac3c6			unmatched	
cg_harurunrun	HARURUNRUN	HARURUNRUN		田村歩美	田村歩美	田村歩美	田村歩美	関裕美、水本ゆかり、棟方愛海	unit	cg			imasdb-99d0c6e8e264			unmatched	
cg_he4dshot	#HE4DSHOT	#HE4DSHOT		烏屋茶房	烏屋茶房	橘亮佑、篠崎あやと、烏屋茶房	橘亮佑;篠崎あやと;烏屋茶房	砂塚あきら	solo	cg			imasdb-c13fd77cbe96			unmatched	
cg_heart_voice	Heart Voice	Heart Voice		磯谷佳江	磯谷佳江	小野貴光	小野貴光	CANDY ISLAND(双葉杏)	solo	cg			imasdb-c12d9fbc1a34			unmatched	
cg_home_sweet_home	Home Sweet Home	Home Sweet Home		八城雄太	八城雄太	Powerless	Powerless	Merry Terrors(白坂小梅、辻野あかり、道明寺歌鈴、佐久間まゆ、小日向美穂)	unit	cg			imasdb-738424595adb			unmatched	
cg_hotel_moonside	Hotel Moonside	Hotel Moonside		BNSI(MC TC)	MC TC	BNSI(Taku Inoue)	Taku Inoue	速水奏	solo	cg			imasdb-709313793325			unmatched	
cg_hotel_moonside_-take_me_away_from_metropolis_remix-	Hotel Moonside -Take me away from Metropolis Remix-	Hotel Moonside	Take me away from Metropolis Remix	BNSI(MC TC)	MC TC	BNSI(Taku Inoue)	Taku Inoue	一ノ瀬志希	solo	cg	cg_hotel_moonside	1	imasdb-ff4b403bcaa5			unmatched	
cg_hotel_moonside_extended_live_version	Hotel Moonside (Extended Live Version)	Hotel Moonside	Extended Live Version	BNSI(MC TC)	MC TC	BNSI(Taku Inoue)	Taku Inoue	速水奏	solo	cg	cg_hotel_moonside	1	imasdb-b3e9d51a0bda			unmatched	
cg_hungry_bambi	Hungry Bambi	Hungry Bambi		出口遼	出口遼	出口遼	出口遼	キュリオスター「佐々木千枝、市原仁奈、橘ありす、龍崎薫、棟方愛海、遊佐こずえ	unit	cg			imasdb-dbf683115a70			unmatched	
cg_if	if	if		Maiko Fujita	Maiko Fujita	Maiko Fujita	Maiko Fujita	速水奏	solo	cg			imasdb-9e9cf25ea332			unmatched	
cg_in_fact	in fact	in fact		Maiko Fujita	Maiko Fujita	Maiko Fujita	Maiko Fujita	橘ありす	solo	cg			imasdb-7007b0f7ae75			unmatched	
cg_isosceles	Isosceles	Isosceles		YASUHIRO(康寛)	YASUHIRO(康寛)	Powerless、YASUHIRO(康寛)	Powerless;YASUHIRO(康寛)	フェアリーテイル*マイテイル(小日向美穂、藤原肇)	unit	cg			imasdb-c4075cb09de2			unmatched	
cg_jet_to_the_future	Jet to the Future	Jet to the Future		磯谷佳江	磯谷佳江	IMAJO(PSYCHIC LOVER)	IMAJO(PSYCHIC LOVER)	Rock the beat(多田李衣菜、木村夏樹)	unit	cg			imasdb-66a44bbae034			unmatched	
cg_joker	Joker	Joker		渡部紫緒	渡部紫緒	田中秀和(MONACA)	田中秀和(MONACA)	松永涼、大和亜季、中野有香、姫川友紀、前川みく	unit	cg			imasdb-175b4b078ed2			unmatched	
cg_just_us_justice	Just Us Justice	Just Us Justice		ミズノゲンキ	ミズノゲンキ	ゆよゆっぺ	ゆよゆっぺ	バーニング・バスターズ(南条光、脇山珠美、結城晴、上条春菜、片桐早苗)	unit	cg			imasdb-c6110878b1bc			unmatched	
cg_kawaii_make_my_day	Kawaii make MY day!	Kawaii make MY day!		八城雄太	八城雄太	石濱翔(MONACA)	石濱翔(MONACA)	メロウ・イエロー(中野有香、水本ゆかり、椎名法子)	unit	cg			imasdb-7f0e50ae35df			unmatched	
cg_last_kiss	Last Kiss	Last Kiss		渡部紫緒	渡部紫緒	坂部剛	坂部剛	三船美優	solo	cg			imasdb-2b87881392b8			unmatched	
cg_last_kiss_-esti_remix-	Last Kiss -ESTi Remix-	Last Kiss	ESTi Remix	渡部紫緒	渡部紫緒	坂部剛	坂部剛	三船美優	solo	cg	cg_last_kiss	1	imasdb-66bda3c07356			unmatched	
cg_lets_go_happy	LET'S GO HAPPY!!	LET'S GO HAPPY!!		夕野ヨシミ(IOSYS)	夕野ヨシミ(IOSYS)	ARM(IOSYS)	ARM(IOSYS)	凸レーション(城ヶ崎莉嘉)	solo	cg			imasdb-1fa589f4c7e7			unmatched	
cg_lets_sail_away	Let's Sail Away!!!	Let's Sail Away!!!		坂井竜二	坂井竜二	アオワイファイ	アオワイファイ	浅利七海、西園寺琴歌、八神マキノ	unit	cg			imasdb-eb8b878b0223			unmatched	
cg_life_is_harmony	Life is HaRMONY	Life is HaRMONY		no_my	no_my	no_my	no_my	桐生つかさ、黒埼ちとせ、白菊ほたる、鷺沢文香、諸星きらり	unit	cg			imasdb-4deaa5e6fdec			unmatched	
cg_lilac_time	lilac time	lilac time		橋本由香利	橋本由香利	橋本由香利	橋本由香利	相葉夕美	solo	cg			imasdb-6a4e541f89e7			unmatched	
cg_lilac_time_ピクニックライブ_acoustic_ver	lilac time (ピクニックライブ Acoustic Ver.)	lilac time	ピクニックライブ Acoustic Ver.	橋本由香利	橋本由香利	橋本由香利	橋本由香利	相葉夕美	solo	cg	cg_lilac_time	1	imasdb-45a30825fce3			unmatched	
cg_little_more	Little More	Little More		渡部紫緒	渡部紫緒	ESTi	ESTi	三船美優	solo	cg			imasdb-7cabe4674f00			unmatched	
cg_lovedestiny	Love∞Destiny	Love∞Destiny		磯谷佳江	磯谷佳江	BNSI(kyo)	kyo	Masque:Rade(佐久間まゆ、北条加蓮、小日向美穂、多田李衣菜、緒方智絵里)	unit	cg			imasdb-b0888b41b950			unmatched	
cg_lovedestiny_-jealous_prisoner_remix-	Love∞Destiny -Jealous prisoner Remix-	Love∞Destiny	Jealous prisoner Remix	磯谷佳江	磯谷佳江	BNSI(kyo)	kyo	Masque:Rade(佐久間まゆ、北条加蓮、小日向美穂、多田李衣菜、緒方智絵里)	unit	cg	cg_lovedestiny	1	imasdb-15615fb9e0c6			unmatched	
cg_loveハズカム	LOVE☆ハズカム	LOVE☆ハズカム		磯谷佳江	磯谷佳江	山本真央樹	山本真央樹	藤本里奈	solo	cg			imasdb-a7e106ac7f73			unmatched	
cg_lunatic_show	Lunatic Show	Lunatic Show		磯谷佳江	磯谷佳江	IMAJO	IMAJO	星輝子・白坂小梅・輿水幸子・小早川紗枝・姫川友紀	unit	cg			imasdb-f474ec72a6c5			unmatched	
cg_lunatic_show_for_ss3a_rearrange_mix	Lunatic Show 〜For SS3A rearrange Mix〜	Lunatic Show 〜For SS3A rearrange Mix〜		磯谷佳江	磯谷佳江	IMAJO(PSYCHIC LOVER)	IMAJO(PSYCHIC LOVER)	喜多見柚、村上巴	unit	cg	cg_lunatic_show		imasdb-c42e0767a8d1			unmatched	
cg_majoram_therapie	Majoram Therapie	Majoram Therapie		只野菜摘	只野菜摘	invisible manners(平山大介・福山整)	invisible manners(平山大介・福山整)	夢見りあむ、西園寺琴歌、大槻唯、北条加蓮	unit	cg			imasdb-8ff5261ef812			unmatched	
cg_max_beat	Max Beat	Max Beat		渡部紫緒	渡部紫緒	坂部剛	坂部剛	高垣楓、鷹富士茄子、二宮飛鳥、松永涼、大和亜季	unit	cg			imasdb-5f624511fe38			unmatched	
cg_memories	Memories	Memories		貝田由里子	貝田由里子	ESTi	ESTi	LOVE LAIKA(新田美波)	unit	cg			imasdb-441e6400298c			unmatched	
cg_merry_warm_bodies	Merry Warm Bodies	Merry Warm Bodies		八城雄太	八城雄太	山本真央樹(TRYTONELABO)	山本真央樹(TRYTONELABO)	白坂小梅	solo	cg			imasdb-8ce59ad4669c			unmatched	
cg_mgic	M@GIC☆	M@GIC☆		森由里子	森由里子	田中秀和(MONACA)	田中秀和(MONACA)	CINDERELLA PROJECT [島村卯月、渋谷凛、本田未央、双葉杏、三村かな子、城ヶ崎莉嘉、神崎蘭子、前川みく、諸星きらり、多田李衣菜、赤城みりあ、新田美波、緒方智絵里、アナスタシア	all	cg			imasdb-c9d6f4284b54			unmatched	
cg_milky_mode	Milky Mode	Milky Mode		YASUHIRO(康寛)	YASUHIRO(康寛)	YASUHIRO(康寛)	YASUHIRO(康寛)	及川雫	solo	cg			imasdb-51e84af8682c			unmatched	
cg_morgana	Morgana	Morgana		烏屋茶房	烏屋茶房	烏屋茶房	烏屋茶房	ファタ・モルガーナ(大石泉、八神マキノ、浅利七海)	unit	cg			imasdb-c34fa76652a7			unmatched	
cg_motto	MOTTO!	MOTTO!		烏屋茶房	烏屋茶房	橘亮祐・篠崎あやと	橘亮祐;篠崎あやと	久川凪、西園寺琴歌、桐生つかさ、白菊ほたる、村上巴、関裕美、結城晴	unit	cg			imasdb-03289436179f			unmatched	
cg_myself	Myself	Myself		馬渕直純	馬渕直純	馬渕直純	馬渕直純	松永涼	solo	cg			imasdb-a8e00b1ff928			unmatched	
cg_naked_romance	Naked Romance	Naked Romance		BNSI(遠山明孝)	遠山明孝	BNSI(遠山明孝)	遠山明孝	小日向美穂	solo	cg			imasdb-97cc94555dfc			unmatched	
cg_nation_blue	Nation Blue	Nation Blue		遠山明孝	遠山明孝	遠山明孝	遠山明孝	渋谷凛、高垣楓、神崎蘭子、多田李衣菜、新田美波	unit	cg			imasdb-4df827b42495			unmatched	
cg_nation_blue_-蒼く蒼く蒼く_remix-	Nation Blue -蒼く蒼く蒼く Remix-	Nation Blue	蒼く蒼く蒼く Remix	遠山明孝	遠山明孝	遠山明孝	遠山明孝	渋谷凛、高垣楓、神崎蘭子、多田李衣菜、新田美波	unit	cg	cg_nation_blue	1	imasdb-da790e9d36df			unmatched	
cg_near_to_you	Near to You	Near to You		AJURIKA	AJURIKA	AJURIKA	AJURIKA	宮本フレデリカ、一ノ瀬志希、櫻井桃華、中野有香、五十嵐響子	unit	cg			imasdb-91f29a896386			unmatched	
cg_near_to_you_-picopico_dnb_remix-	Near to You -PicoPico D'n'B Remix-	Near to You	PicoPico D'n'B Remix	AJURIKA	AJURIKA	AJURIKA	AJURIKA	宮本フレデリカ、一ノ瀬志希、櫻井桃華、中野有香、五十嵐響子	unit	cg	cg_near_to_you	1	imasdb-62cc26d6efc7			unmatched	
cg_nebula_sky	Nebula Sky	Nebula Sky		AJURIKA	AJURIKA	AJURIKA	AJURIKA	アナスタシア	solo	cg			imasdb-a611e6235430			unmatched	
cg_needle_light	Needle Light	Needle Light		AJURIKA	AJURIKA	AJURIKA	AJURIKA	サイバーグラス(荒木比奈、上条春菜)	unit	cg			imasdb-463a2f6e425f			unmatched	
cg_neo_beautiful_pain	Neo Beautiful Pain	Neo Beautiful Pain		AJURIKA	AJURIKA	AJURIKA	AJURIKA	神谷奈緒	solo	cg			imasdb-6944cde320d0			unmatched	
cg_neon_sphere	Neon Sphere	Neon Sphere		AJURIKA	AJURIKA	AJURIKA	AJURIKA	LiPPS(速水奏、塩見周子、城ヶ崎美嘉、宮本フレデリカ、一ノ瀬志希)	unit	cg			imasdb-7cc015f60f5a			unmatched	
cg_never_ends	Never ends	Never ends		渡部紫緒	渡部紫緒	ESTi	ESTi	THE IDOLM@STER CINDERELLA GIRLS for BEST5!(北条加蓮、鷺沢文香、一ノ瀬志希、神谷奈緒、高垣楓)	all	cg			imasdb-029383ccb7c3			unmatched	
cg_never_say_never	Never say never	Never say never		NBGI(遠山明孝・八城雄太)	NBGI(遠山明孝・八城雄太)	NBGI(遠山明孝)	NBGI(遠山明孝)	渋谷凛	solo	cg			imasdb-6159baf70859			unmatched	
cg_never_say_never_for_anastasia_rearrange_mix	Never say never 〜For Anastasia rearrange MIX〜	Never say never 〜For Anastasia rearrange MIX〜		BNEI(遠山明孝・八城雄太)	遠山明孝;八城雄太	BNEI(遠山明孝)	遠山明孝	アナスタシア	solo	cg	cg_never_say_never		imasdb-fd168c6750fd			unmatched	
cg_new_bright_stars	New bright stars	New bright stars		eNu	eNu	設楽哲也	設楽哲也	小日向美穂、浅利七海、桐生つかさ、城ヶ崎美嘉、向井拓海	unit	cg			imasdb-386721ef9838			unmatched	
cg_next_chapter	Next Chapter	Next Chapter		大森祥子	大森祥子	設楽哲也	設楽哲也	佐藤心、一ノ瀬志希、ライラ、鷹富士茄子、鷺沢文香	unit	cg			imasdb-7814e642cf6a			unmatched	
cg_night_time_wander	Night Time Wander	Night Time Wander		烏屋茶房	烏屋茶房	篠崎あやと	篠崎あやと	ルビーカウンテス(桐生つかさ、八神マキノ、大槻唯)	unit	cg			imasdb-2ff1856dd4aa			unmatched	
cg_nightwear	Nightwear	Nightwear		MCTC	MCTC	TAKU INOUE	TAKU INOUE	LiPPS(速水奏、塩見周子、城ヶ崎美嘉、宮本フレデリカ、一ノ瀬志希)	unit	cg			imasdb-24a3b874ab76			unmatched	
cg_no_one_knows	No One Knows	No One Knows		AJURIKA	AJURIKA	AJURIKA	AJURIKA	∫nTegrαl(八神マキノ、速水奏、荒木比奈、北条加蓮)	unit	cg			imasdb-998b59413a59			unmatched	
cg_nocturne	Nocturne	Nocturne		AJURIKA	AJURIKA	AJURIKA	AJURIKA	高垣楓・川島瑞樹・松永涼・速水奏・新田美波	unit	cg			imasdb-0ac17250e3b7			unmatched	
cg_nocturne_for_ss3a_rearrange_mix	Nocturne 〜For SS3A Rearrange Mix〜	Nocturne 〜For SS3A Rearrange Mix〜		AJURIKA	AJURIKA	AJURIKA	AJURIKA	高垣楓、川島瑞樹	unit	cg	cg_nocturne		imasdb-7118b31be74a			unmatched	
cg_nornotes_of_revolution革命についての覚書	N.O.R.〜Notes of Revolution〜革命についての覚書	N.O.R.〜Notes of Revolution〜革命についての覚書		TAKT(TRYTONELABO)	TAKT(TRYTONELABO)	TAKT(TRYTONELABO)	TAKT(TRYTONELABO)	SOUL LEATHERS(脇山珠美、星輝子、小関麗奈)	unit	cg			imasdb-aa6a67b81ab4			unmatched	
cg_nothing_but_you	Nothing but You	Nothing but You		AJURIKA	AJURIKA	AJURIKA	AJURIKA	NEX-US(アナスタシア、神谷奈緒、中野有香、前川みく、星輝子)	unit	cg			imasdb-37097538deb2			unmatched	
cg_nswer	∀NSWER	∀NSWER		ミズノゲンキ	ミズノゲンキ	睦月周平	睦月周平	individuals(早坂美玲、森久保乃々、星輝子)	unit	cg			imasdb-0e64867ba536			unmatched	
cg_nswerののの物語	∀NSWER~ののの物語~	∀NSWER	ののの物語	ミズノゲンキ	ミズノゲンキ	睦月周平	睦月周平	森久保乃々	solo	cg		1	imasdb-ad310305e81e			unmatched	
cg_nudie	NUDIE★	NUDIE★		小金井つくも	小金井つくも	TAKT[TRYTONELABO]	TAKT[TRYTONELABO]	城ヶ崎美嘉	solo	cg			imasdb-c8a539e32638			unmatched	
cg_numberless	Numberless	Numberless		八城雄太	八城雄太	竹市佳伸	竹市佳伸	大石泉	solo	cg			imasdb-a38f20d78358			unmatched	
cg_o-ku-ri-mo-no_sunday	O-Ku-Ri-Mo-No Sunday!	O-Ku-Ri-Mo-No Sunday!		烏屋茶房	烏屋茶房	烏屋茶房、篠崎あやと	烏屋茶房;篠崎あやと	miroir(久川颯、久川凪)	unit	cg			imasdb-84e4f84a82d1			unmatched	
cg_o-ku-ri-mo-no_sunday_-ヒゲドライバー_remix-	O-Ku-Ri-Mo-No Sunday! -ヒゲドライバー Remix-	O-Ku-Ri-Mo-No Sunday!	ヒゲドライバー Remix	烏屋茶房	烏屋茶房	烏屋茶房、篠崎あやと	烏屋茶房;篠崎あやと	miroir(久川颯、久川凪)	unit	cg	cg_o-ku-ri-mo-no_sunday	1	imasdb-3dd5d6c15ebf			unmatched	
cg_one_life	One Life	One Life		ミズノゲンキ	ミズノゲンキ	根本優樹	根本優樹	松永涼	solo	cg			imasdb-e4cc5be16bb2			unmatched	
cg_orange_sapphire	Orange Sapphire	Orange Sapphire		Funta3	Funta3	Funta7	Funta7	城ヶ崎莉嘉、諸星きらり、城ヶ崎美嘉、本田未央、赤城みりあ	unit	cg			imasdb-09f66c8a5964			unmatched	
cg_otahen_アンセム	OTAHEN アンセム	OTAHEN アンセム		BNSI(佐藤貴文)	佐藤貴文	BNSI(佐藤貴文)	佐藤貴文	夢見りあむ	solo	cg			imasdb-164ecfd94b1d			unmatched	
cg_otahen_アンセム_-massive_new_krew_remix-	OTAHEN アンセム -Massive New Krew Remix-	OTAHEN アンセム	Massive New Krew Remix	BNSI(佐藤貴文)	佐藤貴文	BNSI(佐藤貴文)	佐藤貴文	夢見りあむ	solo	cg	cg_otahen_アンセム	1	imasdb-430f0a062dd9			unmatched	
cg_packing_her_favorite	Packing Her Favorite	Packing Her Favorite		八城雄太	八城雄太	seibin(ESTIMATE)	seibin(ESTIMATE)	久川颯	solo	cg			imasdb-c1bbb85ecf21			unmatched	
cg_palette	Palette	Palette		桜アス恵	桜アス恵	seibin(ESTIMATE)	seibin(ESTIMATE)	ピンクチェックスクール(島村卯月、小日向美穂、五十嵐響子)	unit	cg			imasdb-b3624ee6fde4			unmatched	
cg_pandemic_alone	PANDEMIC ALONE	PANDEMIC ALONE		ミズノゲンキ	ミズノゲンキ	睦月周平	睦月周平	星輝子	solo	cg			imasdb-73a7162b9b95			unmatched	
cg_poppinparapong	Poppin' para Pong!	Poppin' para Pong!						赤城みりあ、市原仁奈、椎名法子	unit	cg			imasdb-bd3ea071154a			unmatched	
cg_pretty_liar	Pretty Liar	Pretty Liar		森由里子	森由里子	石濱翔(MONACA)	石濱翔(MONACA)	ミステリアスアイズ(高垣楓、速水奏)	unit	cg			imasdb-e41240d7f9fb			unmatched	
cg_pretty_liar_-ミフメイ_remix-	Pretty Liar -ミフメイ Remix-	Pretty Liar	ミフメイ Remix	森由里子	森由里子	石濱翔(MONACA)	石濱翔(MONACA)	ミステリアスアイズ(高垣楓、速水奏)	unit	cg	cg_pretty_liar	1	imasdb-d81f343e9ed0			unmatched	
cg_private_sign	Private Sign	Private Sign		Apis(TRYTONELABO)	Apis(TRYTONELABO)	内海孝彰(TRYTONELABO)	内海孝彰(TRYTONELABO)	塩見周子	solo	cg			imasdb-37808ca98ff1			unmatched	
cg_proust_effect	PROUST EFFECT	PROUST EFFECT		BNSI(北谷光浩)	北谷光浩	BNSI(北谷光浩)	北谷光浩	一ノ瀬志希	solo	cg			imasdb-3ab2aba72b9e			unmatched	
cg_radio_happy	Radio Happy	Radio Happy		BNSI(MC TC)	MC TC	BNSI(Taku Inoue)	Taku Inoue	大槻唯	solo	cg			imasdb-ba8eb2f4212c			unmatched	
cg_reflective_illumination_night	Reflective illumination night	Reflective illumination night		baker	baker	篠崎あやと	篠崎あやと	渋谷凛	solo	cg			imasdb-c74c0bbc0a50			unmatched	
cg_rockin_emotion	Rockin' Emotion	Rockin' Emotion		磯谷佳江	磯谷佳江	小野貴光	小野貴光	木村夏樹	solo	cg			imasdb-80ca554b1711			unmatched	
cg_romantic_now	Romantic Now	Romantic Now		BNSI(MC TC)	MC TC	BNSI(Taku Inoue)	Taku Inoue	赤城みりあ	solo	cg			imasdb-3f737aad8f08			unmatched	
cg_romantic_now_-for_uzuki_rearrange_mix-	Romantic Now -For Uzuki rearrange MIX-	Romantic Now	For Uzuki rearrange MIX	BNSI(MC TC)	MC TC	NBSI(Taku Inoue)	NBSI(Taku Inoue)	島村卯月	solo	cg	cg_romantic_now	1	imasdb-5ee350ee27bd			unmatched	
cg_rose_禁じられた愛	ROSE 〜禁じられた愛〜	ROSE 〜禁じられた愛〜		夕野ヨシミ (IOSYS)	夕野ヨシミ (IOSYS)	ARM (IOSYS)	ARM (IOSYS)	木村夏樹、桐生つかさ、白雪千夜	unit	cg			imasdb-af17f89fd27c			unmatched	
cg_secret_daybreak	Secret Daybreak	Secret Daybreak		烏屋茶房	烏屋茶房	烏屋茶房	烏屋茶房	デア・アウローラ(速水奏、新田美波)	unit	cg			imasdb-b1946760bba3			unmatched	
cg_secret_daybreak_-石濱翔_remix-	Secret Daybreak -石濱翔 Remix-	Secret Daybreak	石濱翔 Remix	烏屋茶房	烏屋茶房	烏屋茶房	烏屋茶房	デア・アウローラ(速水奏、新田美波)	unit	cg	cg_secret_daybreak	1	imasdb-0924df63cf35			unmatched	
cg_secret_mirage	Secret Mirage	Secret Mirage		磯谷佳江	磯谷佳江	小野貴光	小野貴光	Rêve Pur(水本ゆかり、小早川紗枝)	unit	cg			imasdb-23993571ce69			unmatched	
cg_shabon_song	shabon song	shabon song		木村有希	木村有希	滝澤俊輔(TRYTONELABO]	滝澤俊輔(TRYTONELABO]	城ヶ崎美嘉	solo	cg			imasdb-a009c021ca3a			unmatched	
cg_shabon_song_for_ss3a_rearrange_mix	shabon song ~For SS3A rearrange Mix~	shabon song	For SS3A rearrange Mix	木村有希	木村有希	滝澤俊輔(TRYTONELABO)	滝澤俊輔(TRYTONELABO)	及川雫、棟方愛海	unit	cg	cg_shabon_song	1	imasdb-d2b9b73b6c77			unmatched	
cg_shine	Shine!!	Shine!!		森由里子	森由里子	滝澤俊輔(TRYTONELABO]	滝澤俊輔(TRYTONELABO]	CINDERELLA PROJECT [島村卯月、渋谷凛、本田未央、双葉杏、三村かな子、城ヶ崎莉嘉、神崎蘭子、前川みく、諸星きらり、多田李衣菜、赤城みりあ、新田美波、緒方智絵里、アナスタシア	all	cg			imasdb-d807bd7982dc			unmatched	
cg_shine_in_the_sky	Shine In The Sky☆	Shine In The Sky☆		Mahiro	Mahiro	俊龍	俊龍	U149(橘ありす、櫻井桃華、赤城みりあ、的場梨沙、結城晴、佐々木千枝、龍崎薫、市原仁奈、古賀小春)	unit	cg			imasdb-5dd4df3a27cf			unmatched	
cg_shinobi_40_忍者のすゝめ	Shinobi 4.0 忍者のすゝめ	Shinobi 4.0 忍者のすゝめ		八城雄太	八城雄太	高取ヒデアキ	高取ヒデアキ	浜口あやめ	solo	cg			imasdb-2b2af6da606f			unmatched	
cg_sing_the_prologue	Sing the Prologue♪	Sing the Prologue♪		高瀬愛虹	高瀬愛虹	滝澤俊輔(TRYTONELABO)	滝澤俊輔(TRYTONELABO)	三村かな子、関裕美、久川凪、遊佐こずえ、堀裕子	unit	cg			imasdb-47621fb34d03			unmatched	
cg_smileing	S(mile)ING!	S(mile)ING!		BNSI(八城雄太)	八城雄太	BNSI(Yoshi)	Yoshi	島村卯月	solo	cg			imasdb-3241d22f56f4			unmatched	
cg_smileing_-for_rin_rearrange_mix-	S(mile)ING! -For Rin rearrange MIX-	S(mile)ING!	For Rin rearrange MIX	BNSI(八城雄太)	八城雄太	NBSI(Yoshi)	NBSI(Yoshi)	渋谷凛	solo	cg	cg_smileing	1	imasdb-c7356e9acc7c			unmatched	
cg_snow_wings	Snow Wings	Snow Wings		俊龍	俊龍	俊龍	俊龍	島村卯月、渋谷凛、本田未央、大槻唯、上条春菜	unit	cg			imasdb-1b90937f4687			unmatched	
cg_snowlove	Snow*Love	Snow*Love		ヒゲドライバー	ヒゲドライバー	ヒゲドライバー	ヒゲドライバー	市原仁奈、及川雫、大槻唯、高森藍子、依田芳乃	unit	cg			imasdb-0ff9312010c4			unmatched	
cg_sparkling_girl	Sparkling Girl	Sparkling Girl		磯谷佳江	磯谷佳江	細見卓矢	細見卓矢	多田李衣菜	solo	cg			imasdb-fcb9ed3a7ba5			unmatched	
cg_spring_screaming	Spring Screaming	Spring Screaming		宮崎誠	宮崎誠	宮崎誠	宮崎誠	喜多見柚、本田未央、龍崎薫	unit	cg			imasdb-bc7e1ba7664c			unmatched	
cg_stage_bye_stage	Stage Bye Stage	Stage Bye Stage		ミズノゲンキ	ミズノゲンキ	睦月周平	睦月周平	島村卯月、渋谷凛、本田未央	unit	cg			imasdb-b0ef2c0e0bcb			unmatched	
cg_stage_bye_stage_-emontes_remix-	Stage Bye Stage -emon(Tes.) Remix-	Stage Bye Stage	emon(Tes.) Remix	ミズノゲンキ	ミズノゲンキ	睦月周平	睦月周平	島村卯月、渋谷凛、本田未央	unit	cg	cg_stage_bye_stage	1	imasdb-8ee289a32b26			unmatched	
cg_star	Star!!	Star!!		森由里子	森由里子	田中秀和(MONACA)	田中秀和(MONACA)	CINDERELLA PROJECT [島村卯月、渋谷凛、本田未央、双葉杏、三村かな子、城ヶ崎莉嘉、神崎蘭子、前川みく、諸星きらり、多田李衣菜、赤城みりあ、新田美波、緒方智絵里、アナスタシア	all	cg			imasdb-31d6158a3881			unmatched	
cg_starry-go-round	Starry-Go-Round	Starry-Go-Round		磯谷佳江	磯谷佳江	小野貴光	小野貴光	前川みく、大槻唯、アナスタシア、姫川友紀、二宮飛鳥	unit	cg			imasdb-3591f2e63cf7			unmatched	
cg_starry_night	Starry Night	Starry Night		渡部紫緒	渡部紫緒	坂部剛	坂部剛	松永涼、三船美優、森久保乃々、藤原肇、砂塚あきら	unit	cg			imasdb-0d2b17467aec			unmatched	
cg_story	STORY	STORY		森由里子	森由里子	田中秀和(MONACA)	田中秀和(MONACA)	島村卯月、本田未央、渋谷凛、神谷奈緒、北条加蓮	unit	cg			imasdb-3ba9d3f10675			unmatched	
cg_sun_high_gold	Sun! High! Gold!	Sun! High! Gold!		八城雄太	八城雄太	高取ヒデアキ	高取ヒデアキ	本田未央、北条加蓮、夢見りあむ、遊佐こずえ、佐城雪美	unit	cg			imasdb-a5ca25750914			unmatched	
cg_sunflower	SUN♡FLOWER	SUN♡FLOWER		坂井竜二	坂井竜二	山崎真吾	山崎真吾	本田未央、片桐早苗、佐藤心、城ヶ崎美嘉、諸星きらり	unit	cg			imasdb-be8059e7a96c			unmatched	
cg_sunhighgold	Sun!High!Gold!	Sun!High!Gold!		八城雄太	八城雄太	高取ヒデアキ	高取ヒデアキ	佐城雪美、北条加蓮、夢見りあむ、本田未央、遊佐こずえ	unit	cg			imasdb-f43205cc8f5e			unmatched	
cg_sunshine_see_may	Sunshine See May	Sunshine See May		只野菜摘	只野菜摘	滝澤俊輔(TRYTONELABO)・池田健仁(TRYTONELABO)	滝澤俊輔(TRYTONELABO);池田健仁(TRYTONELABO)	山紫水明(依田芳乃、藤原肇)	unit	cg			imasdb-9fc9b0936495			unmatched	
cg_superlove	SUPERLOVE☆	SUPERLOVE☆		小金井つくも	小金井つくも	BNSI(内田哲也)	内田哲也	城ヶ崎莉嘉	solo	cg			imasdb-2c8334c7fa23			unmatched	
cg_sweet_witches_night_6人目はだぁれ	Sweet Witches' Night 〜6人目はだぁれ〜	Sweet Witches' Night 〜6人目はだぁれ〜		角本麻衣	角本麻衣	角本麻衣	角本麻衣	Sweetches(三村かな子、十時愛梨、森久保乃々、椎名法子、及川雫)	unit	cg			imasdb-b18c95c65047			unmatched	
cg_takamariclimaxxx	TAKAMARI☆CLIMAXXX!!!!!	TAKAMARI☆CLIMAXXX!!!!!		広川恵一(MONACA)	広川恵一(MONACA)	広川恵一(MONACA)	広川恵一(MONACA)	喜多日菜子、喜多見柚、南条光、日野茜、姫川友紀	unit	cg			imasdb-4b54f5d1b600			unmatched	
cg_take_metake_you	Take me☆Take you	Take me☆Take you		渡部紫緒	渡部紫緒	坂部剛	坂部剛	THE IDOLM@STER CINDERELLA GIRLS!!(高垣楓、三船美優、森久保乃々、島村卯月、安部菜々、前川みく、依田芳乃、本田未央、佐藤心)	unit	cg			imasdb-9566757fffb6			unmatched	
cg_teeenagegroovin	Teeenage☆Groovin'	Teeenage☆Groovin'		Mitsu(TRYTONELABO)	Mitsu(TRYTONELABO)	坪田修平(TRYTONELABO)	坪田修平(TRYTONELABO)	LINK-RING(喜多見柚、椎名法子、棟方愛海)	unit	cg			imasdb-828e9b3a9464			unmatched	
cg_the_villains_night	THE VILLAIN'S NIGHT	THE VILLAIN'S NIGHT		坂井竜二	坂井竜二	TAKT(TRYTONELABO)	TAKT(TRYTONELABO)	Caper Parade(関裕美、赤城みりあ、櫻井桃華、相葉夕美、宮本フレデリカ)	unit	cg			imasdb-71d8efc7c8c3			unmatched	
cg_to_my_darling	To my darling...	To my darling...		BNSI(Mitsu)	Mitsu	BNSI(平井克明)	平井克明	輿水幸子	solo	cg			imasdb-f8090dc8dc13			unmatched	
cg_to_you_for_me	to you for me	to you for me		渡部紫緒	渡部紫緒	BNSI(Yoshi)	Yoshi	橘ありす	solo	cg			imasdb-d91347bf6bcb			unmatched	
cg_tokimekiエスカレート	TOKIMEKIエスカレート	TOKIMEKIエスカレート		marhy	marhy	BNSI(内田哲也)	内田哲也	城ヶ崎美嘉	solo	cg			imasdb-bfced4b908e4			unmatched	
cg_tokimekiエスカレート_-tropical_summer_nude_remix-	TOKIMEKIエスカレート -Tropical Summer Nude Remix-	TOKIMEKIエスカレート	Tropical Summer Nude Remix	marhy	marhy	BNSI(内田哲也)	内田哲也	城ヶ崎美嘉	solo	cg	cg_tokimekiエスカレート	1	imasdb-a47eb5c39700			unmatched	
cg_trancing_pulse	Trancing Pulse	Trancing Pulse		AJURIKA	AJURIKA	上松範康(Elements Garden)	上松範康(Elements Garden)	Triad Primus(渋谷凛、神谷奈緒、北条加蓮)	unit	cg			imasdb-202f2dea56a2			unmatched	
cg_treasure	Treasure☆	Treasure☆		デレパジ(福原綾香、大橋彩香、佳村はるか、原紗友里、青木瑠璃子)	デレパジ(福原綾香、大橋彩香、佳村はるか、原紗友里、青木瑠璃子)	滝澤俊輔(TRYTONELABO)	滝澤俊輔(TRYTONELABO)	島村卯月、渋谷凛、城ヶ崎美嘉、本田未央、多田李衣菜	unit	cg			imasdb-dd5faa1d7278			unmatched	
cg_trinity_field	Trinity Field	Trinity Field		奥井雅美	奥井雅美	上松範康(Elements Garden)	上松範康(Elements Garden)	Triad Primus(渋谷凛、北条加蓮、神谷奈緒)	unit	cg			imasdb-5903e11bcb29			unmatched	
cg_true_colors	TRUE COLORS	TRUE COLORS		BNSI(渡辺量)	渡辺量	BNSI(渡辺量)	渡辺量	城ヶ崎美嘉、高森藍子、アナスタシア、藤原肇、乙倉悠貴、黒埼ちとせ、白雪千夜、久川颯、久川凪	unit	cg			imasdb-8ad3b336a17e			unmatched	
cg_trust_me	Trust me	Trust me		ゆよゆっぺ	ゆよゆっぺ	ゆよゆっぺ	ゆよゆっぺ	安部菜々、本田未央、北条加蓮、鷹富士茄子、鷺沢文香、一ノ瀬志希、佐久間まゆ、南条光、喜多日菜子	unit	cg			imasdb-d4400008e9f3			unmatched	
cg_tulip	Tulip	Tulip		森由里子	森由里子	石濱翔(MONACA)	石濱翔(MONACA)	LiPPS(速水奏、塩見周子、城ヶ崎美嘉、宮本フレデリカ、一ノ瀬志希)	unit	cg			imasdb-802356e626cd			unmatched	
cg_tulip_-taku_inoue_remix-	Tulip -TAKU INOUE Remix-	Tulip	TAKU INOUE Remix	森由里子	森由里子	石濱翔[MONACA]	石濱翔[MONACA]	LiPPS(速水奏、塩見周子、城ヶ崎美嘉、宮本フレデリカ、一ノ瀬志希)	unit	cg	cg_tulip	1	imasdb-9c01581abf19			unmatched	
cg_twilight_sky	Twilight Sky	Twilight Sky		BNSI(渡辺量)	渡辺量	BNSI(渡辺量)	渡辺量	多田李衣菜	solo	cg			imasdb-2a328c066f4f			unmatched	
cg_twilight_sky_for_rika_rearrange_mix	Twilight Sky 〜For Rika Rearrange MIX〜	Twilight Sky 〜For Rika Rearrange MIX〜		BNSI(渡辺量)	渡辺量	BNSI(渡辺量)	渡辺量	城ヶ崎莉嘉	solo	cg	cg_twilight_sky		imasdb-c1e8fd6ad768			unmatched	
cg_twinくるっテール	Twin☆くるっ★テール	Twin☆くるっ★テール		八城雄太	八城雄太	内海孝彰(TRYTONELABO)	内海孝彰(TRYTONELABO)	ファミリアツイン(城ヶ崎美嘉、城ヶ崎莉嘉)	unit	cg			imasdb-d91672512327			unmatched	
cg_uniqu3_voices	UNIQU3 VOICES!!!	UNIQU3 VOICES!!!		アオワイファイ	アオワイファイ	アオワイファイ/Len	アオワイファイ/Len	#UNICUS(辻野あかり、砂塚あきら、夢見りあむ)	unit	cg			imasdb-1cb449b15598			unmatched	
cg_unlock_starbeat	Unlock Starbeat	Unlock Starbeat		磯谷佳江	磯谷佳江	IMAJO	IMAJO	神崎蘭子、白雪千夜、多田李衣菜、五十嵐響子、星輝子	unit	cg			imasdb-b90684dccf18			unmatched	
cg_vast_world	Vast world	Vast world		eNu	eNu	設楽哲也	設楽哲也	緒方智絵里、白坂小梅、堀裕子、双葉杏、諸星きらり	unit	cg			imasdb-a2e5e82b4e26			unmatched	
cg_virgin_love	Virgin Love	Virgin Love		磯谷佳江	磯谷佳江	小野貴光	小野貴光	ノーティギャルズ(向井拓海×藤本里奈、金子真由美))	unit	cg			imasdb-5faeefc72243			unmatched	
cg_voyage	Voyage	Voyage		朝倉路	朝倉路	滝澤俊輔(TRYTONELABO)	滝澤俊輔(TRYTONELABO)	新田美波	solo	cg			imasdb-4c475a42eefa			unmatched	
cg_we_wish_your_smile	We wish your smile	We wish your smile		鶴﨑輝一	鶴﨑輝一	鶴﨑輝一	鶴﨑輝一	メリー・ベル(望月聖、イヴ・サンタクロース)	unit	cg			imasdb-061d57163ba2			unmatched	
cg_were_the_friends	We're the friends!	We're the friends!		森由里子	森由里子	藤末樹	藤末樹	THE IDOLM@STER CINDERELLA GIRLS!!、鷺沢文香、高垣楓、安部菜々、緒方智絵里、島村卯月、本田未央、姫川友紀、高森藍子	all	cg			imasdb-b2b5b0b26fd2			unmatched	
cg_wet	WET	WET		只野菜摘	只野菜摘	帆足圭吾(MONACA)、永谷喬夫	帆足圭吾(MONACA);永谷喬夫	星輝子	solo	cg			imasdb-ab4db816f4b2			unmatched	
cg_white_again	White again	White again		eNu	eNu	橋本由香利	橋本由香利	小早川紗枝、櫻井桃華、島村卯月	unit	cg			imasdb-406f16d2b220			unmatched	
cg_winter_and_window	WINTER and WINDOW	WINTER and WINDOW		只野菜摘	只野菜摘	坂部剛	坂部剛	イヴ・サンタクロース、一ノ瀬志希、高森藍子、高垣楓、久川颯	unit	cg			imasdb-0e79cea70c8a			unmatched	
cg_wish_you_happiness	Wish you Happiness!!	Wish you Happiness!!		宮崎誠	宮崎誠	宮崎誠	宮崎誠	安部菜々、新田美波、小早川紗枝、塩見周子、浜口あやめ、ナターリア、辻野あかり	unit	cg			imasdb-e5c58ebd58c7			unmatched	
cg_with_love	With Love	With Love		絵伊子	絵伊子	渡部チェル	渡部チェル	Love Yell(五十嵐響子、乙倉悠貴、水本ゆかり、諸星きらり、姫川友紀)	unit	cg			imasdb-5cdd1032eb36			unmatched	
cg_wonder_goes_on	Wonder goes on!!	Wonder goes on!!		磯谷佳江	磯谷佳江	小野貴光	小野貴光	*(Asterisk)(前川みく)	solo	cg			imasdb-9f57ab9e37a3			unmatched	
cg_yes_party_time	Yes! Party Time!!	Yes! Party Time!!		俊龍	俊龍	俊龍	俊龍	島村卯月、渋谷凛、本田未央、赤城みりあ、安部菜々	unit	cg			imasdb-fac1f8d0dd5a			unmatched	
cg_youre_stars_shine_on_me	You're stars shine on me	You're stars shine on me		貝田由里子	貝田由里子	BNSI(小林啓樹)	小林啓樹	アナスタシア	solo	cg			imasdb-bdf3ef21e974			unmatched	
cg_youre_stars_shine_on_me_for_miku_rearrange_mix	You're stars shine on me 〜For Miku Rearrange MIX〜	You're stars shine on me 〜For Miku Rearrange MIX〜		貝田由里子	貝田由里子	BNSI(小林啓樹)	小林啓樹	前川みく	solo	cg	cg_youre_stars_shine_on_me		imasdb-e94d0bca6c2b			unmatched	
cg_øωøver	ØωØver!!	ØωØver!!		前川みく(高森奈津美)、多田李衣菜(青木瑠璃子)	前川みく(高森奈津美);多田李衣菜(青木瑠璃子)	小野貴光	小野貴光	デレパジ	unit	cg			imasdb-9a2b947c0f64			unmatched	
cg_øωøver_-heart_beat_version-	ØωØver!! -Heart Beat Version-	ØωØver!!	Heart Beat Version	前川みく(高森奈津美)、多田李衣菜(青木瑠璃子)	前川みく(高森奈津美);多田李衣菜(青木瑠璃子)	小野貴光	小野貴光	デレパジ	unit	cg		1	imasdb-7f0e947db78a			unmatched	
cg_《town》	《TOWN》	《TOWN》							cover	cg			imasdb-76f92ba36c98			unmatched	
cg_あいくるしい	あいくるしい	あいくるしい		田村歩美	田村歩美	田村歩美	田村歩美	佐久間まゆ	solo	cg			imasdb-b9f429e29e60			unmatched	
cg_あいくるしい_for_ss3a_rearrange_mix	あいくるしい 〜For SS3A rearrange Mix〜	あいくるしい 〜For SS3A rearrange Mix〜		田村歩美	田村歩美	田村歩美	田村歩美	関裕美、森久保乃々	unit	cg	cg_あいくるしい		imasdb-f7d85aa7ca28			unmatched	
cg_あこがれステッチ	あこがれステッチ	あこがれステッチ		磯谷佳江	磯谷佳江	小野貴光	小野貴光	佐々木千枝	solo	cg			imasdb-237af6cbc5c2			unmatched	
cg_あの子が街に来なサンタ	あの子が街に来なサンタ	あの子が街に来なサンタ		七条レタス (IOSYS)	七条レタス (IOSYS)	D.watt (IOSYS)	D.watt (IOSYS)	イヴ・サンタクロース	solo	cg			imasdb-6d4e40366cf5			unmatched	
cg_あらかねの器	あらかねの器	あらかねの器		森由里子	森由里子	椎名豪	椎名豪	藤原肇	solo	cg			imasdb-e3a97098cc24			unmatched	
cg_あんきら狂騒曲	あんきら!?狂騒曲	あんきら!?狂騒曲		ヒゲドライバー	ヒゲドライバー	ヒゲドライバー	ヒゲドライバー	HappyHappyTwin(双葉杏、諸星きらり)	unit	cg			imasdb-ad67ddc34a1b			unmatched	
cg_あんずのうた	あんずのうた	あんずのうた		NBGI(八城雄太・佐藤貴文)	NBGI(八城雄太・佐藤貴文)	NBGI(佐藤貴文)	NBGI(佐藤貴文)	双葉杏	solo	cg			imasdb-2de293821c32			unmatched	
cg_あんずのうた_-ノるあんず2000_dj過重労働_remix-	あんずのうた -ノるあんず2000 (DJ過重労働) Remix-	あんずのうた	ノるあんず2000 (DJ過重労働) Remix	BNEI(八城雄太・佐藤貴文)	八城雄太;佐藤貴文	BNEI(佐藤貴文)	佐藤貴文	双葉杏	solo	cg	cg_あんずのうた	1	imasdb-6b22d656ee1b			unmatched	
cg_あんずのうた_for_kirari_rearrange_mix	あんずのうた 〜For Kirari Rearrange MIX〜	あんずのうた 〜For Kirari Rearrange MIX〜		BNEI(八城雄太・佐藤貴文)	八城雄太;佐藤貴文	BNSI(佐藤貴文)	佐藤貴文	諸星きらり	solo	cg	cg_あんずのうた		imasdb-0d7607a59612			unmatched	
cg_いとしーさー	いとしーさー♥	いとしーさー♥		fumi	fumi	田中秀和(MONACA)	田中秀和(MONACA)	輿水幸子、多田李衣菜、藤原肇、水本ゆかり、森久保乃々	unit	cg			imasdb-06379b40339b			unmatched	
cg_おおさか狂騒曲	おおさか!?狂騒曲	おおさか!?狂騒曲		ヒゲドライバー	ヒゲドライバー	ヒゲドライバー	ヒゲドライバー	難波笑美、椎名法子、前川みく	unit	cg			imasdb-9ee5bdf87705			unmatched	
cg_おかしな国のおかし屋さん	おかしな国のおかし屋さん	おかしな国のおかし屋さん		BNSI(Mitsu・佐藤貴文)	Mitsu;佐藤貴文	BNSI(佐藤貴文)	佐藤貴文	三村かな子	solo	cg			imasdb-9e49a19e78a0			unmatched	
cg_おねえちゃんデスコ	おねえちゃんデスコ	おねえちゃんデスコ		ササキトモコ	ササキトモコ	ササキトモコ	ササキトモコ	市原仁奈	solo	cg			imasdb-85fc7370ef4c			unmatched	
cg_おねだり_shall_we_	おねだり Shall We 〜?	おねだり Shall We 〜?		BNSI(佐藤貴文)	佐藤貴文	BNSI(佐藤貴文)	佐藤貴文	前川みく	solo	cg			imasdb-4b699e8464d2			unmatched	
cg_おねだり_shall_we_-for_kanako_rearrange_mix-	おねだり Shall We 〜? -For Kanako rearrange MIX-	おねだり Shall We 〜?	For Kanako rearrange MIX	BNSI(佐藤貴文)	佐藤貴文	BNSI(佐藤貴文)	佐藤貴文	三村かな子	solo	cg	cg_おねだり_shall_we_	1	imasdb-0ea2b2eedca2			unmatched	
cg_おめざめめーめー	おめざめめーめー	おめざめめーめー		八城雄太	八城雄太	宮崎まゆ(SUPA LOVE)	宮崎まゆ(SUPA LOVE)	遊佐こずえ	solo	cg			imasdb-069156b6405c			unmatched	
cg_おんなの道は星の道	おんなの道は星の道	おんなの道は星の道		田村武也	田村武也	弦哲也	弦哲也	村上巴	solo	cg			imasdb-f8506f30da11			unmatched	
cg_お散歩カメラ	お散歩カメラ	お散歩カメラ		イズミカワソラ	イズミカワソラ	イズミカワソラ	イズミカワソラ	高森藍子	solo	cg			imasdb-ef6b477d37de			unmatched	
cg_お願いシンデレラ	お願い!シンデレラ	お願い!シンデレラ		marhy	marhy	BNSI(内田哲也)	内田哲也	CINDERELLA PROJECT	all	cg			imasdb-ae735cd2a575			unmatched	
cg_お願いシンデレラ_-_しんげきremix_-	お願い!シンデレラ - しんげきRemix -	お願い!シンデレラ	しんげきRemix	marhy	marhy	BNSI(内田哲也)	内田哲也	島村卯月、小日向美穂	unit	cg	cg_お願いシンデレラ	1	imasdb-bea76f56b43c			unmatched	
cg_お願いシンデレラ_-jazz_rearrange_mix-	お願い!シンデレラ -JAZZ Rearrange Mix-	お願い!シンデレラ	JAZZ Rearrange Mix	marhy	marhy	NBSI〈内田哲也〉	NBSI〈内田哲也〉	島村卯月、渋谷凛、本田未央	unit	cg	cg_お願いシンデレラ	1	imasdb-c6981f733ceb			unmatched	
cg_お願いシンデレラ_-山本真央樹_remix-	お願い!シンデレラ -山本真央樹 Remix-	お願い!シンデレラ	山本真央樹 Remix	marhy	marhy	NBSI(内田哲也)	NBSI(内田哲也)	CINDERELLA PROJECT	all	cg	cg_お願いシンデレラ	1	imasdb-14914b7573a7			unmatched	
cg_お願いシンデレラ_ゴージャストロピカル_ver	お願い!シンデレラ 〜ゴージャス・トロピカル Ver.〜	お願い!シンデレラ 〜ゴージャス・トロピカル Ver.〜		marhy	marhy	BNSI(内田哲也)	内田哲也	島村卯月、遊佐こずえ、早坂美玲、黒埼ちとせ、白雪千夜、佐城雪美、結城晴、久川颯、小関麗奈、的場梨沙、ナターリア、村上巴、南条光、夢見りあむ、久川凪	unit	cg	cg_お願いシンデレラ		imasdb-263968b56d77			unmatched	
cg_お願いシンデレラハピハピver	お願い!シンデレラ(ハピ☆ハピVer.)	お願い!シンデレラ	ハピ☆ハピVer.	marhy	marhy	NBSI(内田哲也)	NBSI(内田哲也)	CINDERELLA GIRLS for あんきら、双葉杏	solo	cg	cg_お願いシンデレラ	1	imasdb-e244e45b32e4			unmatched	
cg_かぼちゃ姫	かぼちゃ姫	かぼちゃ姫		ササキトモコ	ササキトモコ	ササキトモコ	ササキトモコ	白坂小梅、久川凪、関裕美、森久保乃々、椎名法子	unit	cg			imasdb-cf91fe8737f8			unmatched	
cg_がおちゅーさふぁりぱーく	がおちゅー♪さふぁりぱーく!	がおちゅー♪さふぁりぱーく!		八城雄太	八城雄太	山崎真吾 (SUPA LOVE)	山崎真吾 (SUPA LOVE)	がおがおわんだぁ(市原仁奈、三船美優、及川雫、向井拓海)	unit	cg			imasdb-a3fcd8e2301e			unmatched	
cg_きまぐれcafe_au_lait	き・ま・ぐ・れ☆Cafe au lait!	き・ま・ぐ・れ☆Cafe au lait!		BNSI(Mitsu)	Mitsu	BNSI(Yoshi)	Yoshi	宮本フレデリカ	solo	cg			imasdb-5bee9c5a2700			unmatched	
cg_きみにいっぱい	きみにいっぱい☆	きみにいっぱい☆		Apis[TRYTONELABO]	Apis[TRYTONELABO]	滝澤俊輔[TRYTONELABO]	滝澤俊輔[TRYTONELABO]	姫川友紀、市原仁奈、片桐早苗、大槻唯、相葉夕美	unit	cg			imasdb-772cbbe57783			unmatched	
cg_きゅんきゅんまっくす	きゅん・きゅん・まっくす	きゅん・きゅん・まっくす		坂井竜二	坂井竜二	BNSI(kyo)	kyo	一ノ瀬志希、乙倉悠貴、椎名法子、前川みく、棟方愛海	unit	cg			imasdb-d7ff00cd3915			unmatched	
cg_きらりんロボのテーマ	きらりんロボのテーマ	きらりんロボのテーマ		YOFFY(PSYCHIC LOVER)	YOFFY(PSYCHIC LOVER)	YOFFY(PSYCHIC LOVER)	YOFFY(PSYCHIC LOVER)	諸星きらり	solo	cg			imasdb-5373061546af			unmatched	
cg_こいかぜ	こいかぜ	こいかぜ		貝田由里子	貝田由里子	BNSI(椎名豪)	椎名豪	高垣楓	solo	cg			imasdb-434d6f4dcbd6			unmatched	
cg_こいかぜ_-night_wind_remix-	こいかぜ -Night Wind Remix-	こいかぜ	Night Wind Remix	貝田由里子	貝田由里子	BNEI(椎名豪)	椎名豪	鷺沢文香	solo	cg	cg_こいかぜ	1	imasdb-ad5a8ceae807			unmatched	
cg_こいかぜ_ー序章ー	こいかぜ ー序章ー	こいかぜ ー序章ー		-	-	椎名豪	椎名豪	高垣楓	solo	cg			imasdb-3941b713679b			unmatched	
cg_こいかぜ_ー紺碧ー	こいかぜ ー紺碧ー	こいかぜ ー紺碧ー		貝田由里子	貝田由里子	BNEI(椎名豪)	椎名豪	高垣楓	solo	cg			imasdb-9d5edc19b88c			unmatched	
cg_こいかぜ_ー花葉ー	こいかぜ ー花葉ー	こいかぜ ー花葉ー		貝田由里子	貝田由里子	椎名豪	椎名豪	高垣楓	solo	cg			imasdb-b33e997e52cf			unmatched	
cg_この恋の解を答えなさい	この恋の解を答えなさい	この恋の解を答えなさい		鶴﨑輝一	鶴﨑輝一	鶴﨑輝一	鶴﨑輝一	久川颯、高森藍子、夢見りあむ、神崎蘭子、大石泉	unit	cg			imasdb-331bda92cfa0			unmatched	
cg_この空の下	この空の下	この空の下		Funta3	Funta3	Funta7	Funta7	LOVE LAIKA(新田美波)	solo	cg			imasdb-6041381ad014			unmatched	
cg_さいきっくうぉんちゅー	さいきっく☆うぉんちゅー!	さいきっく☆うぉんちゅー!		アオワイファイ	アオワイファイ	アオワイファイ	アオワイファイ	堀裕子	solo	cg			imasdb-64063a5cf92d			unmatched	
cg_ささのはにうたかたに	ささのはに、うたかたに。	ささのはに、うたかたに。		ウツミタカアキ	ウツミタカアキ	ウツミタカアキ	ウツミタカアキ	夕星灯(鷺沢文香、佐城雪美、鷹富士茄子、小早川紗枝、藤原肇)	unit	cg			imasdb-4401b1c08d62			unmatched	
cg_さやけき花の生命に	さやけき花の生命に	さやけき花の生命に		八城雄太	八城雄太	滝澤俊輔(TRYTONELABO)	滝澤俊輔(TRYTONELABO)	フィオレンティナ(西園寺琴歌、相葉夕美)	unit	cg			imasdb-3e7595481c30			unmatched	
cg_さよならアロハ	さよならアロハ	さよならアロハ		宮崎誠	宮崎誠	宮崎誠	宮崎誠	木村夏樹、十時愛梨、中野有香、藤本里奈、宮本フレデリカ	unit	cg			imasdb-93e2605a0ef0			unmatched	
cg_さよならアンドロメダ	さよならアンドロメダ	さよならアンドロメダ		BNSI(MCTC)	MCTC	BNSI(Taku Inoue)	Taku Inoue	渋谷凛、森久保乃々、大和亜季	unit	cg			imasdb-1ef6bf0abb19			unmatched	
cg_しゅがーはぁとレボリューション	しゅがーはぁと☆レボリューション	しゅがーはぁと☆レボリューション		八城雄太	八城雄太	山崎真吾	山崎真吾	佐藤心	solo	cg			imasdb-5dc1eed869bd			unmatched	
cg_ずるじゃん	ずるじゃん	ずるじゃん		八城雄太	八城雄太	睦月周平	睦月周平	乙倉悠貴	solo	cg			imasdb-ff9009769cbe			unmatched	
cg_そのままで	そのままで	そのままで		藤田麻衣子	藤田麻衣子	藤田麻衣子	藤田麻衣子	安部菜々	solo	cg			imasdb-d33be4b6cfff			unmatched	
cg_たくさん	たくさん!	たくさん!		佐伯youthK	佐伯youthK	佐伯youthK	佐伯youthK	アナスタシア	solo	cg			imasdb-eeeb9813c2e9			unmatched	
cg_つぼみ	つぼみ	つぼみ		桜アス恵	桜アス恵	滝澤俊輔(TRYTONELABO)	滝澤俊輔(TRYTONELABO)	THE IDOLM@STER CINDERELLA GIRLS for BEST5!(塩見周子、前川みく、高垣楓、相葉夕美、一ノ瀬志希)	all	cg			imasdb-efe28992e915			unmatched	
cg_つぼみ_-djtekinasomething_aka_ゆよゆっぺ_remix-	つぼみ -DJ'TEKINA//SOMETHING a.k.a ゆよゆっぺ Remix-	つぼみ	DJ'TEKINA//SOMETHING a.k.a ゆよゆっぺ Remix	桜アス恵	桜アス恵	滝澤俊輔(TRYTONELABO)	滝澤俊輔(TRYTONELABO)	THE IDOLM@STER CINDERELLA GIRLS for BEST5!(塩見周子、前川みく、高垣楓、相葉夕美、一ノ瀬志希)	all	cg	cg_つぼみ	1	imasdb-42ed2c117e42			unmatched	
cg_できたてevo_revo_generation	できたてEvo! Revo! Generation!	できたてEvo! Revo! Generation!		三重野瞳	三重野瞳	BNSI(kyo)	kyo	new generations(島村卯月)	solo	cg			imasdb-e4dace17dedd			unmatched	
cg_とくとく_とく	とくとく...... とく......	とくとく...... とく......		森本練	森本練	森本練	森本練	佐城雪美	solo	cg			imasdb-53f563b699dd			unmatched	
cg_とどけアイドル	とどけ!アイドル	とどけ!アイドル		marhy	marhy	BNSI(内田哲也)	内田哲也	島村卯月、渋谷凛、本田未央、双葉杏、諸星きらり	unit	cg			imasdb-5ee175ed54ef			unmatched	
cg_とどけアイドル_-_しんげきremix_-	とどけ!アイドル - しんげきRemix -	とどけ!アイドル	しんげきRemix	marhy	marhy	BNSI(内田哲也)	内田哲也	本田未央、諸星きらり	unit	cg	cg_とどけアイドル	1	imasdb-cc5b2fec64bb			unmatched	
cg_とんでいっちゃいたいの	とんでいっちゃいたいの	とんでいっちゃいたいの		佐伯youthK	佐伯youthK	佐伯youthK	佐伯youthK	一ノ瀬志希、三村かな子、宮本フレデリカ	unit	cg			imasdb-4e635b9d8aed			unmatched	
cg_なつっこ音頭	なつっこ音頭	なつっこ音頭		三浦誠司	三浦誠司	岡野裕次郎(TRYTONELABO)	岡野裕次郎(TRYTONELABO)	赤城みりあ、城ヶ崎莉嘉、橘ありす、結城晴、龍崎薫	unit	cg			imasdb-89abf9e19bfd			unmatched	
cg_なみだのくに	なみだのくに	なみだのくに		烏屋茶房	烏屋茶房	烏屋茶房	烏屋茶房	森久保乃々	solo	cg			imasdb-a30c6d6c0fd0			unmatched	
cg_にょわにょわーるど	にょわにょわーるど☆	にょわにょわーるど☆		夕野ヨシミ(IOSYS)	夕野ヨシミ(IOSYS)	ARM(IOSYS)	ARM(IOSYS)	諸星きらり	solo	cg			imasdb-ec1b64b0a451			unmatched	
cg_にんぎょひめ練習中	にんぎょひめ練習中!	にんぎょひめ練習中!		八城雄太	八城雄太	俊龍	俊龍	浅利七海	solo	cg			imasdb-b41009c5a7f1			unmatched	
cg_はにかみdays	はにかみdays	はにかみdays		森由里子	森由里子	滝澤俊輔(TRYTONELABO)	滝澤俊輔(TRYTONELABO)	島村卯月	solo	cg			imasdb-598da54f10d3			unmatched	
cg_ひだまりの中で	ひだまりの中で	ひだまりの中で		渡部紫緒	渡部紫緒	坂部剛	坂部剛	小日向美穂	solo	cg			imasdb-7f36837fffe4			unmatched	
cg_ひまわりマークをさがせ	ひまわりマークをさがせ!	ひまわりマークをさがせ!		高瀬愛虹	高瀬愛虹	渡部チェル	渡部チェル	龍崎薫	solo	cg			imasdb-b9d08bacf63f			unmatched	
cg_ぴにゃこら太絵かき歌	ぴにゃこら太絵かき歌	ぴにゃこら太絵かき歌		Cygames	Cygames	滝澤俊輔(TRYTONELABO)	滝澤俊輔(TRYTONELABO)	島村卯月	solo	cg			imasdb-4061d133460f			unmatched	
cg_ほほえみdiary	ほほえみDiary	ほほえみDiary		Mitsu(TRYTONELABO)	Mitsu(TRYTONELABO)	大岩航(TRYTONELABO)	大岩航(TRYTONELABO)	インディゴ・ベル(高森藍子、道明寺歌鈴)	unit	cg			imasdb-7a128828beed			unmatched	
cg_ましゅまろキッス	ましゅまろ☆キッス	ましゅまろ☆キッス		BNSI(トリ音)	トリ音	BNSI(トリ音)	トリ音	諸星きらり	solo	cg			imasdb-d9ceda4043b0			unmatched	
cg_ましゅまろキッス_-for_riina_rearrange_mix-	ましゅまろ☆キッス -For Riina rearrange MIX-	ましゅまろ☆キッス	For Riina rearrange MIX	BNSI(トリ音)	トリ音	BNSI(トリ音)	トリ音	多田李衣菜	solo	cg	cg_ましゅまろキッス	1	imasdb-7339dcdb892c			unmatched	
cg_まほうのまくら	まほうのまくら	まほうのまくら		山本真央樹(TRYTONELABO)	山本真央樹(TRYTONELABO)	山本真央樹(TRYTONELABO)	山本真央樹(TRYTONELABO)	ららりる(遊佐こずえ、双葉杏)	unit	cg			imasdb-987e4081cd58			unmatched	
cg_みなぎれボボボンバー	みなぎれ!ボボボンバー	みなぎれ!ボボボンバー		狐夢想(COOL&CREATE)	狐夢想(COOL&CREATE)	ARM(IOSYS)	ARM(IOSYS)	日野茜	solo	cg			imasdb-4a9427578361			unmatched	
cg_みんなのきもち	みんなのきもち	みんなのきもち		BNSI(佐藤貴文)	佐藤貴文	BNSI(佐藤貴文)	佐藤貴文	市原仁奈	solo	cg			imasdb-e1d31aa86754			unmatched	
cg_もしもカワイイが世界からなくなっても	もしも「カワイイ」が世界からなくなっても	もしも「カワイイ」が世界からなくなっても		八城雄太	八城雄太	篠崎あやと	篠崎あやと	カワスウィーティーなボクはぁと(仮)(輿水幸子、佐藤心)	unit	cg			imasdb-6f29bfbe4c0a			unmatched	
cg_もりのくにから	もりのくにから	もりのくにから		fumi	fumi	帆足圭吾(MONACA)	帆足圭吾(MONACA)	森久保乃々	solo	cg			imasdb-fc1ee3b6679d			unmatched	
cg_よりみちリトルスター	よりみちリトルスター	よりみちリトルスター		朝倉路	朝倉路	渡部チェル	渡部チェル	U149(橘ありす、櫻井桃華、赤城みりあ、的場梨沙、結城晴、佐々木千枝、龍崎薫、市原仁奈、古賀小春)	unit	cg			imasdb-cf6598328cf2			unmatched	
cg_わたぐも	わたぐも	わたぐも		Manami	Manami	Asu	Asu	赤城みりあ	solo	cg			imasdb-c548806b5a46			unmatched	
cg_アイムアリトルプリンセス_お星さまにお願い	アイム・ア・リトル・プリンセス 〜お星さまにお願い〜	アイム・ア・リトル・プリンセス 〜お星さまにお願い〜		朝倉路	朝倉路	渡部チェル	渡部チェル	古賀小春	solo	cg			imasdb-981fd9173416			unmatched	
cg_アタシガルール	アタシガルール	アタシガルール		鶴﨑輝一	鶴﨑輝一	鶴﨑輝一	鶴﨑輝一	桐生つかさ	solo	cg			imasdb-5355682220d8			unmatched	
cg_アタシポンコツアンドロイド	アタシポンコツアンドロイド	アタシポンコツアンドロイド		ササキトモコ	ササキトモコ	ササキトモコ	ササキトモコ	双葉杏、前川みく、島村卯月、小日向美穂、安部菜々	unit	cg			imasdb-73807793bde8			unmatched	
cg_アタシポンコツアンドロイド_-北谷光浩_remix-	アタシポンコツアンドロイド -北谷光浩 Remix-	アタシポンコツアンドロイド	北谷光浩 Remix	ササキトモコ	ササキトモコ	ササキトモコ	ササキトモコ	双葉杏、前川みく、島村卯月、小日向美穂、安部菜々	unit	cg	cg_アタシポンコツアンドロイド	1	imasdb-38d7d93acf38			unmatched	
cg_アッパレmaharajapaaan	アッパレ♪Mahara★Japaaan!	アッパレ♪Mahara★Japaaan!		fumi	fumi	小野貴光	小野貴光	セクシーギルティ(堀裕子、片桐早苗、及川雫)	unit	cg			imasdb-6c31172aeb76			unmatched	
cg_アップルパイプリンセス	アップルパイ・プリンセス	アップルパイ・プリンセス		NBSI(MC TC、おおくぼひろし)	NBSI(MC TC、おおくぼひろし)	NBSI(おおくぼひろし)	NBSI(おおくぼひろし)	十時愛梨	solo	cg			imasdb-d31adc56f36f			unmatched	
cg_アツアツマカロニグラタン	アツアツ♪マカロニグラタン	アツアツ♪マカロニグラタン		ヒゲドライバー	ヒゲドライバー	ヒゲドライバー	ヒゲドライバー	五十嵐響子	solo	cg			imasdb-26f0316349ce			unmatched	
cg_アンデッドダンスロック	アンデッド・ダンスロック	アンデッド・ダンスロック		広川恵一(MONACA)	広川恵一(MONACA)	広川恵一(MONACA)	広川恵一(MONACA)	エルドリッチ・ロアテラー(松永涼、白坂小梅)	unit	cg			imasdb-f0e01244340c			unmatched	
cg_イケナイgo_ahead	イケナイGO AHEAD	イケナイGO AHEAD		只野菜摘	只野菜摘	やいり	やいり	櫻井桃華、橘ありす、村上巴	unit	cg			imasdb-9be06d3ef611			unmatched	
cg_イリュージョニスタ	イリュージョニスタ!	イリュージョニスタ!		八城雄太	八城雄太	田中秀和(MONACA)	田中秀和(MONACA)	本田未央、佐久間まゆ、鷺沢文香、輿水幸子、新田美波	unit	cg			imasdb-113880d5bad5			unmatched	
cg_イーリャンサンキュー	イーリャンサンキュー	イーリャンサンキュー		出口遼	出口遼	出口遼	出口遼	天真飯店(中野有香、三村かな子、大和亜季、前川みく、久川凪)	unit	cg			imasdb-bb63718d22bc			unmatched	
cg_エチュードは1曲だけ	エチュードは1曲だけ	エチュードは1曲だけ		俊龍	俊龍	俊龍	俊龍	渋谷凛、上条春菜、神谷奈緒、神崎蘭子、三船美優	unit	cg			imasdb-7e6aef08490a			unmatched	
cg_エヴリデイドリーム	エヴリデイドリーム	エヴリデイドリーム		BNSI(八城雄太)	八城雄太	滝澤俊輔(Try Tone Labo)	滝澤俊輔(Try Tone Labo)	佐久間まゆ	solo	cg			imasdb-d330c718a319			unmatched	
cg_オウムアムアに幸運を	オウムアムアに幸運を	オウムアムアに幸運を		広川恵一(MONACA)	広川恵一(MONACA)	広川恵一(MONACA)	広川恵一(MONACA)	一ノ瀬志希、神谷奈緒、黒埼ちとせ、佐藤心、的場梨沙	unit	cg			imasdb-ff7db02cb353			unmatched	
cg_オタク_is_love	オタク is LOVE!	オタク is LOVE!		ヒゲドライバー	ヒゲドライバー	ヒゲドライバー	ヒゲドライバー	虹色ドリーマー(荒木比奈、神谷奈緒、安部菜々)	unit	cg			imasdb-fa779b135259			unmatched	
cg_オトメゴコロ更新中	オトメゴコロ更新中	オトメゴコロ更新中		やぎぬまかな	やぎぬまかな	ヒゲドライバー	ヒゲドライバー	ハートリット(辻野あかり、関裕美)	unit	cg			imasdb-b7a1be0982d2			unmatched	
cg_オヤマトペ	オヤマトペ♪	オヤマトペ♪		fumi	fumi	大岩航(TRYTONELABO)	大岩航(TRYTONELABO)	棟方愛海	solo	cg			imasdb-a67e07eb741b			unmatched	
cg_オルゴールの小箱	オルゴールの小箱	オルゴールの小箱		森由里子	森由里子	高橋浩平	高橋浩平	川島瑞樹、白坂小梅、アナスタシア、神谷奈緒、北条加蓮	unit	cg			imasdb-b624d03b4810			unmatched	
cg_オレンジタイム	オレンジタイム	オレンジタイム		広川恵一(MONACA)	広川恵一(MONACA)	広川恵一(MONACA)	広川恵一(MONACA)	142's(輿水幸子、白坂小梅、星輝子)	unit	cg			imasdb-1f752fed0c39			unmatched	
cg_ガールズインザフロンティア	ガールズ・イン・ザ・フロンティア	ガールズ・イン・ザ・フロンティア		八城雄太	八城雄太	設楽哲也	設楽哲也	渋谷凛、早坂美玲、木村夏樹、小日向美穂、塩見周子	unit	cg			imasdb-32043f30fb9d			unmatched	
cg_キセキの証	キセキの証	キセキの証		渡部紫緒	渡部紫緒	坂部剛	坂部剛	鷺沢文香、一ノ瀬志希、神谷奈緒、高森藍子、佐久間まゆ	unit	cg			imasdb-d6a9cf294a42			unmatched	
cg_キミのそばでずっと	キミのそばでずっと	キミのそばでずっと		荘野ジュリ	荘野ジュリ	坪田修平(TRYTONELABO)	坪田修平(TRYTONELABO)	THE IDOLM@STER CINDERELLA GIRLS for BEST5!(島村卯月、高垣楓、三船美優、森久保乃々、依田芳乃)	all	cg			imasdb-afbd7d797387			unmatched	
cg_キラッ満開スマイル	キラッ!満開スマイル	キラッ!満開スマイル		ササキトモコ	ササキトモコ	ササキトモコ	ササキトモコ	島村卯月、小日向美穂、佐久間まゆ、櫻井桃華、双葉杏	unit	cg			imasdb-8357b592aeda			unmatched	
cg_キラメキ	キラメキ☆	キラメキ☆		高瀬愛虹	高瀬愛虹	渡部チェル	渡部チェル	U149(橘ありす、櫻井桃華、赤城みりあ、的場梨沙、結城晴、佐々木千枝、龍崎薫、市原仁奈、古賀小春)	unit	cg			imasdb-54263799e46e			unmatched	
cg_ギュっとmilky_way	ギュっとMilky Way	ギュっとMilky Way		高瀬愛虹	高瀬愛虹	渡部チェル	渡部チェル	ドリームアウェイ(佐久間まゆ、喜多日菜子)	unit	cg			imasdb-eb9a9423b32f			unmatched	
cg_ギョーてんしーわーるど	ギョーてん!しーわーるど!	ギョーてん!しーわーるど!		宮崎誠	宮崎誠	宮崎誠	宮崎誠	まりんぱ(浅利七海、前川みく、市原仁奈、棟方愛海、龍崎薫)	unit	cg			imasdb-5c611b0eedf9			unmatched	
cg_クレイジークレイジー	クレイジークレイジー	クレイジークレイジー		BNSI(MC TC)	MC TC	BNSI(Taku Inoue)	Taku Inoue	レイジー・レイジー(一ノ瀬志希、宮本フレデリカ)	unit	cg			imasdb-6f9a21b35330			unmatched	
cg_クロスオーバー	クロス×オーバー!	クロス×オーバー!		八城雄太、アオワイファイ	八城雄太;アオワイファイ	井上馨太(MONACA)	井上馨太(MONACA)	new generations(島村卯月、渋谷凛、本田未央、砂塚あきら、夢見りあむ)	unit	cg			imasdb-db8e02b0a9f6			unmatched	
cg_グッデイグッナイ	グッデイ・グッナイ	グッデイ・グッナイ		ヒゲドライバー	ヒゲドライバー	ヒゲドライバー	ヒゲドライバー	U149(橘ありす、櫻井桃華、赤城みりあ、的場梨沙、結城晴、佐々木千枝、龍崎薫、市原仁奈、古賀小春)	unit	cg			imasdb-c535456505f4			unmatched	
cg_ココカラミライヘ	ココカラミライヘ!	ココカラミライヘ!		遠藤フビト	遠藤フビト	滝澤俊輔(TRYTONELABO)	滝澤俊輔(TRYTONELABO)	十時愛梨、神崎蘭子、渋谷凛、塩見周子、島村卯月、高垣楓、安部菜々、本田未央、北条加蓮、鷺沢文香	unit	cg			imasdb-286cbbc06eef			unmatched	
cg_ゴキゲンparty_night	ゴキゲンParty Night	ゴキゲンParty Night		森由里子	森由里子	小野貴光	小野貴光	川島瑞樹、白坂小梅、アナスタシア、神谷奈緒、北条加蓮	unit	cg			imasdb-ed0f291629aa			unmatched	
cg_ゴキゲンparty_night_-dance_remix-	ゴキゲンParty Night -Dance!!!!!!!!!!!!!!! Remix-	ゴキゲンParty Night	Dance!!!!!!!!!!!!!!! Remix	森由里子	森由里子	小野貴光	小野貴光	アナスタシア、緒方智絵里、神谷奈緒、川島瑞樹、輿水幸子、小早川紗枝、佐久間まゆ、白坂小梅、高森藍子、十時愛梨、日野茜、北条加蓮、星輝子、堀裕子、三村かな子	unit	cg	cg_ゴキゲンparty_night	1	imasdb-684e1a95c513			unmatched	
cg_サイキックぱーりーないと	サイキック!ぱーりーないと☆	サイキック!ぱーりーないと☆		坂井竜二	坂井竜二	山崎真吾	山崎真吾	堀裕子	solo	cg			imasdb-eb234322b9b4			unmatched	
cg_サインオブホープ	サイン・オブ・ホープ	サイン・オブ・ホープ		烏屋茶房	烏屋茶房	烏屋茶房・篠崎あやと・橘亮祐	烏屋茶房;篠崎あやと;橘亮祐	南条光	solo	cg			imasdb-b18eb93d1566			unmatched	
cg_サニードロップ	サニードロップ	サニードロップ		磯谷佳江	磯谷佳江	seibin(ESTIMATE)	seibin(ESTIMATE)	大槻唯	solo	cg			imasdb-7ad35a9dd49e			unmatched	
cg_サマカニ	サマカニ!!	サマカニ!!		宮崎誠	宮崎誠	宮崎誠	宮崎誠	サマプリ(川島瑞樹、日野茜、堀裕子、上田鈴帆、難波笑美)	unit	cg			imasdb-813e9fb95ea4			unmatched	
cg_サマーサイダー	サマーサイダー	サマーサイダー		鶴﨑輝一	鶴﨑輝一	鶴﨑輝一	鶴﨑輝一	Sola-iris(久川颯、乙倉悠貴)	unit	cg			imasdb-dd3eea3596dc			unmatched	
cg_ショコラティアラ	ショコラ・ティアラ	ショコラ・ティアラ		古屋真	古屋真	BNSI(kyo)	kyo	三村かな子	solo	cg			imasdb-febd18aad7d8			unmatched	
cg_ショコラティアラ_-before_sunrise_remix-	ショコラ・ティアラ -Before Sunrise Remix-	ショコラ・ティアラ	Before Sunrise Remix	古屋真	古屋真	BNSI(kyo)	kyo	三村かな子	unit	cg	cg_ショコラティアラ	1	imasdb-808a80533ad8			unmatched	
cg_ショコラティアラ_for_miria_rearrange_mix	ショコラ・ティアラ 〜For Miria rearrange MIX〜	ショコラ・ティアラ 〜For Miria rearrange MIX〜		古屋真	古屋真	BNEI(kyo)	kyo	赤城みりあ	solo	cg	cg_ショコラティアラ		imasdb-6804fbfb30e0			unmatched	
cg_シンデレラno1	シンデレラNo.1	シンデレラNo.1		八城雄太	八城雄太	ヒゲドライバー	ヒゲドライバー	安部菜々、イヴ・サンタクロース、神崎蘭子	unit	cg			imasdb-b5fcda5dc3e9			unmatched	
cg_ジュビリー	ジュビリー	ジュビリー		TAKU INOUE	TAKU INOUE	TAKU INOUE	TAKU INOUE	星街すいせい、高垣楓	solo	cg			imasdb-43a4a987b6ed			unmatched	
cg_ススメオトメ_jewel_parade	ススメ☆オトメ 〜jewel parade〜	ススメ☆オトメ 〜jewel parade〜		森由里子	森由里子	田中秀和(MONACA)	田中秀和(MONACA)	渋谷凛、高垣楓、神崎蘭子、多田李衣菜、新田美波	unit	cg			imasdb-dd139bded5eb			unmatched	
cg_ススメオトメ_jewel_parade_-_しんげきremix_-	ススメ☆オトメ 〜jewel parade〜 - しんげきRemix -	ススメ☆オトメ 〜jewel parade〜	しんげきRemix	森由里子	森由里子	田中秀和(MONACA)	田中秀和(MONACA)	城ヶ崎美嘉、城ヶ崎莉嘉	unit	cg	cg_ススメオトメ_jewel_parade	1	imasdb-031e4c4d75b5			unmatched	
cg_ススメオトメ_jewel_parade_-blooming_floral_remix-	ススメ☆オトメ 〜jewel parade〜 -Blooming Floral Remix-	ススメ☆オトメ 〜jewel parade〜	Blooming Floral Remix	森由里子	森由里子	田中秀和(MONACA)	田中秀和(MONACA)	CINDERELLA PROJECT	all	cg	cg_ススメオトメ_jewel_parade	1	imasdb-5d6b7a5a8f7d			unmatched	
cg_スターライトステージ	スターライトステージ	スターライトステージ		八城雄太	八城雄太	IMAJO・睦月周平	IMAJO;睦月周平	諸星きらり、宮本フレデリカ、荒木比奈、的場梨沙、南条光	unit	cg			imasdb-b1b2ce0ae7e7			unmatched	
cg_ステップ	ステップ!	ステップ!		Manami[TRYTONELABO]	Manami[TRYTONELABO]	no_my	no_my	本田未央	solo	cg			imasdb-d508cf3e34ba			unmatched	
cg_ステップスキップ	ステップ&スキップ	ステップ&スキップ		朝倉路	朝倉路	石濱翔(MONACA)	石濱翔(MONACA)	ワンステップス(関裕美、白菊ほたる、森久保乃々)	unit	cg			imasdb-a363b2bdb8de			unmatched	
cg_ストリートランウェイ	ストリート・ランウェイ	ストリート・ランウェイ		烏屋茶房	烏屋茶房	石濱翔(MONACA)	石濱翔(MONACA)	ラピエサージュ(砂塚あきら、早坂美玲、堀裕子、多田李衣菜、二宮飛鳥)	unit	cg			imasdb-3e9823ffb9d1			unmatched	
cg_スバル	スバル	スバル		竹市佳伸	竹市佳伸	竹市佳伸、森本練	竹市佳伸;森本練	プロローグノーツ(大石泉、乙倉悠貴、多田李衣菜、水本ゆかり、神谷奈緒)	unit	cg			imasdb-8ffc267a8625			unmatched	
cg_スパイスパラダイス	スパイスパラダイス	スパイスパラダイス		宮崎誠	宮崎誠	宮崎誠	宮崎誠	ポジティブパッション(本田未央、日野茜、高森藍子)	unit	cg			imasdb-bb95261686ec			unmatched	
cg_スパイスパラダイス_カレーメシ_ver	スパイスパラダイス 〜カレーメシ ver.〜	スパイスパラダイス 〜カレーメシ ver.〜		宮崎誠	宮崎誠	宮崎誠	宮崎誠	ポジティブパッション(本田未央、日野茜、高森藍子)	unit	cg	cg_スパイスパラダイス		imasdb-3ed5486b7860			unmatched	
cg_スマイルファンタジー	スマイルファンタジー	スマイルファンタジー		TAKT (TRYTONELABO)	TAKT (TRYTONELABO)	TAKT (TRYTONELABO)	TAKT (TRYTONELABO)	\ゴライコー ! /(道明寺歌鈴、鷹富士茄子、城ヶ崎莉嘉、川島瑞樹、アナスタシア)	unit	cg			imasdb-c7b05cace43e			unmatched	
cg_スローライフファンタジー	スローライフ・ファンタジー	スローライフ・ファンタジー		八城雄太	八城雄太	田中秀和(MONACA)	田中秀和(MONACA)	双葉杏	solo	cg			imasdb-a8c33e69375e			unmatched	
cg_セレブレイトスターレイル	セレブレイト・スターレイル	セレブレイト・スターレイル		八城雄太	八城雄太	アオワイファイ	アオワイファイ	西園寺琴歌	solo	cg			imasdb-065f2addc665			unmatched	
cg_ゼロトゥワン	ゼロトゥワン!!	ゼロトゥワン!!		宮崎誠	宮崎誠	宮崎誠	宮崎誠	U149(橘ありす、櫻井桃華、赤城みりあ、的場梨沙、結城晴、佐々木千枝、龍崎薫、市原仁奈、古賀小春)	unit	cg			imasdb-feff564771d1			unmatched	
cg_ソウソウ	ソウソウ	ソウソウ		MCTC	MCTC	TAKU INOUE	TAKU INOUE	ナターリア	solo	cg			imasdb-5fb04b60212b			unmatched	
cg_ダイアモンドアテンション	ダイアモンド・アテンション	ダイアモンド・アテンション		eNu	eNu	設楽哲也	設楽哲也	喜多見柚、難波笑美、椎名法子、ナターリア、脇山珠美	unit	cg			imasdb-4c6dbabea00f			unmatched	
cg_ダンシングデッド	ダンシング・デッド	ダンシング・デッド		PandaBoY	PandaBoY	PandaBoY	PandaBoY	Fav+rica(及川雫、佐藤心、諸星きらり)	unit	cg			imasdb-2ac4f97a62bf			unmatched	
cg_チカライズぱわー	チカラ!イズ!ぱわー!!	チカラ!イズ!ぱわー!!		八城雄太	八城雄太	山崎真吾	山崎真吾	サイキックヒーツ(日野茜、堀裕子)	unit	cg			imasdb-5edcc793eb8f			unmatched	
cg_チョコレートレモネードどっち	チョコレート?レモネード?どっち??	チョコレート?レモネード?どっち??		北川勝利、藤村鼓乃美	北川勝利;藤村鼓乃美	北川勝利	北川勝利	乙倉悠貴、関裕美、白菊ほたる、早坂美玲、黒埼ちとせ	unit	cg			imasdb-daeb962783b6			unmatched	
cg_ツインテールの風	ツインテールの風	ツインテールの風		森由里子	森由里子	滝澤俊輔(TRYTONELABO)	滝澤俊輔(TRYTONELABO)	小日向美穂、城ヶ崎美嘉、速水奏	unit	cg			imasdb-9c8e67976d8e			unmatched	
cg_トキメキは赤くて甘い	トキメキは赤くて甘い	トキメキは赤くて甘い		烏屋茶房	烏屋茶房	烏屋茶房	烏屋茶房	辻野あかり	solo	cg			imasdb-6a4c81426946			unmatched	
cg_トロピカルガール	トロピカルガール	トロピカルガール		磯谷佳江	磯谷佳江	小野貴光	小野貴光	夢見りあむ、乙倉悠貴、姫川友紀、三村かな子、難波笑美	unit	cg			imasdb-7a3226783dd8			unmatched	
cg_ドレミファクトリー	ドレミファクトリー!	ドレミファクトリー!		俊龍	俊龍	俊龍	俊龍	櫻井桃華、佐々木千枝、橘ありす、結城晴、龍崎薫	unit	cg			imasdb-167cdf9d4143			unmatched	
cg_ニャンとスペクタクル	ニャンと☆スペクタクル	ニャンと☆スペクタクル		ミト	ミト	ミト	ミト	前川みく	solo	cg			imasdb-4468fa1dcfaa			unmatched	
cg_ネコドルオーバーザワールド	ネコドル☆オーバー・ザ・ワールド	ネコドル☆オーバー・ザ・ワールド		夕野ヨシミ(IOSYS)	夕野ヨシミ(IOSYS)	ARM(IOSYS)	ARM(IOSYS)	前川みく	solo	cg			imasdb-f4f416cb9c4b			unmatched	
cg_ノーチラスソナー_-nautilus_sonar-	ノーチラスソナー -Nautilus Sonar-	ノーチラスソナー -Nautilus Sonar-		AJURIKA	AJURIKA	AJURIKA	AJURIKA	八神マキノ	solo	cg			imasdb-12be773d5c5f			unmatched	
cg_ノートの中のテラリウム	ノートの中のテラリウム	ノートの中のテラリウム		烏屋茶房、八城雄太	烏屋茶房;八城雄太	seibin(ESTIMATE)	seibin(ESTIMATE)	なの・くらうん(久川凪、森久保乃々)	unit	cg			imasdb-ab0f580f0aa8			unmatched	
cg_ハイファイデイズ	ハイファイ☆デイズ	ハイファイ☆デイズ		宮崎誠	宮崎誠	宮崎誠	宮崎誠	L.M.B.G(佐々木千枝、櫻井桃華、市原仁奈、龍崎薫、赤城みりあ)	unit	cg			imasdb-fb104ca8aa5b			unmatched	
cg_ハピガ	ハピガ!	ハピガ!		ミト(クラムボン)	ミト(クラムボン)	ミト(クラムボン)	ミト(クラムボン)	輿水幸子	solo	cg			imasdb-d03ed88cf759			unmatched	
cg_ハンドメイドスマイル	ハンドメイドスマイル	ハンドメイドスマイル		出口遼	出口遼	出口遼	出口遼	関裕美	solo	cg			imasdb-9b2013b5fde3			unmatched	
cg_ハートボイルドウォーズ	ハートボイルドウォーズ	ハートボイルドウォーズ		磯谷佳江	磯谷佳江	渡部チェル	渡部チェル	ガンズパーティー(大和亜季、村上巴、片桐早苗)	unit	cg			imasdb-b5a9b2846b7a			unmatched	
cg_バベル	バベル	バベル		BNSI(ミフメイ)	ミフメイ	BNSI(ミフメイ)	ミフメイ	Dimension-3(二宮飛鳥、一ノ瀬志希)	unit	cg			imasdb-41f43ec0c35e			unmatched	
cg_バラカストーリア_月と太陽に祝福を	バラカストーリア 〜月と太陽に祝福を〜	バラカストーリア 〜月と太陽に祝福を〜		アオワイファイ	アオワイファイ	アオワイファイ	アオワイファイ	ソル・カマル(ナターリア、ライラ)	unit	cg			imasdb-a44eb6405d22			unmatched	
cg_パジャマジャマ	パジャマジャマ	パジャマジャマ		北川勝利、藤村鼓乃美	北川勝利;藤村鼓乃美	北川勝利	北川勝利	依田芳乃、辻野あかり、島村卯月、神谷奈緒、佐久間まゆ	unit	cg			imasdb-a4f12ad28817			unmatched	
cg_パステルピンクな恋	パステルピンクな恋	パステルピンクな恋		marhy	marhy	BNSI(内田哲也)	内田哲也	三村かな子、輿水幸子、佐久間まゆ、緒方智絵里、小早川紗枝	unit	cg			imasdb-ed7e927aac23			unmatched	
cg_パリラ	パ・リ・ラ	パ・リ・ラ		俊龍	俊龍	俊龍	俊龍	Bom Dia(ナターリア、喜多見柚、城ヶ崎莉嘉、浜口あやめ、及川雫)	unit	cg			imasdb-d4a33c037516			unmatched	
cg_ヒカリシンコキュウミライ	ヒカリ→シンコキュウ→ミライ	ヒカリ→シンコキュウ→ミライ		やいり	やいり	やいり	やいり	中野有香	solo	cg			imasdb-efaee1597865			unmatched	
cg_ヒトトキトキメキ	ヒトトキトキメキ	ヒトトキトキメキ		山本真央樹	山本真央樹	山本真央樹	山本真央樹	十時愛梨	solo	cg			imasdb-948b1af152f0			unmatched	
cg_ヒーローヴァーサスレイナンジョー	ヒーローヴァーサスレイナンジョー	ヒーローヴァーサスレイナンジョー		藤林聖子	藤林聖子	渡辺宙明	渡辺宙明	ヒーローヴァーサス(南条光、小関麗奈)	unit	cg			imasdb-800c047a1072			unmatched	
cg_フレデリカ猫やめるよ	フレデリカ、猫やめるよ	フレデリカ、猫やめるよ		ササキトモコ	ササキトモコ	ササキトモコ	ササキトモコ	宮本フレデリカ	solo	cg			imasdb-8477c9638c95			unmatched	
cg_プライスレス_ドーナッcyu	プライスレス ドーナッCyu♡	プライスレス ドーナッCyu♡		山崎真吾	山崎真吾	山崎真吾	山崎真吾	椎名法子	solo	cg			imasdb-e59a0ddf90a6			unmatched	
cg_マイスイートハネムーン	マイ・スイート・ハネムーン	マイ・スイート・ハネムーン		滝澤俊輔(TRYTONELABO)	滝澤俊輔(TRYTONELABO)	滝澤俊輔(TRYTONELABO)	滝澤俊輔(TRYTONELABO)	佐久間まゆ	solo	cg			imasdb-71b743653b82			unmatched	
cg_ミステリーハート	ミステリーハート	ミステリーハート		PandaBoY	PandaBoY	PandaBoY	PandaBoY	FrenchKisS(宮本フレデリカ、速水奏)	unit	cg			imasdb-9b03bb306a47			unmatched	
cg_ミツボシ	ミツボシ☆☆★	ミツボシ☆☆★		BNSI(八城雄太).	BNSI(八城雄太).	BNSI(kyo)	kyo	本田未央	solo	cg			imasdb-ef540cfb23bd			unmatched	
cg_ミツボシ_-happily_ever_after_remix-	ミツボシ☆☆★ -Happily Ever After Remix-	ミツボシ☆☆★	Happily Ever After Remix	BNSI(八城雄太).	BNSI(八城雄太).	BNSI(kyo)	kyo	本田未央	solo	cg	cg_ミツボシ	1	imasdb-85be017d75ad			unmatched	
cg_ミツボシ_for_minami_rearrange_mix	ミツボシ☆☆★ 〜For Minami rearrange MIX〜	ミツボシ☆☆★ 〜For Minami rearrange MIX〜		BNSI(八城雄太).	BNSI(八城雄太).	BNSI(kyo)	kyo	新田美波	solo	cg	cg_ミツボシ		imasdb-ccec56941cdb			unmatched	
cg_ミライコンパス	ミライコンパス	ミライコンパス		トミタカズキ(SUPA LOVE)	トミタカズキ(SUPA LOVE)	トミタカズキ(SUPA LOVE)	トミタカズキ(SUPA LOVE)	エフェメラ(望月聖、佐久間まゆ、緒方智絵里、依田芳乃、高森藍子)	unit	cg			imasdb-dd08acf5982c			unmatched	
cg_ミラクルテレパシー	ミラクルテレパシー	ミラクルテレパシー		日暮裕紀	日暮裕紀	日暮裕紀	日暮裕紀	堀裕子	solo	cg			imasdb-2c1a41342d76			unmatched	
cg_ミラーボールラブ	ミラーボール・ラブ	ミラーボール・ラブ		MCTC	MCTC	TAKU INOUE	TAKU INOUE	宮本フレデリカ、棟方愛海、及川雫、荒木比奈、姫川友紀	unit	cg			imasdb-2cb924749cab			unmatched	
cg_メサイア	メサイア	メサイア		森由里子	森由里子	椎名豪	椎名豪	望月聖	solo	cg			imasdb-c9d7874dd367			unmatched	
cg_メッセージ	メッセージ	メッセージ		遠藤フビト	遠藤フビト	滝澤俊輔(TRYTONELABO)	滝澤俊輔(TRYTONELABO)	THE IDOLM@STER CINDERELLA GIRLS for BEST5!、安部菜々、緒方智絵里、島村卯月、本田未央	all	cg			imasdb-4229f17a6389			unmatched	
cg_メッセージ_-_しんげきremix_-	メッセージ - しんげきRemix -	メッセージ	しんげきRemix	遠藤フビト	遠藤フビト	滝澤俊輔(TRYTONELABO)	滝澤俊輔(TRYTONELABO)	安部菜々、緒方智絵里	unit	cg	cg_メッセージ	1	imasdb-a0d0f81dbb8e			unmatched	
cg_メッセージ_-future_picopico_remix-	メッセージ -Future PicoPico Remix-	メッセージ	Future PicoPico Remix	遠藤フビト	遠藤フビト	滝澤俊輔(TRYTONELABO)	滝澤俊輔(TRYTONELABO)	CINDERELLA PROJECT	all	cg	cg_メッセージ	1	imasdb-6cb4bb4e520b			unmatched	
cg_メモリーブロッサム	メモリーブロッサム	メモリーブロッサム		高瀬愛虹	高瀬愛虹	BNSI(Yoshi)	Yoshi	フェスタ・フェリーチェ(西園寺琴歌、白菊ほたる、高森藍子、五十嵐響子、水本ゆかり)	unit	cg			imasdb-2a208c9a4d63			unmatched	
cg_メルヘンデビュー	メルヘンデビュー!	メルヘンデビュー!		夕野ヨシミ(IOSYS)	夕野ヨシミ(IOSYS)	ARM(IOSYS)	ARM(IOSYS)	安部菜々	solo	cg			imasdb-967e617b776a			unmatched	
cg_メルヘンメタモルフォーゼ	メルヘン∞メタモルフォーゼ!	メルヘン∞メタモルフォーゼ!		八城雄太	八城雄太	BNSI(佐藤貴文)	佐藤貴文	安部菜々	solo	cg			imasdb-949272bc9dd7			unmatched	
cg_モラトリアム	モラトリアム	モラトリアム		中村さんそ	中村さんそ	中村さんそ	中村さんそ	リアンコリック(夢見りあむ、双葉杏)	unit	cg			imasdb-d773d8056452			unmatched	
cg_モーレツ世直しギルティ	モーレツ★世直しギルティ!	モーレツ★世直しギルティ!		fumi	fumi	小野貴光	小野貴光	セクシーギルティ(堀裕子、片桐早苗、及川雫)	unit	cg			imasdb-9e07c2e84652			unmatched	
cg_ラビューダトライアングル	ラビューダ♡トライアングル	ラビューダ♡トライアングル		fumi	fumi	曽木琢磨(SUPA LOVE)	曽木琢磨(SUPA LOVE)	アミマネラ(島村卯月、宮本フレデリカ、喜多日菜子)	unit	cg			imasdb-689ed6b2d671			unmatched	
cg_ラブレター	ラブレター	ラブレター		桜アス恵(TRYTONELABO)	桜アス恵(TRYTONELABO)	岡野裕次郎(TRYTONELABO)	岡野裕次郎(TRYTONELABO)	ピンクチェックスクール(島村卯月、小日向美穂、五十嵐響子)	unit	cg			imasdb-53240c8909e3			unmatched	
cg_ラヴィアンローズ	ラヴィアンローズ	ラヴィアンローズ		小金井つくも	小金井つくも	渡部チェル	渡部チェル	櫻井桃華	solo	cg			imasdb-2e834d965425			unmatched	
cg_リトルリドル	リトルリドル	リトルリドル		ミズノゲンキ	ミズノゲンキ	睦月周平	睦月周平	LittlePOPS(双葉杏、城ヶ崎莉嘉、二宮飛鳥、白坂小梅、早坂美玲)	unit	cg			imasdb-747be22de649			unmatched	
cg_レッドソール	レッド・ソール	レッド・ソール		月丘りあ子(SUPA LOVE)	月丘りあ子(SUPA LOVE)	塩原大貴(SUPA LOVE)	塩原大貴(SUPA LOVE)	Flamme Martini(桐生つかさ、三船美優、星輝子、藤原肇)	unit	cg			imasdb-e92500414aca			unmatched	
cg_レッドソール_-烏屋茶房_remix-	レッド・ソール -烏屋茶房 Remix-	レッド・ソール	烏屋茶房 Remix	月丘りあ子(SUPA LOVE)	月丘りあ子(SUPA LOVE)	塩原大貴(SUPA LOVE)	塩原大貴(SUPA LOVE)	Flamme Martini(桐生つかさ、三船美優、星輝子、藤原肇)	unit	cg	cg_レッドソール	1	imasdb-6ef0ba6b1bf0			unmatched	
cg_ワタシ御伽ばなシ	ワタシ御伽ばなシ	ワタシ御伽ばなシ		毛蟹(LIVE LAB.)	毛蟹(LIVE LAB.)	毛蟹(LIVE LAB.)	毛蟹(LIVE LAB.)	ファブラ・フォリオ(ライラ、古賀小春、喜多日菜子、双葉杏、森久保乃々)	unit	cg			imasdb-9f6b53b4567e			unmatched	
cg_ヴィーナスシンドローム	ヴィーナスシンドローム	ヴィーナスシンドローム		古屋真	古屋真	BNSI(kyo)	kyo	新田美波	solo	cg			imasdb-f2a63369afd8			unmatched	
cg_ヴィーナスシンドローム_for_ranko_rearrange_mix	ヴィーナスシンドローム 〜For Ranko rearrange MIX〜	ヴィーナスシンドローム 〜For Ranko rearrange MIX〜		古屋真	古屋真	BNSI(kyo)	kyo	神崎蘭子	solo	cg	cg_ヴィーナスシンドローム		imasdb-e15fbccb7ea8			unmatched	
cg_不埒なcanvas	不埒なCANVAS	不埒なCANVAS		只野菜摘	只野菜摘	烏屋茶房	烏屋茶房	輿水幸子、塩見周子、相葉夕美	unit	cg			imasdb-e03cd867cd7b			unmatched	
cg_世界滅亡_or_kiss	世界滅亡 or KISS	世界滅亡 or KISS		八城雄太	八城雄太	坪田修平(TRYTONELABO)	坪田修平(TRYTONELABO)	喜多日菜子	solo	cg			imasdb-151805f75346			unmatched	
cg_全開ミラクルアドベンチャー	全開!ミラクルアドベンチャー!	全開!ミラクルアドベンチャー!		橘亮祐	橘亮祐	橘亮祐	橘亮祐	はぴのす(浅利七海、安部菜々、前川みく)	unit	cg			imasdb-94cea4dd44ec			unmatched	
cg_共鳴世界の存在論	共鳴世界の存在論	共鳴世界の存在論		烏屋茶房	烏屋茶房	烏屋茶房	烏屋茶房	二宮飛鳥	solo	cg			imasdb-ed2c29bab49b			unmatched	
cg_冬空プレシャス	冬空プレシャス	冬空プレシャス		朝倉路	朝倉路	石濱翔(MONACA)	石濱翔(MONACA)	片桐早苗、難波笑美、姫川友紀	unit	cg			imasdb-2daf6e067976			unmatched	
cg_凸凹スピードスター	凸凹スピードスター	凸凹スピードスター		ゆよゆっぺ	ゆよゆっぺ	ゆよゆっぺ	ゆよゆっぺ	しゅがしゅが☆み~ん(安部菜々、佐藤心)	unit	cg			imasdb-18c131c6fc57			unmatched	
cg_初夢をあなたと	初夢をあなたと	初夢をあなたと		出口遼	出口遼	出口遼	出口遼	鷹富士茄子	solo	cg			imasdb-c3dc1ce587af			unmatched	
cg_千夜一夜alf_layla_wa_layla	千夜一夜(Alf Layla wa Layla)	千夜一夜(Alf Layla wa Layla)		烏屋茶房	烏屋茶房	篠崎あやと	篠崎あやと	ライラ	solo	cg			imasdb-f4d461129720			unmatched	
cg_印象	印象	印象		烏屋茶房	烏屋茶房	篠崎あやと	篠崎あやと	浜口あやめ、白菊ほたる、三船美優	unit	cg			imasdb-2e4a5961c92f			unmatched	
cg_双翼の独奏歌	双翼の独奏歌	双翼の独奏歌		マチゲリータ、烏屋茶房	マチゲリータ;烏屋茶房	Powerless	Powerless	ダークイルミネイト(神崎蘭子、二宮飛鳥)	unit	cg			imasdb-4dd9f40190a7			unmatched	
cg_反逆的同一性_-rebellion_identity-	反逆的同一性 -Rebellion Identity-	反逆的同一性 -Rebellion Identity-		ミズノゲンキ	ミズノゲンキ	睦月周平	睦月周平	二宮飛鳥	solo	cg			imasdb-1fbbeafb312b			unmatched	
cg_君のステージ衣装本当は	君のステージ衣装、本当は...	君のステージ衣装、本当は...		俊龍	俊龍	俊龍	俊龍	速水奏、白雪千夜、佐城雪美、的場梨沙、荒木比奈	unit	cg			imasdb-3c05cb4724ed			unmatched	
cg_君への詩	君への詩	君への詩		三浦誠司	三浦誠司	三浦誠司	三浦誠司	安部菜々、本田未央、北条加蓮、鷹富士茄子、鷺沢文香	unit	cg			imasdb-4cc6d3b24165			unmatched	
cg_命燃やして恋せよ乙女	命燃やして恋せよ乙女	命燃やして恋せよ乙女		森由里子	森由里子	TAKT(TRYTONELABO)	TAKT(TRYTONELABO)	宵乙女(高垣楓、佐藤心、三船美優、安部菜々、片桐早苗)	unit	cg			imasdb-eefde2dfa776			unmatched	
cg_咲いてjewel	咲いてJewel	咲いてJewel		俊龍	俊龍	俊龍	俊龍	鷺沢文香、速水奏、橘ありす、塩見周子、二宮飛鳥	unit	cg			imasdb-000d672865e5			unmatched	
cg_堕ちる果実	堕ちる果実	堕ちる果実		只野菜摘	只野菜摘	広川恵一(MONACA)	広川恵一(MONACA)	Fortuna Regina(神崎蘭子、黒埼ちとせ)	unit	cg			imasdb-be3cde662e0b			unmatched	
cg_夏恋_-natsu_koi-	夏恋 -NATSU KOI-	夏恋 -NATSU KOI-		AJURIKA	AJURIKA	AJURIKA	AJURIKA	塩見周子、橘ありす、松永涼	unit	cg			imasdb-22aaf956e80e			unmatched	
cg_夕映えプレゼント	夕映えプレゼント	夕映えプレゼント		遠藤フビト	遠藤フビト	BNSI(Yoshi)	Yoshi	CINDERELLA PROJECT [島村卯月、渋谷凛、本田未央、双葉杏、三村かな子、城ヶ崎莉嘉、神崎蘭子、前川みく、諸星きらり、多田李衣菜、赤城みりあ、新田美波、緒方智絵里、アナスタシア	all	cg			imasdb-5cc9ab6691fa			unmatched	
cg_夢をのぞいたら	夢をのぞいたら	夢をのぞいたら		佐伯youthK	佐伯youthK	佐伯youthK	佐伯youthK	本田未央、北条加蓮、夢見りあむ、遊佐こずえ、佐城雪美、一ノ瀬志希、鷺沢文香、佐久間まゆ、ナターリア	unit	cg			imasdb-842612445f1d			unmatched	
cg_夢幻ノ救憐唱_堕チル星ノ調ベ	夢幻ノ救憐唱 〜堕チル星ノ調ベ〜	夢幻ノ救憐唱 〜堕チル星ノ調ベ〜		やいり、烏屋茶房	やいり;烏屋茶房	Powerless	Powerless	神崎蘭子	solo	cg			imasdb-20d07fbd0d9d			unmatched	
cg_夢色ハーモニー	夢色ハーモニー	夢色ハーモニー		遠藤フビト	遠藤フビト	BNSI(内田哲也)	内田哲也	CINDERELLA PROJECT [島村卯月、渋谷凛、本田未央、双葉杏、三村かな子、城ヶ崎莉嘉、神崎蘭子、前川みく、諸星きらり、多田李衣菜、赤城みりあ、新田美波、緒方智絵里、アナスタシア	all	cg			imasdb-a4a0ad44b081			unmatched	
cg_大好きのブーケ	大好きのブーケ	大好きのブーケ						五十嵐響子、佐久間まゆ、相葉夕美	unit	cg			imasdb-1ceffbea64ca			unmatched	
cg_大阪タコちゃんラブちゃん	大阪タコちゃんラブちゃん	大阪タコちゃんラブちゃん		fumi	fumi	小野貴光	小野貴光	難波笑美	solo	cg			imasdb-f2af30e3bf00			unmatched	
cg_太陽の絵の具箱	太陽の絵の具箱	太陽の絵の具箱		BNSI(トリ音)	トリ音	BNSI(トリ音)	トリ音	Sonoritia(緒方智絵里、依田芳乃、遊佐こずえ、佐城雪美)	unit	cg			imasdb-e84c094212c6			unmatched	
cg_小さな恋の密室事件	小さな恋の密室事件	小さな恋の密室事件		BNSI(八城雄太)/BNSI(佐藤貴文)	BNSI(八城雄太)/BNSI(佐藤貴文)	BNSI(佐藤貴文)	佐藤貴文	白坂小梅	solo	cg			imasdb-8f9aaa67d2d7			unmatched	
cg_幸せの法則ルール	幸せの法則〜ルール〜	幸せの法則〜ルール〜		内海孝彰(TRYTONELABO)	内海孝彰(TRYTONELABO)	内海孝彰(TRYTONELABO)	内海孝彰(TRYTONELABO)	ミス・フォーチュン(鷹富士茄子、白菊ほたる)	unit	cg			imasdb-ae0fc32335b9			unmatched	
cg_廻談詣り	廻談詣り	廻談詣り		ミズノゲンキ	ミズノゲンキ	睦月周平	睦月周平	かくりよがたり(依田芳乃、白坂小梅)	unit	cg			imasdb-91cb42f23323			unmatched	
cg_弾丸サバイバー	弾丸サバイバー	弾丸サバイバー		宮崎誠	宮崎誠	宮崎誠	宮崎誠	大和亜季	solo	cg			imasdb-24af6c62ef2a			unmatched	
cg_心もよう	心もよう	心もよう		遠藤フビト	遠藤フビト	滝澤俊輔(TRYTONELABO)	滝澤俊輔(TRYTONELABO)	new generations(島村卯月)	solo	cg			imasdb-fa234b8e1daf			unmatched	
cg_思い出じゃない今日を	思い出じゃない今日を	思い出じゃない今日を		BNSI(steμ)	steμ	BNSI(steμ)	steμ	喜多見柚	solo	cg			imasdb-c48517fe6305			unmatched	
cg_恋が咲く季節	恋が咲く季節	恋が咲く季節		ESTi	ESTi	ESTi	ESTi	高垣楓、本田未央、藤原肇、荒木比奈、喜多見柚、佐久間まゆ、村上巴、関裕美、緒方智絵里	unit	cg			imasdb-a6cbe63b2501			unmatched	
cg_恋のhamburg	恋のHamburg♪	恋のHamburg♪		BNSI(柿埜嘉奈子)	柿埜嘉奈子	BNSI(柿埜嘉奈子)	柿埜嘉奈子	五十嵐響子	solo	cg			imasdb-2635dda2c50e			unmatched	
cg_恋色エナジー	恋色エナジー	恋色エナジー		ミズノゲンキ	ミズノゲンキ	睦月周平	睦月周平	中野有香	solo	cg			imasdb-43323ee917a5			unmatched	
cg_恒久のユニバース	恒久のユニバース	恒久のユニバース		baker	baker	baker	baker	BRIGHT:LIGHTS(橘ありす、鷺沢文香)	unit	cg			imasdb-848c9391eb2b			unmatched	
cg_悠久星涼	悠久星涼	悠久星涼		baker	baker	baker	baker	椎名法子、難波笑美、浜口あやめ、塩見周子、道明寺歌鈴	unit	cg			imasdb-6e22c08c1cee			unmatched	
cg_情熱ファンファンファーレ	情熱ファンファンファーレ	情熱ファンファンファーレ		no_my	no_my	no_my	no_my	ポジティブパッション(本田未央、日野茜、高森藍子)	unit	cg			imasdb-d128060b6777			unmatched	
cg_愛の讃歌	愛の讃歌	愛の讃歌		小金井つくも	小金井つくも	坪田修平(TRYTONELABO)	坪田修平(TRYTONELABO)	櫻井桃華	solo	cg			imasdb-0f905c3ab371			unmatched	
cg_日々あどべんちゃーなのでしてー	日々あどべんちゃーなのでしてー	日々あどべんちゃーなのでしてー		山本真央樹	山本真央樹	山本真央樹	山本真央樹	依田芳乃	solo	cg			imasdb-9351ec591a0c			unmatched	
cg_明日また会えるよね	明日また会えるよね	明日また会えるよね		Funta3	Funta3	Funta7	Funta7	宮本フレデリカ、一ノ瀬志希、櫻井桃華、中野有香、五十嵐響子	unit	cg			imasdb-c483fa7f0acc			unmatched	
cg_星環世界	星環世界	星環世界		八城雄太	八城雄太	BNSI(ミフメイ)	ミフメイ	高垣楓、緒方智絵里、喜多日菜子、宮本フレデリカ、相葉夕美、中野有香、片桐早苗	unit	cg			imasdb-7344e882c747			unmatched	
cg_春恋フレーム	春恋フレーム	春恋フレーム		磯谷佳江	磯谷佳江	藤長陽太	藤長陽太	上条春菜	solo	cg			imasdb-8b07e402131f			unmatched	
cg_書きかけのラブレター	書きかけのラブレター	書きかけのラブレター		トミタカズキ(SUPA LOVE)	トミタカズキ(SUPA LOVE)	トミタカズキ(SUPA LOVE)	トミタカズキ(SUPA LOVE)	ワンステップス(関裕美、白菊ほたる、森久保乃々)	unit	cg			imasdb-e0347c19053f			unmatched	
cg_未完成の歴史	未完成の歴史	未完成の歴史		及川眠子	及川眠子	椎名豪	椎名豪	二宮飛鳥、藤原肇、北条加蓮	unit	cg			imasdb-fe26a97e8dce			unmatched	
cg_桜の頃	桜の頃	桜の頃		桜アス恵(TRYTONELABO)	桜アス恵(TRYTONELABO)	隠田遼平	隠田遼平	春霞(依田芳乃、小早川紗枝、道明寺歌鈴、浜口あやめ、脇山珠美)	unit	cg			imasdb-f9b69e8dc4bc			unmatched	
cg_桜の風	桜の風	桜の風		森由里子	森由里子	田中秀和(MONACA)	田中秀和(MONACA)	アナスタシア、五十嵐響子、依田芳乃	unit	cg			imasdb-a71bb6d1f382			unmatched	
cg_楽園	楽園	楽園		BNSI(渡辺量)	渡辺量	BNSI(渡辺量)	渡辺量	関裕美	solo	cg			imasdb-97272a43ca71			unmatched	
cg_毒茸伝説	毒茸伝説	毒茸伝説		BNSI(LindaAI-CUE)、桜アス恵	LindaAI-CUE;桜アス恵	BNSI(LindaAI-CUE)	LindaAI-CUE	星輝子	solo	cg			imasdb-f8892e46acc9			unmatched	
cg_気持ちいいよね_一等賞	気持ちいいよね 一等賞!	気持ちいいよね 一等賞!		Funta3	Funta3	Funta7	Funta7	姫川友紀	solo	cg			imasdb-7212b73455df			unmatched	
cg_泡沫のアイオーン	泡沫のアイオーン	泡沫のアイオーン		BNSI(kyo)	kyo	BNSI(kyo)	kyo	荒木比奈	solo	cg			imasdb-44d83f9f0a92			unmatched	
cg_流れ星キセキ	流れ星キセキ	流れ星キセキ		小金井つくも	小金井つくも	渡部チェル	渡部チェル	new generations	unit	cg			imasdb-1690d99d6bbe			unmatched	
cg_流星浪漫	流星浪漫	流星浪漫		井筒日美	井筒日美	井上馨太(MONACA)	井上馨太(MONACA)	星纏天女(鷺沢文香、鷹富士茄子)	unit	cg			imasdb-c5099200692c			unmatched	
cg_満願成就巫女の神頼み	満願成就♪巫女の神頼み!	満願成就♪巫女の神頼み!		夕野ヨシミ(IOSYS)	夕野ヨシミ(IOSYS)	ARM(IOSYS)	ARM(IOSYS)	道明寺歌鈴	solo	cg			imasdb-fbe595b0ded8			unmatched	
cg_炎の華	炎の華	炎の華		磯谷佳江	磯谷佳江	高取ヒデアキ	高取ヒデアキ	向井拓海	solo	cg			imasdb-0dadd520a12c			unmatched	
cg_無重力シャトル	無重力シャトル	無重力シャトル		北川悠仁	北川悠仁	北川悠仁	北川悠仁	相葉夕美、城ヶ崎莉嘉、安部菜々、新田美波、多田李衣菜	unit	cg			imasdb-e228389716ef			unmatched	
cg_無限lpだlove	無限L∞PだLOVE♡	無限L∞PだLOVE♡		八城雄太	八城雄太	睦月周平、山本真央樹	睦月周平;山本真央樹	辻野あかり、佐久間まゆ、多田李衣菜、神崎蘭子、木村夏樹、二宮飛鳥、ナターリア、黒埼ちとせ	unit	cg			imasdb-9d9965c49e36			unmatched	
cg_熱情エナモラル	熱情エナモラル	熱情エナモラル		Orca (SUPA LOVE)	Orca (SUPA LOVE)	塩原大貴 (SUPA LOVE)	塩原大貴 (SUPA LOVE)	依田芳乃、村上巴、佐藤心、夢見りあむ、久川凪	unit	cg			imasdb-a96d1e374a8a			unmatched	
cg_熱血乙女a	熱血乙女A	熱血乙女A		mft	mft	BNSI(Jesahm)	Jesahm	日野茜	solo	cg			imasdb-e02e465269c5			unmatched	
cg_生存本能ヴァルキュリア	生存本能ヴァルキュリア	生存本能ヴァルキュリア		朝倉路	朝倉路	渡部チェル	渡部チェル	アインフェリア(新田美波、鷺沢文香、橘ありす、高森藍子、相葉夕美)	unit	cg			imasdb-d07aaaabec40			unmatched	
cg_碧空ノ一路	碧空ノ一路	碧空ノ一路		ミズノゲンキ	ミズノゲンキ	睦月周平	睦月周平	脇山珠美	solo	cg			imasdb-35270960eebb			unmatched	
cg_祈りの花	祈りの花	祈りの花		BNSI(トリ音)	トリ音	BNSI(トリ音)	トリ音	依田芳乃	solo	cg			imasdb-22e501290da3			unmatched	
cg_神様絶対だよ	神様!絶対だよ	神様!絶対だよ		Funta7	Funta7	Funta7	Funta7	Innocent Drops(イヴ・サンタクロース、西園寺琴歌、島村卯月、高森藍子、新田美波)	unit	cg			imasdb-7f90e696d67b			unmatched	
cg_禍魂朧夜	禍魂朧夜	禍魂朧夜		ミズノゲンキ	ミズノゲンキ	睦月周平	睦月周平	黒百合夜叉(浜口あやめ、村上巴、塩見周子)	unit	cg			imasdb-3fd9fe20d0f6			unmatched	
cg_私色のプレリュード	私色のプレリュード	私色のプレリュード		烏屋茶房	烏屋茶房	篠崎あやと、橘亮祐	篠崎あやと;橘亮祐	水本ゆかり	solo	cg			imasdb-02338c5d5f4d			unmatched	
cg_私色ギフト	私色ギフト	私色ギフト		朝倉路	朝倉路	渡部チェル	渡部チェル	凸レーション(城ヶ崎莉嘉)	solo	cg			imasdb-9d1f51507c03			unmatched	
cg_秋めいて_ding_dong_dang	秋めいて Ding Dong Dang!	秋めいて Ding Dong Dang!		夕野ヨシミ (IOSYS) 狐夢想 (COOL&CREATE)	夕野ヨシミ (IOSYS) 狐夢想 (COOL&CREATE)	ARM (IOSYS)	ARM (IOSYS)	アナスタシア、佐々木千枝、速水奏、北条加蓮、新田美波	unit	cg			imasdb-3d8f65a03496			unmatched	
cg_秋風に手を振って	秋風に手を振って	秋風に手を振って		森由里子	森由里子	BNSI(Yoshi)	Yoshi	相葉夕美、多田李衣菜、中野有香	unit	cg			imasdb-a62741811358			unmatched	
cg_秘密のトワレ	秘密のトワレ	秘密のトワレ		ササキトモコ	ササキトモコ	ササキトモコ	ササキトモコ	一ノ瀬志希	solo	cg			imasdb-441863d9941f			unmatched	
cg_秘密のトワレ_-midnight_lab_remix-	秘密のトワレ -Midnight Lab Remix-	秘密のトワレ	Midnight Lab Remix	ササキトモコ	ササキトモコ	ササキトモコ	ササキトモコ	神谷奈緒	solo	cg	cg_秘密のトワレ	1	imasdb-576cd9ecf68e			unmatched	
cg_空と風と恋のワルツ	空と風と恋のワルツ	空と風と恋のワルツ		BNSI(トリ音)	トリ音	BNSI(トリ音)	トリ音	小日向美穂	solo	cg			imasdb-0a80fad8f3e3			unmatched	
cg_空想探査計画	空想探査計画	空想探査計画		BNSI(重田佑介)	重田佑介	BNSI(佐藤貴文)	佐藤貴文	木村夏樹、浜口あやめ、日野茜	unit	cg			imasdb-f17222a685da			unmatched	
cg_純情midnight伝説	純情Midnight伝説	純情Midnight伝説		磯谷佳江	磯谷佳江	小野貴光	小野貴光	炎陣(向井拓海、藤本里奈、松永涼、大和亜季、木村夏樹)	unit	cg			imasdb-9ae5252b2350			unmatched	
cg_純情接近story	純情接近STORY	純情接近STORY		森由里子	森由里子	神前暁(MONACA)	神前暁(MONACA)	島村卯月	solo	cg			imasdb-74ff9331bd92			unmatched	
cg_絶対特権主張しますっ	絶対特権主張しますっ!	絶対特権主張しますっ!		坂井竜二	坂井竜二	山崎真吾	山崎真吾	十時愛梨、日野茜、高森藍子、星輝子、堀裕子	unit	cg			imasdb-00321abcc077			unmatched	
cg_美に入り彩を穿つ	美に入り彩を穿つ	美に入り彩を穿つ		野口圭	野口圭	渡部チェル	渡部チェル	羽衣小町(小早川紗枝、塩見周子)	unit	cg			imasdb-033c09a4dde1			unmatched	
cg_義勇忍侠花吹雪	義勇忍侠花吹雪	義勇忍侠花吹雪		ミズノゲンキ	ミズノゲンキ	睦月周平	睦月周平	可惜夜月(浜口あやめ、脇山珠美、道明寺歌鈴)	unit	cg			imasdb-a535b26a2ee8			unmatched	
cg_花のことば	花のことば	花のことば		mft	mft	高田龍一(MONACA)	高田龍一(MONACA)	相葉夕美	solo	cg			imasdb-5baf0d041f05			unmatched	
cg_花簪_hanakanzashi	花簪 HANAKANZASHI	花簪 HANAKANZASHI		夕野ヨシミ(IOSYS)	夕野ヨシミ(IOSYS)	ARM(IOSYS)	ARM(IOSYS)	小早川紗枝	solo	cg			imasdb-b340f93534d5			unmatched	
cg_華蕾夢ミル狂詩曲_魂ノ導_-for_anzu_rearrange_mix-	華蕾夢ミル狂詩曲 〜魂ノ導〜 -For Anzu rearrange MIX-	華蕾夢ミル狂詩曲 〜魂ノ導〜	For Anzu rearrange MIX	BNSI(東ノ獄彩)	東ノ獄彩	BNSI(浩川卿中二)	浩川卿中二	双葉杏	solo	cg		1	imasdb-242fedaeab2b			unmatched	
cg_華蕾夢ミル狂詩曲魂ノ導	華蕾夢ミル狂詩曲〜魂ノ導〜	華蕾夢ミル狂詩曲〜魂ノ導〜		NBSI(東ノ獄彩)	NBSI(東ノ獄彩)	NBSI(浩川卿中二)	NBSI(浩川卿中二)	神崎蘭子	solo	cg			imasdb-ec91cf297707			unmatched	
cg_薄紅	薄紅	薄紅		内海孝彰	内海孝彰	内海孝彰	内海孝彰	小早川紗枝	solo	cg			imasdb-8560d8d7a021			unmatched	
cg_薄荷_-ハッカ-	薄荷 -ハッカ-	薄荷 -ハッカ-		いつきおと	いつきおと	泉典孝	泉典孝	北条加蓮	solo	cg			imasdb-7192a948552c			unmatched	
cg_認めてくれなくたっていいよ	認めてくれなくたっていいよ	認めてくれなくたっていいよ		八城雄太	八城雄太	井上馨太(MONACA)	井上馨太(MONACA)	乙倉悠貴、関裕美、白菊ほたる、早坂美玲、黒埼ちとせ	unit	cg			imasdb-a01fea16f95e			unmatched	
cg_読んで甘辛script	読んで!甘辛Script	読んで!甘辛Script		俊龍	俊龍	俊龍	俊龍	三村かな子	solo	cg			imasdb-d19e18684682			unmatched	
cg_谷の底で咲く花は	谷の底で咲く花は	谷の底で咲く花は		八城雄太	八城雄太	岡部啓一(MONACA)	岡部啓一(MONACA)	白菊ほたる	solo	cg			imasdb-6bd51066fffe			unmatched	
cg_踊りまくろダンシングナイト	踊りまくろ☆ダンシング・ナイト	踊りまくろ☆ダンシング・ナイト		YOFFY(PSYCHIC LOVER)	YOFFY(PSYCHIC LOVER)	YOFFY(PSYCHIC LOVER)	YOFFY(PSYCHIC LOVER)	片桐早苗	solo	cg			imasdb-5837b0df6375			unmatched	
cg_躍るflagship	躍るFLAGSHIP	躍るFLAGSHIP		只野菜摘	只野菜摘	BNSI(ミフメイ)	ミフメイ	小日向美穂、佐藤心、北条加蓮	unit	cg			imasdb-8add8a143a26			unmatched	
cg_輝く世界の魔法	輝く世界の魔法	輝く世界の魔法		yura	yura	小西裕子	小西裕子	THE IDOLM@STER CINDERELLA GIRLS!、アナスタシア、高垣楓、輿水幸子、渋谷凛	all	cg			imasdb-786d05bce6bc			unmatched	
cg_輝く世界の魔法_-magical_step_forward_remix-	輝く世界の魔法 -Magical Step Forward Remix-	輝く世界の魔法	Magical Step Forward Remix	yura	yura	小西裕子	小西裕子	THE IDOLM@STER CINDERELLA GIRLS!、アナスタシア、高垣楓、輿水幸子、渋谷凛	all	cg	cg_輝く世界の魔法	1	imasdb-65b5b34564cb			unmatched	
cg_輝く世界の魔法_しんげきremix-	輝く世界の魔法 – しんげきRemix-	輝く世界の魔法	しんげきRemix	yura	yura	小西裕子	小西裕子	アナスタシア、渋谷凛	unit	cg		1	imasdb-60063a8e9269			unmatched	
cg_輝けビートシューター	輝け!ビートシューター	輝け!ビートシューター		YOFFY(PSYCHIC LOVER)	YOFFY(PSYCHIC LOVER)	YOFFY(PSYCHIC LOVER)	YOFFY(PSYCHIC LOVER)	ビートシューター(結城晴、的場梨沙)	unit	cg			imasdb-6105ab6f7e30			unmatched	
cg_追い風running	追い風Running	追い風Running		ミズノゲンキ	ミズノゲンキ	HONY、Shouya Namai	HONY;Shouya Namai	乙倉悠貴	solo	cg			imasdb-f82be6801668			unmatched	
cg_銀のイルカと熱い風	銀のイルカと熱い風	銀のイルカと熱い風		森由里子	森由里子	俊龍	俊龍	大槻唯、緒方智絵里、新田美波	unit	cg			imasdb-c3c090961a6c			unmatched	
cg_銀河図書館	銀河図書館	銀河図書館		烏屋茶房	烏屋茶房	烏屋茶房	烏屋茶房	鷺沢文香	solo	cg			imasdb-48365500a98b			unmatched	
cg_青の一番星	青の一番星	青の一番星		夕野ヨシミ(IOSYS)	夕野ヨシミ(IOSYS)	ARM(IOSYS〉	ARM(IOSYS〉	塩見周子	solo	cg			imasdb-7ca8343d7662			unmatched	
cg_青春のwanna	青春のWanna!	青春のWanna!		八城雄太	八城雄太	坪田修平 [TRYTONELABO]	坪田修平 [TRYTONELABO]	小関麗奈	solo	cg			imasdb-efc5e179f896			unmatched	
cg_青空エール	青空エール	青空エール		eNu	eNu	川島弘光	川島弘光	赤城みりあ、緒方智絵里、城ヶ崎美嘉、脇山珠美	unit	cg			imasdb-05cee51b7a5b			unmatched	
cg_青空リレーション	青空リレーション	青空リレーション		Apis(TRYTONELABO)	Apis(TRYTONELABO)	岡野裕次郎(TRYTONELABO)	岡野裕次郎(TRYTONELABO)	高森藍子	solo	cg			imasdb-09aa323e21cb			unmatched	
cg_風色メロディ	風色メロディ	風色メロディ		BNSI(トリ音)	トリ音	BNSI(トリ音)	トリ音	緒方智絵里	solo	cg			imasdb-e4a09d830e1b			unmatched	
cg_風色メロディ_for_mio_rearrange_mix	風色メロディ 〜For Mio rearrange MIX〜	風色メロディ 〜For Mio rearrange MIX〜		BNSI(トリ音)	トリ音	BNSI(トリ音)	トリ音	本田未央	solo	cg	cg_風色メロディ		imasdb-b7f9efae721d			unmatched	
gakuen_36c_ubu	36°C U・B・U	36°C U・B・U		Soflan Daichi	Soflan Daichi	伊藤翼	伊藤翼	姫崎莉波	solo	gakuen			imasdb-645ba94b6bda			unmatched	
gakuen_atmosphere	Atmosphere	Atmosphere		Heart's Cry	Heart's Cry	Heart's Cry	Heart's Cry	葛城リーリヤ	solo	gakuen			imasdb-de920473818b			unmatched	
gakuen_boom_boom_pow	Boom Boom Pow	Boom Boom Pow		KENTZ	KENTZ	KENTZ、ERECA	KENTZ;ERECA	花海咲季	solo	gakuen			imasdb-480ce5a97cdd			unmatched	
gakuen_campus_mode	Campus mode!!	Campus mode!!		田淵智也	田淵智也	田淵智也	田淵智也	花海咲季、月村手毬、藤田ことね、姫崎莉波、紫雲清夏、篠澤広、葛城リーリヤ、倉本千奈、有村麻央	unit	gakuen			imasdb-a05d9bd59052			unmatched	
gakuen_choo_choo_choo	Choo Choo Choo	Choo Choo Choo		BOYHOOD(Digz, Inc. Group)	BOYHOOD(Digz, Inc. Group)	BOYHOOD(Digz, Inc. Group)	BOYHOOD(Digz, Inc. Group)	十王星南	solo	gakuen			imasdb-6989be22ef98			unmatched	
gakuen_clumsy_trick	clumsy trick	clumsy trick		渡辺翔	渡辺翔	渡辺翔	渡辺翔	姫崎莉波	solo	gakuen			imasdb-0adc9fef59df			unmatched	
gakuen_cosmetic	Cosmetic	Cosmetic		Stephanie Topalian、MOMONADY	Stephanie Topalian;MOMONADY	MOMONADY、YUKI FUNAKOSHI(Digz, Inc. Group)	MOMONADY;YUKI FUNAKOSHI(Digz, Inc. Group)	十王星南	solo	gakuen			imasdb-ee934b5ceacd			unmatched	
gakuen_cosmetic_redalice_remix	Cosmetic (REDALiCE Remix)	Cosmetic	REDALiCE Remix	Stephanie Topalian、MOMONADY	Stephanie Topalian;MOMONADY	MOMONADY、YUKI FUNAKOSHI(Digz, Inc. Group)	MOMONADY;YUKI FUNAKOSHI(Digz, Inc. Group)	十王星南	solo	gakuen	gakuen_cosmetic	1	imasdb-4df721f4d968			unmatched	
gakuen_ego	EGO	EGO		Kijibato (Dream Monster)	Kijibato (Dream Monster)	Kijibato (Dream Monster)	Kijibato (Dream Monster)	花海咲季	solo	gakuen			imasdb-8fb85cd26d50			unmatched	
gakuen_ego_nor_remix	EGO (Nor Remix)	EGO	Nor Remix	Kijibato (Dream Monster)	Kijibato (Dream Monster)	Kijibato (Dream Monster)	Kijibato (Dream Monster)	花海咲季	solo	gakuen	gakuen_ego	1	imasdb-b27574866447			unmatched	
gakuen_endless_dance	ENDLESS DANCE	ENDLESS DANCE		首藤義勝	首藤義勝	首藤義勝	首藤義勝	初星学園	unit	gakuen			imasdb-7c3846a3a489			unmatched	
gakuen_feel_jewel_dream	Feel Jewel Dream	Feel Jewel Dream		DÉ DÉ MOUSE	DÉ DÉ MOUSE	DÉ DÉ MOUSE	DÉ DÉ MOUSE	有村麻央	solo	gakuen			imasdb-2dd26abf2c6c			unmatched	
gakuen_feel_jewel_dream_james_landino_remix	Feel Jewel Dream (James Landino Remix)	Feel Jewel Dream	James Landino Remix	DÉ DÉ MOUSE	DÉ DÉ MOUSE	DÉ DÉ MOUSE	DÉ DÉ MOUSE	有村麻央	solo	gakuen	gakuen_feel_jewel_dream	1	imasdb-9a7dd2a01e71			unmatched	
gakuen_fighting_my_way	Fighting My Way	Fighting My Way		HIROMI	HIROMI	Giga	Giga	花海咲季	solo	gakuen			imasdb-101fbacca560			unmatched	
gakuen_fluorite	Fluorite	Fluorite		やぎぬまかな	やぎぬまかな	Moe Shop	Moe Shop	有村麻央	solo	gakuen			imasdb-e87b820f5930			unmatched	
gakuen_fragile_heart	Fragile Heart	Fragile Heart		アッシュ井上(Dream Monster)	アッシュ井上(Dream Monster)	アッシュ井上(Dream Monster)	アッシュ井上(Dream Monster)	葛城リーリヤ	solo	gakuen			imasdb-297b594f2ae2			unmatched	
gakuen_howling_over_the_world	Howling over the World	Howling over the World		烏屋茶房	烏屋茶房	烏屋茶房	烏屋茶房	初星学園	unit	gakuen			imasdb-d82909013a3f			unmatched	
gakuen_kira_kira	Kira Kira	Kira Kira		Chica	Chica	Dirty Orange (Digz, Inc. Group)、MOMONADY、Chica	Dirty Orange (Digz, Inc. Group);MOMONADY;Chica	紫雲清夏	solo	gakuen			imasdb-a4f52b72005d			unmatched	
gakuen_kira_kira_r-906_remix	Kira Kira (r-906 Remix)	Kira Kira	r-906 Remix	Chica	Chica	Dirty Orange (Digz, Inc. Group)、MOMONADY、Chica	Dirty Orange (Digz, Inc. Group);MOMONADY;Chica	紫雲清夏	solo	gakuen	gakuen_kira_kira	1	imasdb-d4dbb9d2d4d5			unmatched	
gakuen_lets_go_ichi-no-ni	Let's GO!! ICHI-NO-NI!!	Let's GO!! ICHI-NO-NI!!		midori nao (Digz, Inc. Group)	midori nao (Digz, Inc. Group)	midori nao (Digz, Inc. Group)	midori nao (Digz, Inc. Group)	1年2組(倉本千奈、篠澤広、花海佑芽、秦谷美鈴)	unit	gakuen			imasdb-34218d2e69b7			unmatched	
gakuen_love_joy	Love & Joy	Love & Joy		東優太	東優太	原一博	原一博	紫雲清夏	solo	gakuen			imasdb-6f9341103f57			unmatched	
gakuen_luna_say_maybe	Luna say maybe	Luna say maybe		美波	美波	美波	美波	月村手毬	solo	gakuen			imasdb-cf72b6c8db49			unmatched	
gakuen_luna_say_maybe_gaburyu_remix	Luna say maybe (gaburyu Remix)	Luna say maybe	gaburyu Remix	美波	美波	美波	美波	月村手毬	solo	gakuen	gakuen_luna_say_maybe	1	imasdb-0f8b539607b5			unmatched	
gakuen_luv	L.U.V	L.U.V		諭吉佳作/men	諭吉佳作/men	諭吉佳作/men	諭吉佳作/men	姫崎莉波	solo	gakuen			imasdb-4f3d349155f4			unmatched	
gakuen_luv_石濱翔_remix	L.U.V (石濱 翔 Remix)	L.U.V	石濱 翔 Remix	諭吉佳作/men	諭吉佳作/men	諭吉佳作/men	諭吉佳作/men	姫崎莉波	solo	gakuen	gakuen_luv	1	imasdb-e3e7e4514757			unmatched	
gakuen_marble_heart	marble heart	marble heart		品川樹	品川樹	須藤幽玄	須藤幽玄	姫崎莉波	solo	gakuen			imasdb-af7165c73702			unmatched	
gakuen_mystage	MY STAGE	MY STAGE						雨夜燕	solo	gakuen			imasdb-be605a49de2c			unmatched	
gakuen_our_chant	Our Chant	Our Chant		Fra	Fra	中鶴潤一(Bandai Namco Studios Inc.)、Fra	中鶴潤一(Bandai Namco Studios Inc.);Fra	十王星南	solo	gakuen			imasdb-087312478001			unmatched	
gakuen_ride_on_beat	Ride on Beat	Ride on Beat		田中龍志(Rebrast)	田中龍志(Rebrast)	田中龍志(Rebrast)、柿迫ヒカル(Rebrast)、早川博隆(Rebrast)	田中龍志(Rebrast);柿迫ヒカル(Rebrast);早川博隆(Rebrast)	紫雲清夏	solo	gakuen			imasdb-6f69264418e4			unmatched	
gakuen_search_right	SEARCH RIGHT	SEARCH RIGHT		大澤めい (Bandai Namco Studios Inc.)	大澤めい (Bandai Namco Studios Inc.)	涼木シンジ	涼木シンジ	倉本千奈、姫崎莉波、花海佑芽、秦谷美鈴、十王星南、雨夜燕	unit	gakuen			imasdb-a09c97d5bd10			unmatched	
gakuen_star-mine	Star-mine	Star-mine		じん	じん	じん	じん	Begrazia(花海佑芽、秦谷美鈴、十王星南)	unit	gakuen			imasdb-5bc5cb112895			unmatched	
gakuen_sugar_flavor	SUGAR FLAVOR	SUGAR FLAVOR		-	-	-	-	有村麻央、姫崎莉波	unit	gakuen			imasdb-a68e0eacf10d			unmatched	
gakuen_superlative	Superlative	Superlative		siqlo	siqlo	siqlo	siqlo	秦谷美鈴	solo	gakuen			imasdb-bf7a21a43a5c			unmatched	
gakuen_supremacy	SUPREMACY	SUPREMACY		アオワイファイ	アオワイファイ	アオワイファイ	アオワイファイ	1年1組(花海咲季、月村手毬、藤田ことね、葛城リーリヤ、紫雲清夏)	unit	gakuen			imasdb-3395c952251b			unmatched	
gakuen_sweet_magic	Sweet Magic	Sweet Magic		SHOW (Digz, Inc. Group)	SHOW (Digz, Inc. Group)	SHOW (Digz, Inc. Group)	SHOW (Digz, Inc. Group)	有村麻央	solo	gakuen			imasdb-3576d99f24ca			unmatched	
gakuen_tame-lie-one-step	Tame-Lie-One-Step	Tame-Lie-One-Step		東優太	東優太	東優太	東優太	紫雲清夏	solo	gakuen			imasdb-09914461adab			unmatched	
gakuen_the_cute	The Cute!!!	The Cute!!!		金山秀士 (Dream Monster)	金山秀士 (Dream Monster)	金山秀士 (Dream Monster)	金山秀士 (Dream Monster)	藤田ことね	solo	gakuen			imasdb-6f2b9e2014fa			unmatched	
gakuen_the_rolling_riceball	The Rolling Riceball	The Rolling Riceball		佐藤貴文(バンダイナムコスタジオ)	佐藤貴文(バンダイナムコスタジオ)	佐藤貴文(バンダイナムコスタジオ)	佐藤貴文(バンダイナムコスタジオ)	花海佑芽	solo	gakuen			imasdb-cdc7edee33d4			unmatched	
gakuen_the_rolling_riceball_lindaai-cue_remix	The Rolling Riceball (LindaAI-CUE Remix)	The Rolling Riceball	LindaAI-CUE Remix	佐藤貴文(バンダイナムコスタジオ)	佐藤貴文(バンダイナムコスタジオ)	佐藤貴文(バンダイナムコスタジオ)	佐藤貴文(バンダイナムコスタジオ)	花海佑芽	solo	gakuen	gakuen_the_rolling_riceball	1	imasdb-e9bebf3760c5			unmatched	
gakuen_top_secret	Top Secret	Top Secret		SHOW (Digz, Inc. Group)	SHOW (Digz, Inc. Group)	SHOW (Digz, Inc. Group)	SHOW (Digz, Inc. Group)	有村麻央	solo	gakuen			imasdb-c0cb4d734fd0			unmatched	
gakuen_try_it_now	Try it now	Try it now		Kijibato(Dream Monster)	Kijibato(Dream Monster)	Kijibato(Dream Monster)	Kijibato(Dream Monster)	花海咲季	solo	gakuen			imasdb-c4baabb5c4b6			unmatched	
gakuen_unhappy_light	Unhappy Light	Unhappy Light		Aira (Dream Monster)	Aira (Dream Monster)	Aira (Dream Monster)	Aira (Dream Monster)	月村手毬	solo	gakuen			imasdb-63472f53ffad			unmatched	
gakuen_veil	VEIL	VEIL						秦谷美鈴	solo	gakuen			imasdb-53d3ee50fd36			unmatched	
gakuen_wake_up	Wake up!!	Wake up!!		田中透真(Dream Monster)	田中透真(Dream Monster)	田中透真(Dream Monster)	田中透真(Dream Monster)	葛城リーリヤ	solo	gakuen			imasdb-c2d0f04543bc			unmatched	
gakuen_white_night_white_wish	White Night! White Wish!	White Night! White Wish!		林英樹	林英樹	佐藤純一(fhána)	佐藤純一(fhána)	藤田ことね、葛城リーリヤ、花海佑芽	unit	gakuen			imasdb-c8d636c8db03			unmatched	
gakuen_wildest_flower	Wildest Flower	Wildest Flower		HIROMI	HIROMI	Giga	Giga	花海咲季	solo	gakuen			imasdb-2a0c0ed4c391			unmatched	
gakuen_wonder_scale	Wonder Scale	Wonder Scale		大森祥子	大森祥子	兼松衆	兼松衆	倉本千奈	solo	gakuen			imasdb-337a94177c36			unmatched	
gakuen_yellow_big_bang	Yellow Big Bang!	Yellow Big Bang!		やぎぬまかな	やぎぬまかな	瀬尾祥太郎(MONACA)	瀬尾祥太郎(MONACA)	藤田ことね	solo	gakuen			imasdb-fb775c9aef52			unmatched	
gakuen_yellow_big_bang_cosmo_remix	Yellow Big Bang! (cosMo@暴走P Remix)	Yellow Big Bang!	cosMo@暴走P Remix	やぎぬまかな	やぎぬまかな	瀬尾祥太郎(MONACA)	瀬尾祥太郎(MONACA)	藤田ことね	solo	gakuen	gakuen_yellow_big_bang	1	imasdb-946fe71bac8c			unmatched	
gakuen_かちドキ	かちドキ	かちドキ		大澤めい(Bandai Namco Studios Inc.)	大澤めい(Bandai Namco Studios Inc.)	大澤めい(Bandai Namco Studios Inc.)、佐藤貴文(Bandai Namco Studios Inc.)	大澤めい(Bandai Namco Studios Inc.);佐藤貴文(Bandai Namco Studios Inc.)	藤田ことね	solo	gakuen			imasdb-dffe19b6d5ce			unmatched	
gakuen_がむしゃらに行こう	がむしゃらに行こう!	がむしゃらに行こう!		SHOW (Digz, Inc. Group)	SHOW (Digz, Inc. Group)	SHOW (Digz, Inc. Group)、Mitsu.J (Digz, Inc. Group)	SHOW (Digz, Inc. Group);Mitsu.J (Digz, Inc. Group)	花海咲季、月村手毬、藤田ことね、姫崎莉波、紫雲清夏、篠澤広、葛城リーリヤ、倉本千奈、有村麻央	unit	gakuen			imasdb-fda9fcfaf723			unmatched	
gakuen_たいせつなもの	たいせつなもの	たいせつなもの		フワリ(Dream Monster)	フワリ(Dream Monster)	フワリ(Dream Monster)	フワリ(Dream Monster)	秦谷美鈴	solo	gakuen			imasdb-92aae21d2a76			unmatched	
gakuen_つよつよ最強エクササイズ	つよつよ最強エクササイズ	つよつよ最強エクササイズ		坪井リヒト(Bandai Namco Studio Inc.)	坪井リヒト(Bandai Namco Studio Inc.)	坪井リヒト・佐藤貴文(Bandai Namco Studio Inc.)	坪井リヒト;佐藤貴文(Bandai Namco Studio Inc.)	花海佑芽	solo	gakuen			imasdb-07beb45d2a77			unmatched	
gakuen_ときめきのソルフェージュ	ときめきのソルフェージュ	ときめきのソルフェージュ		Cocoro. (Dream Monster)	Cocoro. (Dream Monster)	田熊知存(Dream Monster)	田熊知存(Dream Monster)	倉本千奈	solo	gakuen			imasdb-33f4f32881dc			unmatched	
gakuen_ときめきエモーション	ときめきエモーション	ときめきエモーション		神山羊	神山羊	神山羊	神山羊	紫雲清夏、葛城リーリヤ	unit	gakuen			imasdb-5fd8a9c02c64			unmatched	
gakuen_ふわふわ	ふわふわ	ふわふわ		品川樹	品川樹	加藤弘也	加藤弘也	藤田ことね	solo	gakuen			imasdb-5dcd004c368f			unmatched	
gakuen_みちなるひろがる	みちなるひろがる	みちなるひろがる		いよわ	いよわ	いよわ	いよわ	倉本千奈、篠澤広	unit	gakuen			imasdb-299618e3635c			unmatched	
gakuen_わかしさわがしスカパンク	わかし・さわがし・スカパンク	わかし・さわがし・スカパンク		大澤めい (Bandai Namco Studios Inc.)	大澤めい (Bandai Namco Studios Inc.)	AYATOMO (MAYSON's PARTY)、木村孝明	AYATOMO (MAYSON's PARTY);木村孝明	花海佑芽、秦谷美鈴、十王星南	unit	gakuen			imasdb-31970b013ed2			unmatched	
gakuen_アイヴイ	アイヴイ	アイヴイ		ツミキ	ツミキ	ツミキ	ツミキ	月村手毬	solo	gakuen			imasdb-044eb526db73			unmatched	
gakuen_カクシタワタシ	カクシタワタシ	カクシタワタシ		東優太	東優太	東優太	東優太	紫雲清夏	solo	gakuen			imasdb-c74a54061c59			unmatched	
gakuen_カタマリオンザドゥン	カタマリオンザドゥン	カタマリオンザドゥン		三宅優(ミヤケユウスタジオ)	三宅優(ミヤケユウスタジオ)	三宅優(ミヤケユウスタジオ)	三宅優(ミヤケユウスタジオ)	花海咲季	solo	gakuen			imasdb-48d04a2e0e1a			unmatched	
gakuen_ガラクタロード	ガラクタロード	ガラクタロード						初星学園	all	gakuen			imasdb-0c6a241834ed			unmatched	
gakuen_キミとセミブルー	キミとセミブルー	キミとセミブルー		いつきおと	いつきおと	光増ハジメ(FirstCall)	光増ハジメ(FirstCall)	姫崎莉波、有村麻央、紫雲清夏	unit	gakuen			imasdb-b15600c400af			unmatched	
gakuen_クライアイ	クライアイ	クライアイ						雨夜燕	solo	gakuen			imasdb-558b3cf59fcd			unmatched	
gakuen_グースーピー	グースーピー	グースーピー		佐藤貴文(Bandai Namco Studios Inc.)	佐藤貴文(Bandai Namco Studios Inc.)	佐藤貴文(Bandai Namco Studios Inc.)	佐藤貴文(Bandai Namco Studios Inc.)	花海佑芽	solo	gakuen			imasdb-ba9f54b0b7fb			unmatched	
gakuen_コンテンポラリのダンス	コンテンポラリのダンス	コンテンポラリのダンス		真島ゆろ	真島ゆろ	真島ゆろ	真島ゆろ	篠澤広	solo	gakuen			imasdb-58a22d0e6d00			unmatched	
gakuen_コントラスト	コントラスト	コントラスト		佐々木恵梨	佐々木恵梨	佐々木恵梨、鵜飼大幹、中村ヒロ	佐々木恵梨;鵜飼大幹;中村ヒロ	篠澤広	solo	gakuen			imasdb-71492d8df681			unmatched	
gakuen_サンフェーデッド	サンフェーデッド	サンフェーデッド		長谷川白紙	長谷川白紙	長谷川白紙	長谷川白紙	篠澤広	solo	gakuen			imasdb-f15614227428			unmatched	
gakuen_ツキノカメ	ツキノカメ	ツキノカメ		ミフメイ(Bandai Namco Studios Inc.)	ミフメイ(Bandai Namco Studios Inc.)	ミフメイ(Bandai Namco Studios Inc.)	ミフメイ(Bandai Namco Studios Inc.)	秦谷美鈴	solo	gakuen			imasdb-3c37d45aac1e			unmatched	
gakuen_ツキノカメ_shinpei_nasuno_remix	ツキノカメ (Shinpei Nasuno Remix)	ツキノカメ	Shinpei Nasuno Remix	ミフメイ(Bandai Namco Studios Inc.)	ミフメイ(Bandai Namco Studios Inc.)	ミフメイ(Bandai Namco Studios Inc.)	ミフメイ(Bandai Namco Studios Inc.)	秦谷美鈴	solo	gakuen	gakuen_ツキノカメ	1	imasdb-e8941c2e8056			unmatched	
gakuen_ナイワ	ナイワ	ナイワ		佐伯youthK	佐伯youthK	佐伯youthK	佐伯youthK	3年1組(有村麻央、姫崎莉波、十王星南、雨夜燕)	unit	gakuen			imasdb-7e647887caa4			unmatched	
gakuen_ハッピーミルフィーユ	ハッピーミルフィーユ	ハッピーミルフィーユ		ナナホシ管弦楽団	ナナホシ管弦楽団	岩見陸	岩見陸	篠澤広、十王星南、姫崎莉波	unit	gakuen			imasdb-cbc554e8ec65			unmatched	
gakuen_ミラクルナナウ	ミラクルナナウ(゚∀゚)!	ミラクルナナウ(゚∀゚)!		YUC'e	YUC'e	YUC'e	YUC'e	花海咲季、月村手毬、藤田ことね	unit	gakuen			imasdb-3e9efeea27b5			unmatched	
gakuen_ミラクルナナウ_佐藤貴文_remix	ミラクルナナウ(゚∀゚)! (佐藤貴文 Remix)	ミラクルナナウ(゚∀゚)!	佐藤貴文 Remix	YUC'e	YUC'e	YUC'e	YUC'e	月村手毬、花海咲季、藤田ことね	unit	gakuen	gakuen_ミラクルナナウ	1	imasdb-2d8c4e92b13f			unmatched	
gakuen_メクルメ	メクルメ	メクルメ		フロクロ	フロクロ	フロクロ	フロクロ	篠澤広	solo	gakuen			imasdb-7abe7409df43			unmatched	
gakuen_メクルメ_pas_tasta_remix	メクルメ (PAS TASTA Remix)	メクルメ	PAS TASTA Remix	フロクロ	フロクロ	フロクロ	フロクロ	篠澤広	solo	gakuen	gakuen_メクルメ	1	imasdb-b495252bac8a			unmatched	
gakuen_ヨルニテ	ヨルニテ	ヨルニテ		Shogo Nomura(Bandai Namco Studios Inc.)	Shogo Nomura(Bandai Namco Studios Inc.)	Shogo Nomura(Bandai Namco Studios Inc.)	Shogo Nomura(Bandai Namco Studios Inc.)	秦谷美鈴	solo	gakuen			imasdb-efab7863331a			unmatched	
gakuen_一体いつから	一体いつから	一体いつから		大橋ちっぽけ	大橋ちっぽけ	大橋ちっぽけ	大橋ちっぽけ	月村手毬	solo	gakuen			imasdb-768d5b61703f			unmatched	
gakuen_三分半の創世	三分半の創世	三分半の創世						雨夜燕	solo	gakuen			imasdb-7073bf576815			unmatched	
gakuen_世界一可愛い私	世界一可愛い私	世界一可愛い私		HoneyWorks	HoneyWorks	HoneyWorks	HoneyWorks	藤田ことね	solo	gakuen			imasdb-0b1d3b538a8d			unmatched	
gakuen_仮装狂騒曲	仮装狂騒曲	仮装狂騒曲		TOPHAMHAT-KYO (FAKE TYPE.)	TOPHAMHAT-KYO (FAKE TYPE.)	FAKE TYPE.	FAKE TYPE.	月村手毬、篠澤広、倉本千奈	unit	gakuen			imasdb-a3d8a5f3b70e			unmatched	
gakuen_仮装狂騒曲_原口沙輔_remix	仮装狂騒曲 (原口沙輔 Remix)	仮装狂騒曲	原口沙輔 Remix	TOPHAMHAT-KYO (FAKE TYPE.)	TOPHAMHAT-KYO (FAKE TYPE.)	FAKE TYPE.	FAKE TYPE.	倉本千奈、月村手毬、篠澤広	unit	gakuen	gakuen_仮装狂騒曲	1	imasdb-f1bc6cc68da3			unmatched	
gakuen_光景	光景	光景		長谷川白紙	長谷川白紙	長谷川白紙	長谷川白紙	篠澤広	solo	gakuen			imasdb-38ed9702e347			unmatched	
gakuen_冠菊	冠菊	冠菊		大山恭子 (Rebrast)	大山恭子 (Rebrast)	早川博隆 (Rebrast)、河原レオ (Rebrast)	早川博隆 (Rebrast);河原レオ (Rebrast)	花海咲季、藤田ことね、葛城リーリヤ	unit	gakuen			imasdb-acbd114a7ee8			unmatched	
gakuen_初	初	初		原口沙輔	原口沙輔	原口沙輔	原口沙輔	花海咲季、月村手毬、藤田ことね、姫崎莉波、紫雲清夏、篠澤広、葛城リーリヤ、倉本千奈、有村麻央	unit	gakuen			imasdb-2fe12180578f			unmatched	
gakuen_初星体操第一	初星体操第一	初星体操第一		大澤めい(Bandai Namco Studios Inc.)	大澤めい(Bandai Namco Studios Inc.)	大澤めい(Bandai Namco Studios Inc.)	大澤めい(Bandai Namco Studios Inc.)	根緒亜紗里	unit	gakuen			imasdb-cd61a5e49c1e			unmatched	
gakuen_古今東西ちょちょいのちょい	古今東西ちょちょいのちょい	古今東西ちょちょいのちょい		大澤めい(Bandai Namco Studios Inc.)	大澤めい(Bandai Namco Studios Inc.)	大澤めい(Bandai Namco Studios Inc.)	大澤めい(Bandai Namco Studios Inc.)	初星学園	unit	gakuen			imasdb-28dd73247865			unmatched	
gakuen_叶えたいことばかり	叶えたい、ことばかり	叶えたい、ことばかり		田中透真(Dream Monster)	田中透真(Dream Monster)	田中透真(Dream Monster)	田中透真(Dream Monster)	月村手毬	solo	gakuen			imasdb-a27a4d134e1a			unmatched	
gakuen_小さな野望	小さな野望	小さな野望		小室みつ子	小室みつ子	椎名豪	椎名豪	十王星南	solo	gakuen			imasdb-3f745c7a6502			unmatched	
gakuen_憧れをいっぱい	憧れをいっぱい	憧れをいっぱい		高木龍一(Dream Monster)	高木龍一(Dream Monster)	高木龍一(Dream Monster)	高木龍一(Dream Monster)	倉本千奈	solo	gakuen			imasdb-3166412b7b66			unmatched	
gakuen_憧れをいっぱい_tomggg_remix	憧れをいっぱい (Tomggg Remix)	憧れをいっぱい	Tomggg Remix	高木龍一(Dream Monster)	高木龍一(Dream Monster)	高木龍一(Dream Monster)	高木龍一(Dream Monster)	倉本千奈	solo	gakuen	gakuen_憧れをいっぱい	1	imasdb-19a4b35e6865			unmatched	
gakuen_日々発見的ステップ	日々、発見的ステップ!	日々、発見的ステップ!		椿山日南子(Dream Monster)	椿山日南子(Dream Monster)	椿山日南子(Dream Monster)	椿山日南子(Dream Monster)	倉本千奈	solo	gakuen			imasdb-ede7a0eff3cf			unmatched	
gakuen_桜フォトグラフ	桜フォトグラフ	桜フォトグラフ		Safari Natsukawa	Safari Natsukawa	春川仁志(sixth floor)	春川仁志(sixth floor)	葛城リーリヤ、紫雲清夏、花海咲季	unit	gakuen			imasdb-c34ff26c0000			unmatched	
gakuen_極光	極光	極光		重永亮介	重永亮介	重永亮介	重永亮介	葛城リーリヤ	solo	gakuen			imasdb-6ceec3c9d5c5			unmatched	
gakuen_標	標	標		十王邦夫	十王邦夫	佐藤貴文	佐藤貴文	初星学園	unit	gakuen			imasdb-fff5a82bee5c			unmatched	
gakuen_歌声は君いろ	歌声は君いろ	歌声は君いろ		栗山健太、渡辺ほのか	栗山健太;渡辺ほのか	田中ひなの(IKW)	田中ひなの(IKW)	姫崎莉波	solo	gakuen			imasdb-2d5f4261b920			unmatched	
gakuen_理論武装して	理論武装して	理論武装して		松隈ケンタ、GBB あやか	松隈ケンタ;GBB あやか	松隈ケンタ	松隈ケンタ	雨夜燕	solo	gakuen			imasdb-925c17d8802a			unmatched	
gakuen_白線	白線	白線		ナユタン星人	ナユタン星人	ナユタン星人	ナユタン星人	葛城リーリヤ	solo	gakuen			imasdb-eca3e2fe8a41			unmatched	
gakuen_白線_やしきん_remix	白線 (やしきん Remix)	白線	やしきん Remix	ナユタン星人	ナユタン星人	ナユタン星人	ナユタン星人	葛城リーリヤ	solo	gakuen	gakuen_白線	1	imasdb-7c91ca604085			unmatched	
gakuen_真っ白いページと水彩の主人公	真っ白いページと水彩の主人公	真っ白いページと水彩の主人公						花海佑芽	solo	gakuen			imasdb-f61dd8ca9634			unmatched	
gakuen_空と約束	空と約束	空と約束		大森祥子	大森祥子	Evan Call	Evan Call	倉本千奈	solo	gakuen			imasdb-54192674d08a			unmatched	
gakuen_自己肯定感爆上げしゅきしゅきソング	自己肯定感爆上げ↑↑しゅきしゅきソング	自己肯定感爆上げ↑↑しゅきしゅきソング		ヒゲドライバー	ヒゲドライバー	ヒゲドライバー	ヒゲドライバー	藤田ことね	solo	gakuen			imasdb-dd29ccd546c8			unmatched	
gakuen_見て	見て	見て		kamome sano	kamome sano	kamome sano	kamome sano	有村麻央	solo	gakuen			imasdb-c231d050fd71			unmatched	
gakuen_赤裸々	赤裸々	赤裸々		岩里祐穂	岩里祐穂	岡部啓一(MONACA)	岡部啓一(MONACA)	十王星南	solo	gakuen			imasdb-e1fac07c14ec			unmatched	
gakuen_金の斧銀の斧エメラルドの斧	金の斧、銀の斧、エメラルドの斧	金の斧、銀の斧、エメラルドの斧		大澤めい(Bandai Namco Studios Inc.)	大澤めい(Bandai Namco Studios Inc.)	大澤めい(Bandai Namco Studios Inc.)	大澤めい(Bandai Namco Studios Inc.)	花海佑芽	solo	gakuen			imasdb-90c917c17ae7			unmatched	
gakuen_雨上がりのアイリス	雨上がりのアイリス	雨上がりのアイリス		こだまさおり	こだまさおり	神前暁(MONACA)	神前暁(MONACA)	Re;IRIS(花海咲季、月村手毬、藤田ことね)	unit	gakuen			imasdb-19143c9af455			unmatched	
gakuen_雪解けに	雪解けに	雪解けに		大山恭子 (Rebrast)	大山恭子 (Rebrast)	河原レオ (Rebrast)	河原レオ (Rebrast)	有村麻央、月村手毬、倉本千奈	unit	gakuen			imasdb-fd622a82a620			unmatched	
ml_7days_a_week	7Days A Week!!	7Days A Week!!		辻純更	辻純更	塩原大貴	塩原大貴	765 MILLION ALLSTARS(天海春香、春日未来、如月千早、木下ひなた、四条貴音、ジュリア、高山紗代子、田中琴葉、天空橋朋花、箱崎星梨花、松田亜利沙、三浦あずさ、水瀬伊織、最上静香、望月杏奈、矢吹可奈、エミリー スチュアート、大神環、我那覇響、菊地真、北上麗花、高坂海美、佐竹美奈子、島原エレナ、高槻やよい、永吉昴、野々原茜、馬場このみ、福田のり子、舞浜歩、真壁瑞希、百瀬莉緒、横山奈緒、秋月律子、伊吹翼、北沢志保、篠宮可憐、周防桃子、徳川まつり、所恵美、豊川風花、中谷育、七尾百合子、二階堂千鶴、萩原雪歩、ロコ、双海亜美、双海真美、星井美希、宮尾美也、白石紬、桜守歌織)	all	ml			imasdb-319530ff677b			unmatched	
ml_7daysaweek北上麗花ver	7Days A Week!! (北上麗花 Ver.)	7Days A Week!!	北上麗花 Ver.					北上麗花	solo	ml		1	imasdb-f5879770eec5			unmatched	
ml_7daysaweek松田亜利沙ver	7Days A Week!! (松田亜利沙 Ver.)	7Days A Week!!	松田亜利沙 Ver.					松田亜利沙	solo	ml		1	imasdb-bf6201e59689			unmatched	
ml_7daysaweek真壁瑞希ver	7Days A Week!! (真壁瑞希 Ver.)	7Days A Week!!	真壁瑞希 Ver.					真壁瑞希	solo	ml		1	imasdb-9dcb198f46d4			unmatched	
ml_7daysaweek馬場このみver	7Days A Week!! (馬場このみ Ver.)	7Days A Week!!	馬場このみ Ver.					馬場このみ	solo	ml		1	imasdb-6980a3cb65d6			unmatched	
ml_7daysaweek高山紗代子ver	7Days A Week!! (高山紗代子 Ver.)	7Days A Week!!	高山紗代子 Ver.					高山紗代子	solo	ml		1	imasdb-5732c1408db4			unmatched	
ml_absolute_run	ABSOLUTE RUN!!!	ABSOLUTE RUN!!!		唐沢美帆	唐沢美帆	高田暁	高田暁	ストロベリーポップムーン(春日未来、最上静香、伊吹翼)	unit	ml			imasdb-f4cf829f8da6			unmatched	
ml_addicted	addicted	addicted		KOH	KOH	KOH	KOH	四条貴音	solo	ml			imasdb-08fcf04f7fc9			unmatched	
ml_addicted_snails_house_remix	addicted (Snail's House Remix)	addicted	Snail's House Remix	KOH	KOH	KOH	KOH	四条貴音	solo	ml	ml_addicted	1	imasdb-c13d3746dd65			unmatched	
ml_aikane	AIKANE?	AIKANE?		ZAQ	ZAQ	ZAQ	ZAQ	野々原茜	solo	ml			imasdb-8000ca62504c			unmatched	
ml_all_alone	All Alone	All Alone		遠藤直弥	遠藤直弥	遠藤直弥	遠藤直弥	エミリー スチュアート、北上麗花、春日未来、北沢志保	unit	ml			imasdb-cdcb8daeedb2			unmatched	
ml_angelic_parade	Angelic Parade♪	Angelic Parade♪		こだまさおり	こだまさおり	rionos	rionos	エンジェルスターズ(伊吹翼、北上麗花、桜守歌織、箱崎星梨花、望月杏奈)	unit	ml			imasdb-f5aa39cf9600			unmatched	
ml_arrive_you_それが運命でも	Arrive You 〜それが運命でも〜	Arrive You 〜それが運命でも〜		三好啓太	三好啓太	三好啓太	三好啓太	TIntMe!(大神環、中谷育、周防桃子)	unit	ml			imasdb-cd4e5e8b2473			unmatched	
ml_art_needs_heart_beats	ART NEEDS HEART BEATS	ART NEEDS HEART BEATS		松井洋平	松井洋平	AstroNoteS	AstroNoteS	ロコ	solo	ml			imasdb-79eaa9679e8f			unmatched	
ml_be_my_boy	Be My Boy	Be My Boy		mavie	mavie	KOH	KOH	百瀬莉緒	solo	ml			imasdb-534523971726			unmatched	
ml_be_my_boynyankobrq_remix	Be my Boy(nyankobrq Remix)	Be my Boy	nyankobrq Remix	mavie	mavie	KOH	KOH	百瀬莉緒	solo	ml	ml_be_my_boy	1	imasdb-591a8fd82cd4			unmatched	
ml_be_proud	Be proud	Be proud		唐沢美帆	唐沢美帆	高田暁	高田暁	ストロベリーポップムーン(春日未来、最上静香、伊吹翼)	unit	ml			imasdb-ee910bc2a40f			unmatched	
ml_beat_the_world	Beat the World!!!	Beat the World!!!		唐沢美帆	唐沢美帆	EFFY	EFFY	菊地真×舞浜歩	solo	ml			imasdb-80e521c8f064			unmatched	
ml_beautiful_believer	Beautiful Believer	Beautiful Believer		MEG.ME	MEG.ME	GRP・NIYA	GRP;NIYA	所恵美	solo	ml			imasdb-795ac7b41ddd			unmatched	
ml_believe_clover	Believe Clover	Believe Clover		工藤了	工藤了	堀江晶太	堀江晶太	Clover(矢吹可奈、北沢志保、箱崎星梨花、高坂海美)	unit	ml			imasdb-928347bc5fbf			unmatched	
ml_believe_my_change	Believe my change!	Believe my change!		真崎エリカ	真崎エリカ	西添健、桑原聖(Arte Refact)	西添健;桑原聖(Arte Refact)	伊吹翼	solo	ml			imasdb-dba818f2a77e			unmatched	
ml_believe_my_change_teddyloid_remix	Believe my change! (TeddyLoid Remix)	Believe my change!	TeddyLoid Remix	真崎エリカ	真崎エリカ	西添健、桑原聖(Arte Refact)	西添健;桑原聖(Arte Refact)	伊吹翼	solo	ml	ml_believe_my_change	1	imasdb-b18bd6ebf7ef			unmatched	
ml_bestest	Bestest!!	Bestest!!		RUCCA	RUCCA	EFFY	EFFY	馬場このみ、天海春香、田中琴葉、中谷育、松田亜利沙	unit	ml			imasdb-28b10865daa7			unmatched	
ml_bigバルーン	Bigバルーン◎	Bigバルーン◎		こだまさおり	こだまさおり	高田暁	高田暁	双海亜美、永吉昴、野々原茜、馬場このみ	unit	ml			imasdb-5a7aebb9e8c1			unmatched	
ml_bigバルーンko3_remix	Bigバルーン◎(KO3 Remix)	Bigバルーン◎	KO3 Remix	こだまさおり	こだまさおり	高田暁	高田暁	双海亜美、永吉昴、野々原茜、馬場このみ	unit	ml	ml_bigバルーン	1	imasdb-debf4e1a89e9			unmatched	
ml_birth_of_color	Birth of Color	Birth of Color		藤本記子	藤本記子	EFFY	EFFY	BIRTH(菊地真、萩原雪歩、舞浜歩、三浦あずさ、矢吹可奈)	unit	ml			imasdb-36815a2d59a3			unmatched	
ml_birth_of_color_kiwi_remix	Birth of Color (KiWi Remix)	Birth of Color	KiWi Remix	藤本記子	藤本記子	EFFY	EFFY	BIRTH(菊地真、萩原雪歩、舞浜歩、三浦あずさ、矢吹可奈)	unit	ml	ml_birth_of_color	1	imasdb-6ab148795e50			unmatched	
ml_bitter_sweet	bitter sweet	bitter sweet		KOH	KOH	KOH	KOH	豊川風花	solo	ml			imasdb-5479470428b5			unmatched	
ml_bitter_sweet_チバニャン_remix	bitter sweet (チバニャン Remix)	bitter sweet	チバニャン Remix	KOH	KOH	KOH	KOH	豊川風花	solo	ml	ml_bitter_sweet	1	imasdb-99f83bf37b75			unmatched	
ml_blackparty	Black★Party	Black★Party		NA.ZU.NA	NA.ZU.NA	NA.ZU.NA	NA.ZU.NA	TRICK&TREAT(北上麗花、野々原茜)	unit	ml			imasdb-406f821fdce6			unmatched	
ml_blue_symphony	Blue Symphony	Blue Symphony		こだまさおり	こだまさおり	山口朗彦	山口朗彦	如月千早、北沢志保、田中琴葉、所恵美	unit	ml			imasdb-48398344228b			unmatched	
ml_blue_symphony_teddyloid_remix	Blue Symphony (TeddyLoid Remix)	Blue Symphony	TeddyLoid Remix	こだまさおり	こだまさおり	山口朗彦	山口朗彦	如月千早、北沢志保、田中琴葉、所恵美	unit	ml	ml_blue_symphony	1	imasdb-2b68f7eb59f6			unmatched	
ml_bonnes_bonnes_vacances	Bonnes! Bonnes!! Vacances!!!	Bonnes! Bonnes!! Vacances!!!		松井洋平	松井洋平	AstroNoteS	AstroNoteS	リブラ(伊吹翼、佐竹美奈子、福田のり子)	unit	ml			imasdb-afe83a6a764a			unmatched	
ml_border_line	Border LINE→→→♡	Border LINE→→→♡		唐沢美帆	唐沢美帆	睦月周平	睦月周平	百瀬莉緒	solo	ml			imasdb-b3204f948d00			unmatched	
ml_born_on_dream_hanabinight	BORN ON DREAM! 〜HANABI☆NIGHT〜	BORN ON DREAM! 〜HANABI☆NIGHT〜		松井洋平	松井洋平	AstroNoteS	AstroNoteS	閃光☆HANABI団(高山紗代子、横山奈緒、高坂海美、佐竹美奈子、福田のり子)	unit	ml			imasdb-7981d1aca94d			unmatched	
ml_bouncing_smile	BOUNCING♪ SMILE!	BOUNCING♪ SMILE!		松井洋平	松井洋平	石田秀登	石田秀登	大神環	solo	ml			imasdb-87c5cf5f95b4			unmatched	
ml_bouncing_smiledj_wildparty_remix	BOUNCING♪ SMILE!(DJ WILDPARTY Remix)	BOUNCING♪ SMILE!	DJ WILDPARTY Remix	松井洋平	松井洋平	石田秀登	石田秀登	大神環	solo	ml	ml_bouncing_smile	1	imasdb-7f77893c060c			unmatched	
ml_brand_new_theater	Brand New Theater!	Brand New Theater!		モモキエイジ	モモキエイジ	BNSI(佐藤貴文)	佐藤貴文	765 MILLION ALLSTARS 天海春香、春日未来、如月千早、木下ひなた、四条貴音、ジュリア、高山紗代子、天空橋朋花、箱崎星梨花、松田亜利沙、三浦あずさ、水瀬伊織、最上静香、望月杏奈、矢吹可奈、エミリー スチュアート、大神環、我那覇響、菊地真、北上麗花、高坂海美、佐竹美奈子、島原エレナ、高槻やよい、永吉昴、野々原茜、馬場このみ、福田のり子、舞浜歩、真壁瑞希、百瀬莉緒、横山奈緒、秋月律子、伊吹翼、北沢志保、篠宮可憐、周防桃子、徳川まつり、所恵美、豊川風花、中谷育、七尾百合子、二階堂千鶴、萩原雪歩、ロコ、双海亜美、双海真美、星井美希、宮尾美也、白石紬、桜守歌織	all	ml			imasdb-41cad0d86631			unmatched	
ml_brand_new_theater_brand_new_year_ver	Brand New Theater! 〜Brand New Year Ver.〜	Brand New Theater! 〜Brand New Year Ver.〜		モモキエイジ	モモキエイジ	BNSI(佐藤貴文)	佐藤貴文	765 MILLION ALLSTARS(天海春香、春日未来、如月千早、木下ひなた、四条貴音、ジュリア、高山紗代子、田中琴葉、天空橋朋花、箱崎星梨花、松田亜利沙、三浦あずさ、水瀬伊織、最上静香、望月杏奈、矢吹可奈、エミリー スチュアート、大神環、我那覇響、菊地真、北上麗花、高坂海美、佐竹美奈子、島原エレナ、高槻やよい、永吉昴、野々原茜、馬場このみ、福田のり子、舞浜歩、真壁瑞希、百瀬莉緒、横山奈緒、秋月律子、伊吹翼、北沢志保、篠宮可憐、周防桃子、徳川まつり、所恵美、豊川風花、中谷育、七尾百合子、二階堂千鶴、萩原雪歩、ロコ、双海亜美、双海真美、星井美希、宮尾美也、白石紬、桜守歌織)	all	ml	ml_brand_new_theater		imasdb-33b897245750			unmatched	
ml_brandnewtheater北上麗花ver	Brand New Theater! (北上麗花 Ver.)	Brand New Theater!	北上麗花 Ver.					北上麗花	solo	ml		1	imasdb-adb19a84d907			unmatched	
ml_brandnewtheater如月千早ver	Brand New Theater! (如月千早 Ver.)	Brand New Theater!	如月千早 Ver.					如月千早	solo	ml		1	imasdb-ae0773adfcc3			unmatched	
ml_brandnewtheater真壁瑞希ver	Brand New Theater! (真壁瑞希 Ver.)	Brand New Theater!	真壁瑞希 Ver.					真壁瑞希	solo	ml		1	imasdb-cebd0c86bf99			unmatched	
ml_brandnewtheater馬場このみver	Brand New Theater! (馬場このみ Ver.)	Brand New Theater!	馬場このみ Ver.					馬場このみ	solo	ml		1	imasdb-55d73a697adc			unmatched	
ml_brandnewtheater高山紗代子ver	Brand New Theater! (高山紗代子 Ver.)	Brand New Theater!	高山紗代子 Ver.					高山紗代子	solo	ml		1	imasdb-36dba93dbadf			unmatched	
ml_brave_harmony	brave HARMONY	brave HARMONY		結城アイラ	結城アイラ	山口朗彦	山口朗彦	BlueMoon Harmony(北上麗花、篠宮可憐、ジュリア、高山紗代子、天空橋朋花、所恵美、永吉昴、七尾百合子、二階堂千鶴、舞浜歩、真壁瑞希、最上静香)	unit	ml			imasdb-0c8f0e93390d			unmatched	
ml_cat_crossing	CAT CROSSING	CAT CROSSING		中村彼方	中村彼方	中野ゆう	中野ゆう	北沢志保	solo	ml			imasdb-9690f2480972			unmatched	
ml_catch_my_dream	Catch my dream	Catch my dream		Mine	Mine	中土智博	中土智博	最上静香	solo	ml			imasdb-f00e3582b30c			unmatched	
ml_catch_my_dream_チバニャン_remix	Catch my dream (チバニャン Remix)	Catch my dream	チバニャン Remix	Mine	Mine	中土智博	中土智博	最上静香	solo	ml	ml_catch_my_dream	1	imasdb-b2e566317898			unmatched	
ml_catch_my_feeling	catch my feeling	catch my feeling		KOH	KOH	KOH	KOH	MILLIONSTARS Team4th(馬場このみ、周防桃子、二階堂千鶴、松田亜利沙、横山奈緒、ロコ)	all	ml			imasdb-a5e6a69b6c3e			unmatched	
ml_cheer_up_hearts_up	CHEER UP! HEARTS UP!	CHEER UP! HEARTS UP!		nobara kaede	nobara kaede	渡辺泰司	渡辺泰司	望月杏奈、矢吹可奈、天海春香、ジュリア	unit	ml			imasdb-f2e57255f1fe			unmatched	
ml_cherry_colored_love	Cherry Colored Love	Cherry Colored Love		櫻澤ヒカル	櫻澤ヒカル	櫻澤ヒカル	櫻澤ヒカル	Sherry’n Cherry(馬場このみ、百瀬莉緒)	unit	ml			imasdb-8582bb367a39			unmatched	
ml_clash_of_colors	Clash of Colors	Clash of Colors		Cocoro.(Dream Monster)	Cocoro.(Dream Monster)	アッシュ井上(Dream Monster)	アッシュ井上(Dream Monster)	横山奈緒、真壁瑞希、永吉昴、萩原雪歩	unit	ml			imasdb-ec04d6078039			unmatched	
ml_clover_days	Clover Days	Clover Days		工藤了	工藤了	じん	じん	Clover(矢吹可奈、北沢志保、箱崎星梨花、高坂海美)	unit	ml			imasdb-1c831ca5d86f			unmatched	
ml_clovers_cry_神と神降ろしの少女	Clover's Cry 〜神と神降ろしの少女〜	Clover's Cry 〜神と神降ろしの少女〜		藤本記子	藤本記子	藤本記子・福富雅之	藤本記子;福富雅之	横山奈緒、馬場このみ、秋月律子、大神環、木下ひなた	unit	ml			imasdb-ca785299f079			unmatched	
ml_collier_de_perles	Collier De Perles	Collier De Perles		CMJK	CMJK	CMJK	CMJK	二階堂千鶴	solo	ml			imasdb-3580fac8637b			unmatched	
ml_colors_on_canvas	COLORS ON CANVAS!	COLORS ON CANVAS!		松井洋平	松井洋平	AstroNoteS	AstroNoteS	ロコ	solo	ml			imasdb-2922f2e6b1ea			unmatched	
ml_come_on_a_tea_party	Come on a Tea Party!	Come on a Tea Party!		中村彼方	中村彼方	光増ハジメ	光増ハジメ	箱崎星梨花	solo	ml			imasdb-f2ad17217212			unmatched	
ml_contrastet	Contrastet	Contrastet		藤本記子	藤本記子	松田彬人	松田彬人	桜守歌織	solo	ml			imasdb-e84e3a3026ff			unmatched	
ml_criminally_dinner_正餐とイーヴルナイフ	Criminally Dinner 〜正餐とイーヴルナイフ〜	Criminally Dinner 〜正餐とイーヴルナイフ〜		真崎エリカ	真崎エリカ	GRP・NIYA	GRP;NIYA	星井美希、舞浜歩、篠宮可憐、中谷育、最上静香	unit	ml			imasdb-2124d242a8ad			unmatched	
ml_cross_the_future	Cross the future	Cross the future		橘亮祐・篠崎あやと	橘亮祐;篠崎あやと	橘亮祐・篠崎あやと	橘亮祐;篠崎あやと	最上静香	solo	ml			imasdb-f98922dd6fb9			unmatched	
ml_crossing	Crossing!	Crossing!		唐沢美帆	唐沢美帆	堀江晶太	堀江晶太	765 MILLION ALLSTARS(天海春香、春日未来、如月千早、木下ひなた、四条貴音、ジュリア、高山紗代子、田中琴葉、天空橋朋花、箱崎星梨花、松田亜利沙、三浦あずさ、水瀬伊織、最上静香、望月杏奈、矢吹可奈、エミリー スチュアート、大神環、我那覇響、菊地真、北上麗花、高坂海美、佐竹美奈子、島原エレナ、高槻やよい、永吉昴、野々原茜、馬場このみ、福田のり子、舞浜歩、真壁瑞希、百瀬莉緒、横山奈緒、秋月律子、伊吹翼、北沢志保、篠宮可憐、周防桃子、徳川まつり、所恵美、豊川風花、中谷育、七尾百合子、二階堂千鶴、萩原雪歩、ロコ、双海亜美、双海真美、星井美希、宮尾美也、白石紬、桜守歌織)	all	ml			imasdb-7ec722203225			unmatched	
ml_crossing七尾百合子ver	Crossing! (七尾百合子 Ver.)	Crossing!	七尾百合子 Ver.					七尾百合子	solo	ml		1	imasdb-9c31554dc3a8			unmatched	
ml_crossing北上麗花ver	Crossing! (北上麗花 Ver.)	Crossing!	北上麗花 Ver.					北上麗花	solo	ml		1	imasdb-dda119845abf			unmatched	
ml_crossing北沢志保ver	Crossing! (北沢志保 Ver.)	Crossing!	北沢志保 Ver.					北沢志保	solo	ml		1	imasdb-53bed2c92871			unmatched	
ml_crossing天海春香ver	Crossing! (天海春香 Ver.)	Crossing!	天海春香 Ver.					天海春香	solo	ml		1	imasdb-ce0ebc123b9a			unmatched	
ml_crossing如月千早ver	Crossing! (如月千早 Ver.)	Crossing!	如月千早 Ver.					如月千早	solo	ml		1	imasdb-11a7f39d3849			unmatched	
ml_crossing宮尾美也ver	Crossing! (宮尾美也 Ver.)	Crossing!	宮尾美也 Ver.					宮尾美也	solo	ml		1	imasdb-be5600a38f2f			unmatched	
ml_crossing所恵美ver	Crossing! (所 恵美 Ver.)	Crossing!	所 恵美 Ver.					所恵美	solo	ml		1	imasdb-0b398b6339e1			unmatched	
ml_crossing望月杏奈ver	Crossing! (望月杏奈 Ver.)	Crossing!	望月杏奈 Ver.					望月杏奈	solo	ml		1	imasdb-4400924c0e40			unmatched	
ml_crossing松田亜利沙ver	Crossing! (松田亜利沙 Ver.)	Crossing!	松田亜利沙 Ver.					松田亜利沙	solo	ml		1	imasdb-4afcdaf75b2e			unmatched	
ml_crossing桜守歌織ver	Crossing! (桜守歌織 Ver.)	Crossing!	桜守歌織 Ver.					桜守歌織	solo	ml		1	imasdb-7348d099cb2a			unmatched	
ml_crossing水瀬伊織ver	Crossing! (水瀬伊織 Ver.)	Crossing!	水瀬伊織 Ver.					水瀬伊織	solo	ml		1	imasdb-d4057a196ff1			unmatched	
ml_crossing白石紬ver	Crossing! (白石 紬 Ver.)	Crossing!	白石 紬 Ver.					白石紬	solo	ml		1	imasdb-b12ab5e59ab8			unmatched	
ml_crossing真壁瑞希ver	Crossing! (真壁瑞希 Ver.)	Crossing!	真壁瑞希 Ver.					真壁瑞希	solo	ml		1	imasdb-66510ae306c7			unmatched	
ml_crossing馬場このみver	Crossing! (馬場このみ Ver.)	Crossing!	馬場このみ Ver.					馬場このみ	solo	ml		1	imasdb-f8573da3a9a2			unmatched	
ml_crossing高山紗代子ver	Crossing! (高山紗代子 Ver.)	Crossing!	高山紗代子 Ver.					高山紗代子	solo	ml		1	imasdb-f5656d5e20c1			unmatched	
ml_cut_cut_cut	Cut. Cut. Cut.	Cut. Cut. Cut.		松井洋平	松井洋平	睦月周平	睦月周平	周防桃子×真壁瑞希	solo	ml			imasdb-b004b1093825			unmatched	
ml_dance_in_the_light	Dance in the Light	Dance in the Light		南悠翔	南悠翔	南悠翔	南悠翔	舞浜歩、水瀬伊織、高山紗代子、永吉昴、百瀬莉緒	unit	ml			imasdb-ebd559fc9713			unmatched	
ml_dans_lobscurité	dans l'obscurité	dans l'obscurité		中村彼方	中村彼方	大和	大和	クロノレキシカ(七尾百合子、望月杏奈、永吉昴、ロコ、真壁瑞希)	unit	ml			imasdb-212c6112f2df			unmatched	
ml_date_parade	DATE PARADE!	DATE PARADE!		松井洋平	松井洋平	Neko Hacker	Neko Hacker	星井美希	solo	ml			imasdb-6644299fda27			unmatched	
ml_day_after_yesterday	Day After “Yesterday”	Day After “Yesterday”		松井洋平	松井洋平	高田暁	高田暁	永吉昴	solo	ml			imasdb-db3014002a39			unmatched	
ml_day_after_yesterday_yukiyanagi_remix	Day After “Yesterday” (yukiyanagi Remix)	Day After “Yesterday”	yukiyanagi Remix	松井洋平	松井洋平	高田暁	高田暁	永吉昴	solo	ml	ml_day_after_yesterday	1	imasdb-6f10df3eca62			unmatched	
ml_dear	dear...	dear...		KOH	KOH	KOH	KOH	馬場このみ	solo	ml			imasdb-1022130acd58			unmatched	
ml_dear_teddyloid_remix	dear... (TeddyLoid Remix)	dear...	TeddyLoid Remix	KOH	KOH	KOH	KOH	馬場このみ	solo	ml	ml_dear	1	imasdb-9b739ae9e219			unmatched	
ml_decided	Decided	Decided		結城アイラ	結城アイラ	山口朗彦	山口朗彦	徳川まつり×馬場このみ	solo	ml			imasdb-5007875acc86			unmatched	
ml_deep_deep_blue	Deep, Deep Blue	Deep, Deep Blue		宮崎まゆ	宮崎まゆ	宮崎まゆ	宮崎まゆ	ダイヤモンドダイバー◇(高槻やよい、天海春香、我那覇響)	unit	ml			imasdb-77d2e02b34bf			unmatched	
ml_departure_from_the_life	DEpArture from THe life	DEpArture from THe life		モリタコータ	モリタコータ	小高光太郎	小高光太郎	ARCANA(三浦あずさ、如月千早、四条貴音)	unit	ml			imasdb-c7f701d271e3			unmatched	
ml_detective_high_恋探偵物語	DETECTIVE HIGH! 〜恋探偵物語〜	DETECTIVE HIGH! 〜恋探偵物語〜		松井洋平	松井洋平	石井健太郎	石井健太郎	双海真美	solo	ml			imasdb-e2f6c379b44c			unmatched	
ml_detective_high_恋探偵物語_giga_remix	DETECTIVE HIGH! ~恋探偵物語~ (Giga Remix)	DETECTIVE HIGH!	恋探偵物語 Giga Remix	松井洋平	松井洋平	石井健太郎	石井健太郎	双海真美	solo	ml	ml_detective_high_恋探偵物語	1	imasdb-da54003fb4f1			unmatched	
ml_diamond_days	DIAMOND DAYS	DIAMOND DAYS		rino	rino	高田暁	高田暁	七尾百合子、天空橋朋花、箱崎星梨花、松田亜利沙、ロコ	unit	ml			imasdb-6f66d9f28f44			unmatched	
ml_diamond_joker	DIAMOND JOKER	DIAMOND JOKER		早川博隆	早川博隆	早川博隆・Tsubasa	早川博隆;Tsubasa	伊吹翼、徳川まつり、四条貴音、所恵美	unit	ml			imasdb-28c284c80d18			unmatched	
ml_discord_area	Discord Area	Discord Area		松井洋平	松井洋平	白戸佑輔	白戸佑輔	秋月律子	solo	ml			imasdb-fb3ab447adc5			unmatched	
ml_do_the_idol_断崖絶壁チュパカブラ	Do the IDOL!! 〜断崖絶壁チュパカブラ〜	Do the IDOL!! 〜断崖絶壁チュパカブラ〜		藤本記子	藤本記子	BNSI(佐藤貴文)	佐藤貴文	伊吹翼、天空橋朋花、永吉昴、エミリー スチュアート、七尾百合子	unit	ml			imasdb-d126717cc5fa			unmatched	
ml_do_the_idol_謹賀新年リミックス	Do the IDOL!! 〜謹賀新年リミックス〜	Do the IDOL!! 〜謹賀新年リミックス〜		藤本記子	藤本記子	BNSI(佐藤貴文)	佐藤貴文	伊吹翼、エミリー スチュアート、七尾百合子、天空橋朋花、永吉昴	unit	ml			imasdb-eabd3ed8bb33			unmatched	
ml_dreaming	Dreaming!	Dreaming!		真崎エリカ	真崎エリカ	BNSI(佐藤貴文)	佐藤貴文	春日未来、最上静香、伊吹翼	unit	ml			imasdb-829cb17163e7			unmatched	
ml_dreaming_-mr_remix-	Dreaming! -MR remix-	Dreaming!	MR remix	真崎エリカ	真崎エリカ	BNSI (佐藤貴文)	佐藤貴文	春日未来、最上静香、箱崎星梨花	unit	ml	ml_dreaming	1	imasdb-d6eb87662e7a			unmatched	
ml_dreamscape	Dreamscape	Dreamscape		藤本記子	藤本記子	藤本記子	藤本記子	永吉昴×福田のり子	solo	ml			imasdb-d74268a7e686			unmatched	
ml_dreamy_dream	Dreamy Dream	Dreamy Dream		OSTER project	OSTER project	OSTER project	OSTER project	Xs(萩原雪歩、星井美希、菊地真、水瀬伊織)	unit	ml			imasdb-8393d92e9d58			unmatched	
ml_dual_style_idol	Dual Style Idol	Dual Style Idol		藤本記子	藤本記子	山田飛鳥(Arte Refact)	山田飛鳥(Arte Refact)	舞浜歩	solo	ml			imasdb-2811daf19319			unmatched	
ml_emergence_vibe	Emergence Vibe	Emergence Vibe		松井洋平	松井洋平	AstroNoteS	AstroNoteS	島原エレナ×星井美希	solo	ml			imasdb-f4461c49b77c			unmatched	
ml_enjoyfeel	Enjoy&Feel	Enjoy&Feel		新田目翔	新田目翔	新田目翔	新田目翔	桜守歌織	solo	ml			imasdb-9ec3480e8eee			unmatched	
ml_enterpleasure	ENTER→PLEASURE	ENTER→PLEASURE		真崎エリカ	真崎エリカ	原田篤 (Arte Refact)	原田篤 (Arte Refact)	望月杏奈	solo	ml			imasdb-b8cb663db72e			unmatched	
ml_episode_tiara	Episode. Tiara	Episode. Tiara		真崎エリカ	真崎エリカ	EFFY	EFFY	STAR ELEMENTS(春日未来、矢吹可奈、田中琴葉)	unit	ml			imasdb-5d25f96c7659			unmatched	
ml_espada	ESPADA	ESPADA		松井洋平	松井洋平	堀江晶太	堀江晶太	SHADE OF SPADE(豊川風花、エミリー スチュアート、我那覇響、北沢志保、篠宮可憐、白石紬、中谷育、永吉昴、野々原茜、双海亜美、星井美希、舞浜歩、最上静香)	unit	ml			imasdb-31e99804b294			unmatched	
ml_especially_angel	Especially Angel♡	Especially Angel♡		新谷風太	新谷風太	岸田勇気	岸田勇気	豊川風花、双海真美、北上麗花、島原エレナ、馬場このみ、三浦あずさ	unit	ml			imasdb-ede6ea7aa0aa			unmatched	
ml_eternal_harmony	Eternal Harmony	Eternal Harmony		Ayaka Miyake, TAKAROT	Ayaka Miyake;TAKAROT	Mitsuyuki Miyake, K's, TAKAROT	Mitsuyuki Miyake;K's;TAKAROT	エターナルハーモニー(如月千早、エミリー スチュアート、ジュリア、徳川まつり、豊川風花)	unit	ml			imasdb-ab312417b2cc			unmatched	
ml_eternal_harmony_チバニャン_remix	Eternal Harmony (チバニャン Remix)	Eternal Harmony	チバニャン Remix	Ayaka Miyake, TAKAROT	Ayaka Miyake;TAKAROT	Mitsuyuki Miyake, K's, TAKAROT	Mitsuyuki Miyake;K's;TAKAROT	エターナルハーモニー(如月千早、エミリー スチュアート、ジュリア、徳川まつり、豊川風花)	unit	ml	ml_eternal_harmony	1	imasdb-829f5e406d95			unmatched	
ml_eternal_spiral	Eternal Spiral	Eternal Spiral		松井洋平	松井洋平	AstroNoteS	AstroNoteS	高槻やよい×矢吹可奈	solo	ml			imasdb-6cecc283d551			unmatched	
ml_everlasting	Everlasting	Everlasting		青木朋子・久澄春人	青木朋子;久澄春人	shilo	shilo	夜想令嬢 -GRAC&E NOCTURNE-(天空橋朋花、所恵美、二階堂千鶴、百瀬莉緒)	unit	ml			imasdb-3dc1cff0dd0e			unmatched	
ml_everyday_stars	EVERYDAY STARS!!	EVERYDAY STARS!!		BNSI(東義人)	東義人	宮崎まゆ	宮崎まゆ	四条貴音、真壁瑞希、木下ひなた、矢吹可奈、横山奈緒	unit	ml			imasdb-6851a586f86a			unmatched	
ml_fairy_daysは絶え間ない	Fairy Daysは絶え間ない	Fairy Daysは絶え間ない		結城アイラ	結城アイラ	高橋諒	高橋諒	ロコ、四条貴音、如月千早、二階堂千鶴、最上静香	unit	ml			imasdb-ec79ccf17a60			unmatched	
ml_fairytaleじゃいられない	FairyTaleじゃいられない	FairyTaleじゃいられない		結城アイラ	結城アイラ	堀江晶太	堀江晶太	フェアリースターズ(最上静香、白石紬、所恵美、ジュリア、北沢志保)	unit	ml			imasdb-ae5b38cade39			unmatched	
ml_faithtofaith	FAITH/TO/FAITH	FAITH/TO/FAITH		松井洋平	松井洋平	水野谷怜(Arte Refact)	水野谷怜(Arte Refact)	七尾百合子、三浦あずさ、我那覇響、島原エレナ、真壁瑞希、百瀬莉緒	unit	ml			imasdb-fd9e79ec5059			unmatched	
ml_fake_selftrue_self	FAKE SELF×TRUE SELF	FAKE SELF×TRUE SELF		結城アイラ	結城アイラ	山口朗彦	山口朗彦	星井美希	solo	ml			imasdb-fcd8dc0f1ce5			unmatched	
ml_fake_selftrue_self_sober_bear_remix	FAKE SELF×TRUE SELF (Sober Bear Remix)	FAKE SELF×TRUE SELF	Sober Bear Remix	結城アイラ	結城アイラ	山口朗彦	山口朗彦	星井美希	solo	ml	ml_fake_selftrue_self	1	imasdb-11fff2b00c78			unmatched	
ml_fermata_in_rapsodia	Fermata in Rapsodia	Fermata in Rapsodia		モリタコータ	モリタコータ	小高光太郎	小高光太郎	ARCANA(三浦あずさ、如月千早、四条貴音)	unit	ml			imasdb-5a9e8728e292			unmatched	
ml_find_your_wind	FIND YOUR WIND!	FIND YOUR WIND!		松井洋平	松井洋平	中土智博	中土智博	北上麗花	solo	ml			imasdb-56036dda60a8			unmatched	
ml_find_your_wind_teddyloid_remix	FIND YOUR WIND! (TeddyLoid Remix)	FIND YOUR WIND!	TeddyLoid Remix	松井洋平	松井洋平	中土智博	中土智博	北上麗花	solo	ml	ml_find_your_wind	1	imasdb-da0be265be53			unmatched	
ml_flooding	Flooding	Flooding		真崎エリカ	真崎エリカ	矢鴇つかさ(Arte Refact)	矢鴇つかさ(Arte Refact)	クレシェンドブルー(最上静香、北上麗花、北沢志保、野々原茜、箱崎星梨花)	unit	ml			imasdb-3058a427c5b6			unmatched	
ml_fly_to_everywhere	FLY TO EVERYWHERE	FLY TO EVERYWHERE		松井洋平	松井洋平	石井伸昂	石井伸昂	菊地真	solo	ml			imasdb-3a3507253941			unmatched	
ml_fly_to_everywheregetty_remix	FLY TO EVERYWHERE(Getty Remix)	FLY TO EVERYWHERE	Getty Remix	松井洋平	松井洋平	石井伸昂	石井伸昂	菊地真	solo	ml	ml_fly_to_everywhere	1	imasdb-001e5896eaea			unmatched	
ml_flyers	Flyers!!!	Flyers!!!		唐沢美帆	唐沢美帆	新田目翔	新田目翔	765 MILLION ALLSTARS 天海春香、春日未来、如月千早、木下ひなた、四条貴音、ジュリア、高山紗代子、田中琴葉、天空橋朋花、箱崎星梨花、松田亜利沙、三浦あずさ、水瀬伊織、最上静香、望月杏奈、矢吹可奈、エミリー スチュアート、大神環、我那覇響、菊地真、北上麗花、高坂海美、佐竹美奈子、島原エレナ、高槻やよい、永吉昴、野々原茜、馬場このみ、福田のり子、舞浜歩、真壁瑞希、百瀬莉緒、横山奈緒、秋月律子、伊吹翼、北沢志保、篠宮可憐、周防桃子、徳川まつり、所恵美、豊川風花、中谷育、七尾百合子、二階堂千鶴、萩原雪歩、ロコ、双海亜美、双海真美、星井美希、宮尾美也、白石紬、桜守歌織	all	ml			imasdb-c6e88699a370			unmatched	
ml_flyers_-mr_remix-	Flyers!!! -MR remix-	Flyers!!!	MR remix	唐沢美帆	唐沢美帆	新田目翔	新田目翔	春日未来、最上静香、箱崎星梨花	unit	ml	ml_flyers	1	imasdb-051e5e65f14b			unmatched	
ml_flyers北上麗花ver	Flyers!!! (北上麗花 Ver.)	Flyers!!!	北上麗花 Ver.					北上麗花	solo	ml		1	imasdb-1bcc5c5d0acb			unmatched	
ml_flyers如月千早ver	Flyers!!! (如月千早 Ver.)	Flyers!!!	如月千早 Ver.					如月千早	solo	ml		1	imasdb-eed5ed41bb91			unmatched	
ml_flyers望月杏奈ver	Flyers!!! (望月杏奈 Ver.)	Flyers!!!	望月杏奈 Ver.					望月杏奈	solo	ml		1	imasdb-84aa2cea1d8f			unmatched	
ml_flyers桜守歌織ver	Flyers!!! (桜守歌織 Ver.)	Flyers!!!	桜守歌織 Ver.					桜守歌織	solo	ml		1	imasdb-ad7879b4c6ab			unmatched	
ml_flyers真壁瑞希ver	Flyers!!! (真壁瑞希 Ver.)	Flyers!!!	真壁瑞希 Ver.					真壁瑞希	solo	ml		1	imasdb-8bbc63c8c75b			unmatched	
ml_flyers馬場このみver	Flyers!!! (馬場このみ Ver.)	Flyers!!!	馬場このみ Ver.					馬場このみ	solo	ml		1	imasdb-61048cbccee7			unmatched	
ml_flyers高山紗代子ver	Flyers!!! (高山紗代子 Ver.)	Flyers!!!	高山紗代子 Ver.					高山紗代子	solo	ml		1	imasdb-226ab935a6a6			unmatched	
ml_fruity_love	fruity love	fruity love		宮崎まゆ	宮崎まゆ	宮崎まゆ	宮崎まゆ	野々原茜×ロコ	solo	ml			imasdb-bb75d7131677			unmatched	
ml_fu-wa-du-wa	Fu-Wa-Du-Wa	Fu-Wa-Du-Wa		こだまさおり	こだまさおり	関野元規	関野元規	菊地真、双海真美、島原エレナ、舞浜 歩	unit	ml			imasdb-723c7dc95e2d			unmatched	
ml_fu-wa-du-waチバニャン_remix	Fu-Wa-Du-Wa(チバニャン Remix)	Fu-Wa-Du-Wa	チバニャン Remix	こだまさおり	こだまさおり	関野元規	関野元規	菊地真、双海真美、島原エレナ、舞浜 歩	unit	ml	ml_fu-wa-du-wa	1	imasdb-8b80394de76e			unmatched	
ml_get_lol_get_lol_song	Get lol! Get lol! SONG	Get lol! Get lol! SONG		松井洋平	松井洋平	AstroNoteS	AstroNoteS	ピコピコプラネッツ [木下ひなた、箱崎星梨花、大神環、望月杏奈	unit	ml			imasdb-81646b92734a			unmatched	
ml_get_my_shinin	Get My Shinin’	Get My Shinin’		磯谷佳江	磯谷佳江	関野元規	関野元規	舞浜歩	solo	ml			imasdb-7e2452e551dc			unmatched	
ml_get_my_shinin_dé_dé_mouse_remix	Get My Shinin’ (DÉ DÉ MOUSE Remix)	Get My Shinin’	DÉ DÉ MOUSE Remix	磯谷佳江	磯谷佳江	関野元規	関野元規	舞浜歩	solo	ml	ml_get_my_shinin	1	imasdb-3d6001470ccd			unmatched	
ml_gf	G♡F	G♡F		KOH	KOH	KOH	KOH	秋月律子×篠宮可憐	solo	ml			imasdb-b3637decc831			unmatched	
ml_gift_sign	Gift Sign	Gift Sign		真崎エリカ	真崎エリカ	原田篤(Arte Refact)	原田篤(Arte Refact)	最上静香	solo	ml			imasdb-ed95a774f366			unmatched	
ml_girl_meets_wonder	Girl meets Wonder	Girl meets Wonder		藤本記子	藤本記子	藤本記子	藤本記子	箱崎星梨花、周防桃子、徳川まつり、我那覇響、永吉昴	unit	ml			imasdb-35c885970a09			unmatched	
ml_glow_map	Glow Map	Glow Map		原田篤(Arte Refact)	原田篤(Arte Refact)	半田翼	半田翼	765 MILLION ALLSTARS 天海春香、春日未来、如月千早、木下ひなた、四条貴音、ジュリア、高山紗代子、田中琴葉、天空橋朋花、箱崎星梨花、松田亜利沙、三浦あずさ、水瀬伊織、最上静香、望月杏奈、矢吹可奈、エミリー スチュアート、大神環、我那覇響、菊地真、北上麗花、高坂海美、佐竹美奈子、島原エレナ、高槻やよい、永吉昴、野々原茜、馬場このみ、福田のり子、舞浜歩、真壁瑞希、百瀬莉緒、横山奈緒、秋月律子、伊吹翼、北沢志保、篠宮可憐、周防桃子、徳川まつり、所恵美、豊川風花、中谷育、七尾百合子、二階堂千鶴、萩原雪歩、ロコ、双海亜美、双海真美、星井美希、宮尾美也、白石紬、桜守歌織	all	ml			imasdb-f779c7291087			unmatched	
ml_glowmap北上麗花ver	Glow Map (北上麗花 Ver.)	Glow Map	北上麗花 Ver.					北上麗花	solo	ml		1	imasdb-13a0b1417680			unmatched	
ml_glowmap如月千早ver	Glow Map (如月千早 Ver.)	Glow Map	如月千早 Ver.					如月千早	solo	ml		1	imasdb-d13d3ac223cf			unmatched	
ml_glowmap望月杏奈ver	Glow Map (望月杏奈 Ver.)	Glow Map	望月杏奈 Ver.					望月杏奈	solo	ml		1	imasdb-e305f4f9bb4d			unmatched	
ml_glowmap桜守歌織ver	Glow Map (桜守歌織 Ver.)	Glow Map	桜守歌織 Ver.					桜守歌織	solo	ml		1	imasdb-29a2c16dd5f1			unmatched	
ml_glowmap真壁瑞希ver	Glow Map (真壁瑞希 Ver.)	Glow Map	真壁瑞希 Ver.					真壁瑞希	solo	ml		1	imasdb-95b9e7e20f49			unmatched	
ml_glowmap馬場このみver	Glow Map (馬場このみ Ver.)	Glow Map	馬場このみ Ver.					馬場このみ	solo	ml		1	imasdb-5ab7984ee2c8			unmatched	
ml_glowmap高山紗代子ver	Glow Map (高山紗代子 Ver.)	Glow Map	高山紗代子 Ver.					高山紗代子	solo	ml		1	imasdb-9ba665e15138			unmatched	
ml_good-sleep_baby	Good-Sleep, Baby♡	Good-Sleep, Baby♡		こだまさおり	こだまさおり	川野勝広	川野勝広	高槻やよい、大神環、中谷育、矢吹可奈	unit	ml			imasdb-86698e471b56			unmatched	
ml_good-sleep_babydj_wildparty_remix	Good-Sleep, Baby♡(DJ WILDPARTY Remix)	Good-Sleep, Baby♡	DJ WILDPARTY Remix	こだまさおり	こだまさおり	川野勝広	川野勝広	高槻やよい、大神環、中谷育、矢吹可奈	unit	ml	ml_good-sleep_baby	1	imasdb-194f4ddf89b1			unmatched	
ml_greedy_girl	GREEDY GIRL	GREEDY GIRL		藤本記子	藤本記子	藤本記子	藤本記子	秋月律子	solo	ml			imasdb-8ec375fe8adc			unmatched	
ml_greedy_girlケンモチヒデフミ_remix	GREEDY GIRL(ケンモチヒデフミ Remix)	GREEDY GIRL	ケンモチヒデフミ Remix	藤本記子	藤本記子	藤本記子	藤本記子	秋月律子	solo	ml	ml_greedy_girl	1	imasdb-a6e6b953f9ad			unmatched	
ml_growing_storm	Growing Storm!	Growing Storm!		mft	mft	高田暁	高田暁	乙女ストーム!(春日未来、伊吹翼、七尾百合子、真壁瑞希、望月杏奈)	unit	ml			imasdb-701fdb332918			unmatched	
ml_growing_storm_teddyloid_remix	Growing Storm! (TeddyLoid Remix)	Growing Storm!	TeddyLoid Remix	mft	mft	高田暁	高田暁	乙女ストーム!(春日未来、伊吹翼、七尾百合子、真壁瑞希、望月杏奈)	unit	ml	ml_growing_storm	1	imasdb-f75daacf0e60			unmatched	
ml_hang_in_there	Hang In There!	Hang In There!		MEG.ME	MEG.ME	塚田耕平	塚田耕平	Jus-2-Mint(佐竹美奈子、横山奈緒)	unit	ml			imasdb-d9cd3721069b			unmatched	
ml_happy_darling	Happy Darling	Happy Darling		rino	rino	山元祐介	山元祐介	望月杏奈	solo	ml			imasdb-86927fb4cafc			unmatched	
ml_happy_darling_giga_remix	Happy Darling (Giga Remix)	Happy Darling	Giga Remix	rino	rino	山元祐介	山元祐介	望月杏奈	solo	ml	ml_happy_darling	1	imasdb-49f38a74e241			unmatched	
ml_happysteppingdreaming	HAPPY♪STEPPING!!DREAMING☆	HAPPY♪STEPPING!!DREAMING☆		KOH	KOH	新田目翔	新田目翔	天海春香	solo	ml			imasdb-7f9e59d644d4			unmatched	
ml_harmony4you北上麗花ver	Harmony 4 You (北上麗花 Ver.)	Harmony 4 You	北上麗花 Ver.					北上麗花	solo	ml		1	imasdb-505081b1b6b8			unmatched	
ml_harmony4you如月千早ver	Harmony 4 You (如月千早 Ver.)	Harmony 4 You	如月千早 Ver.					如月千早	solo	ml		1	imasdb-73b21f4d6953			unmatched	
ml_harmony4you桜守歌織ver	Harmony 4 You (桜守歌織 Ver.)	Harmony 4 You	桜守歌織 Ver.					桜守歌織	solo	ml		1	imasdb-317d4c07b4f2			unmatched	
ml_harmony4you真壁瑞希ver	Harmony 4 You (真壁瑞希 Ver.)	Harmony 4 You	真壁瑞希 Ver.					真壁瑞希	solo	ml		1	imasdb-b90cc01c0fe8			unmatched	
ml_harmony4you馬場このみver	Harmony 4 You (馬場このみ Ver.)	Harmony 4 You	馬場このみ Ver.					馬場このみ	solo	ml		1	imasdb-88f8b68ec10b			unmatched	
ml_harmony4you高山紗代子ver	Harmony 4 You (高山紗代子 Ver.)	Harmony 4 You	高山紗代子 Ver.					高山紗代子	solo	ml		1	imasdb-70b5c4cde08c			unmatched	
ml_harmony_4_you	Harmony 4 You	Harmony 4 You		宮崎まゆ	宮崎まゆ	KOH	KOH	765 MILLION ALLSTARS 天海春香、春日未来、如月千早、木下ひなた、四条貴音、ジュリア、高山紗代子、田中琴葉、天空橋朋花、箱崎星梨花、松田亜利沙、三浦あずさ、水瀬伊織、最上静香、望月杏奈、矢吹可奈、エミリー スチュアート、大神環、我那覇響、菊地真、北上麗花、高坂海美、佐竹美奈子、島原エレナ、高槻やよい、永吉昴、野々原茜、馬場このみ、福田のり子、舞浜歩、真壁瑞希、百瀬莉緒、横山奈緒、秋月律子、伊吹翼、北沢志保、篠宮可憐、周防桃子、徳川まつり、所恵美、豊川風花、中谷育、七尾百合子、二階堂千鶴、萩原雪歩、ロコ、双海亜美、双海真美、星井美希、宮尾美也、白石紬、桜守歌織	all	ml			imasdb-d7d796b34d7a			unmatched	
ml_hearty	Hearty!!	Hearty!!		藤本記子(Nostalgic Orchestra)	藤本記子(Nostalgic Orchestra)	増谷賢	増谷賢	所恵美	solo	ml			imasdb-d2d844405fee			unmatched	
ml_heartデイズnight	Heart♡・デイズ・Night☆	Heart♡・デイズ・Night☆		松井洋平	松井洋平	バグベア	バグベア	野々原茜	solo	ml			imasdb-5a74a5e35d09			unmatched	
ml_heartデイズnight_toriena_remix	Heart♡・デイズ・Night☆ (TORIENA Remix)	Heart♡・デイズ・Night☆	TORIENA Remix	松井洋平	松井洋平	バグベア	バグベア	野々原茜	solo	ml	ml_heartデイズnight	1	imasdb-9ea069c6168d			unmatched	
ml_hello_your_angel	HELLO, YOUR ANGEL♪	HELLO, YOUR ANGEL♪		真崎エリカ	真崎エリカ	鈴木裕明	鈴木裕明	天空橋朋花×中谷育	solo	ml			imasdb-2b361b12a6df			unmatched	
ml_helloコンチェルト	Helloコンチェルト	Helloコンチェルト		こだまさおり	こだまさおり	増谷賢	増谷賢	秋月律子、木下ひなた、佐竹美奈子、松田亜利沙	unit	ml			imasdb-ace1f16584f8			unmatched	
ml_helloコンチェルトチバニャン_remix	Helloコンチェルト(チバニャン Remix)	Helloコンチェルト	チバニャン Remix	こだまさおり	こだまさおり	増谷賢	増谷賢	秋月律子、木下ひなた、佐竹美奈子、松田亜利沙	unit	ml	ml_helloコンチェルト	1	imasdb-650e5cd26752			unmatched	
ml_home_is_a_coming_now	Home is a coming now!	Home is a coming now!		伊福部崇	伊福部崇	伊藤賢	伊藤賢	横山奈緒	solo	ml			imasdb-9712cc836ef9			unmatched	
ml_home_run_song	HOME RUN SONG♪	HOME RUN SONG♪		結城アイラ	結城アイラ	中土智博	中土智博	永吉昴	solo	ml			imasdb-8f4092751c77			unmatched	
ml_home_sweet_friendship	HOME, SWEET FRIENDSHIP	HOME, SWEET FRIENDSHIP		松井洋平	松井洋平	AstroNoteS	AstroNoteS	リコッタ(天海春香、周防桃子、福田のり子、松田亜利沙、横山奈緒)	unit	ml			imasdb-ab2b87ebb32b			unmatched	
ml_home_sweet_friendshipbatsu_remix	HOME, SWEET FRIENDSHIP(Batsu Remix)	HOME, SWEET FRIENDSHIP	Batsu Remix	松井洋平	松井洋平	AstroNoteS	AstroNoteS	リコッタ(天海春香、周防桃子、福田のり子、松田亜利沙、横山奈緒)	unit	ml	ml_home_sweet_friendship	1	imasdb-c07f8630860b			unmatched	
ml_hug_a_nice_day	Hug a nice day!	Hug a nice day!		やしきん	やしきん	やしきん	やしきん	高坂海美、白石紬、豊川風花、永吉昴、野々原茜、矢吹可奈	unit	ml			imasdb-fe8f20ff811b			unmatched	
ml_hypernova	Hypernova	Hypernova		5u5h1	5u5h1	5u5h1	5u5h1	永吉昴、高山紗代子、篠宮可憐、二階堂千鶴、松田亜利沙	unit	ml			imasdb-f9a0c204751f			unmatched	
ml_i_didi_will	I did+I will	I did+I will		安藤紗々	安藤紗々	gen、伊藤"三代"タカシ	gen;伊藤"三代"タカシ	Jelly PoP Beans(ロコ、舞浜歩、永吉昴、周防桃子)	unit	ml			imasdb-cabcf871de06			unmatched	
ml_i_do	I Do	I Do		MEG.ME	MEG.ME	GRP、MEG.ME	GRP;MEG.ME	三浦あずさ	solo	ml			imasdb-777e1e463da9			unmatched	
ml_idescape_from_utopia	I.D〜EScape from Utopia〜	I.D〜EScape from Utopia〜		モリタコータ	モリタコータ	中土智博	中土智博	EScape(真壁瑞希、白石紬、北沢志保)	unit	ml			imasdb-a66f97f9515d			unmatched	
ml_illuminate	ilLUmiNAte!	ilLUmiNAte!		Kristi	Kristi	井口イチロウ	井口イチロウ	ルナ(菊地真、如月千早、我那覇響、三浦あずさ)	unit	ml			imasdb-081aa191faf6			unmatched	
ml_impervious_resolution	Impervious Resolution	Impervious Resolution		ZAQ	ZAQ	中土智博	中土智博	萩原雪歩	solo	ml			imasdb-d75a0063e702			unmatched	
ml_impervious_resolution_toriena_remix	Impervious Resolution (TORIENA Remix)	Impervious Resolution	TORIENA Remix	ZAQ	ZAQ	中土智博	中土智博	萩原雪歩	solo	ml	ml_impervious_resolution	1	imasdb-56474f9be36c			unmatched	
ml_impressionlocomotion	IMPRESSION→LOCOMOTION!	IMPRESSION→LOCOMOTION!		松井洋平	松井洋平	谷島俊	谷島俊	ロコ	solo	ml			imasdb-39655f02d610			unmatched	
ml_impressionlocomotiontaku_takahashi_remix	IMPRESSION→LOCOMOTION!(☆Taku Takahashi Remix)	IMPRESSION→LOCOMOTION!	☆Taku Takahashi Remix	松井洋平	松井洋平	谷島俊	谷島俊	ロコ	solo	ml	ml_impressionlocomotion	1	imasdb-27f9973af50b			unmatched	
ml_in_the_name_of_love	...In The Name Of。 ...LOVE?	...In The Name Of。 ...LOVE?		松井洋平	松井洋平	AstroNoteS	AstroNoteS	真壁瑞希	solo	ml			imasdb-e137ca949ef8			unmatched	
ml_in_the_name_of_love_teddyloid_remix	...In The Name Of。 ...LOVE? (TeddyLoid Remix)	...In The Name Of。 ...LOVE?	TeddyLoid Remix	松井洋平	松井洋平	AstroNoteS	AstroNoteS	真壁瑞希	solo	ml	ml_in_the_name_of_love	1	imasdb-93bc29078cfc			unmatched	
ml_irodori	Irodori	Irodori		園田健太郎	園田健太郎	園田健太郎	園田健太郎	北上麗花	solo	ml			imasdb-719f7ee89375			unmatched	
ml_its_me	it's me	it's me		KOH	KOH	KOH	KOH	馬場このみ	solo	ml			imasdb-54de2f41035a			unmatched	
ml_iv	I.V.	I.V.		清田直人	清田直人	清田直人	清田直人	真壁瑞希、七尾百合子、最上静香、百瀬莉緒、ロコ	unit	ml			imasdb-b5d6f0689164			unmatched	
ml_just_be_myself	Just be myself!!	Just be myself!!		藤本記子	藤本記子	山口朗彦	山口朗彦	如月千早	solo	ml			imasdb-11dce967b0ae			unmatched	
ml_just_be_myself_dummy_dog_remix	Just be myself!! (Dummy Dog Remix)	Just be myself!!	Dummy Dog Remix	藤本記子	藤本記子	山口朗彦	山口朗彦	如月千早	solo	ml	ml_just_be_myself	1	imasdb-8b6bc7c2d4bc			unmatched	
ml_justice_or_voice	Justice OR Voice	Justice OR Voice		真崎エリカ	真崎エリカ	矢鴇つかさ(Arte Refact)	矢鴇つかさ(Arte Refact)	ジェネシス×ネメシス(白石紬、桜守歌織、ジュリア、菊地真、野々原茜)	unit	ml			imasdb-7065b2ede8e9			unmatched	
ml_kawaii_of_the_world	K・A・W・A・I・I  of the WORLD!	K・A・W・A・I・I  of the WORLD!		松井洋平	松井洋平	板垣祐介	板垣祐介	野々原茜	solo	ml			imasdb-4f5ec904e101			unmatched	
ml_king_of_spade	KING of SPADE	KING of SPADE		宮崎まゆ	宮崎まゆ	宮崎まゆ	宮崎まゆ	白石紬、我那覇響、豊川風花、野々原茜	unit	ml			imasdb-0480d39b7396			unmatched	
ml_leader	LEADER!!	LEADER!!		星銀乃丈	星銀乃丈	星銀乃丈	星銀乃丈	765PRO ALLSTARS	all	ml			imasdb-43d1e111cd34			unmatched	
ml_legend_girls	Legend Girls!!	Legend Girls!!		こだまさおり	こだまさおり	白戸佑輔	白戸佑輔	天海春香、天空橋朋花、七尾百合子、箱崎星梨花、最上静香	unit	ml			imasdb-f6f6b50c4cfb			unmatched	
ml_legend_girlsfu_mou_remix	Legend Girls!!(fu_mou Remix)	Legend Girls!!	fu_mou Remix	こだまさおり	こだまさおり	白戸佑輔	白戸佑輔	天海春香、天空橋朋花、七尾百合子、箱崎星梨花、最上静香	unit	ml	ml_legend_girls	1	imasdb-f3bde1da39c3			unmatched	
ml_liars_good_bye	Liar's good bye	Liar's good bye		真崎エリカ	真崎エリカ	原田篤(Arte Refact)	原田篤(Arte Refact)	秋月律子	solo	ml			imasdb-c13c502aa185			unmatched	
ml_liars_good_bye_teddyloid_remix	Liar's good bye (TeddyLoid Remix)	Liar's good bye	TeddyLoid Remix	真崎エリカ	真崎エリカ	原田篤(Arte Refact)	原田篤(Arte Refact)	秋月律子	solo	ml	ml_liars_good_bye	1	imasdb-62ad634905b2			unmatched	
ml_like_twinkling_stars	Like twinkling STARS	Like twinkling STARS		真崎エリカ	真崎エリカ	原田篤(Arte Refact)	原田篤(Arte Refact)	FantasticLight(篠宮可憐、双海真美、エミリー スチュアート、四条貴音、豊川風花)	unit	ml			imasdb-aa2810bffbfc			unmatched	
ml_little_trip_around_the_world	little trip around the world	little trip around the world		松井洋平	松井洋平	yuxuki waga (fhána)	yuxuki waga (fhána)	エミリースチュアート×水瀬伊織	solo	ml			imasdb-37507056b3b1			unmatched	
ml_love_is_game	LOVE is GAME	LOVE is GAME		ヒゲドライバー	ヒゲドライバー	ヒゲドライバー	ヒゲドライバー	天空橋朋花、高槻やよい、佐竹美奈子、七尾百合子	unit	ml			imasdb-bc363984a9aa			unmatched	
ml_lullaby_for_armors	Lullaby for Armors	Lullaby for Armors		園田健太郎	園田健太郎	園田健太郎	園田健太郎	星井美希、北沢志保、エミリー スチュアート、高山紗代子、中谷育	unit	ml			imasdb-9228686dfd6c			unmatched	
ml_luvliminal_image	Luvliminal image	Luvliminal image		辻純更	辻純更	平田祥一郎	平田祥一郎	百瀬莉緒、宮尾美也、ジュリア、星井美希	unit	ml			imasdb-7e719a0aca21			unmatched	
ml_maria_trap	Maria Trap	Maria Trap		ZAQ	ZAQ	三浦誠司	三浦誠司	天空橋朋花	solo	ml			imasdb-4583a357d52a			unmatched	
ml_maria_traptanchiky_remix	Maria trap(Tanchiky Remix)	Maria trap	Tanchiky Remix	ZAQ	ZAQ	三浦誠司	三浦誠司	天空橋朋花	solo	ml	ml_maria_trap	1	imasdb-eb4d3761e69a			unmatched	
ml_marionetteは眠らない	Marionetteは眠らない	Marionetteは眠らない		こだまさおり	こだまさおり	高田暁	高田暁	星井美希、伊吹翼、北上麗花、ジュリア	unit	ml			imasdb-a6aa37ec660c			unmatched	
ml_marionetteは眠らない_teddyloid_remix	Marionetteは眠らない (TeddyLoid Remix)	Marionetteは眠らない	TeddyLoid Remix	こだまさおり	こだまさおり	高田暁	高田暁	星井美希、伊吹翼、北上麗花、ジュリア	unit	ml	ml_marionetteは眠らない	1	imasdb-78c6787e83eb			unmatched	
ml_melody_in_scape	Melody in scape	Melody in scape		真崎エリカ	真崎エリカ	光増ハジメ	光増ハジメ	高山紗代子×佐竹美奈子	solo	ml			imasdb-212fe06f8738			unmatched	
ml_melty_fantasia	Melty Fantasia	Melty Fantasia		モリタコータ	モリタコータ	小高光太郎	小高光太郎	EScape(真壁瑞希、白石紬、北沢志保)	unit	ml			imasdb-d98f726dcbee			unmatched	
ml_moonrise_belief	Moonrise Belief	Moonrise Belief		真崎エリカ	真崎エリカ	大和	大和	天空橋朋花	solo	ml			imasdb-af4726d6f446			unmatched	
ml_music_journey	MUSIC JOURNEY	MUSIC JOURNEY		藤本記子(Nostalgic Orchestra)	藤本記子(Nostalgic Orchestra)	福富雅之(Nostalgic Orchestra)	福富雅之(Nostalgic Orchestra)	桜守歌織	solo	ml			imasdb-a5dd13f05bae			unmatched	
ml_my_evolution	My Evolution	My Evolution		辻純更	辻純更	ラムシーニ	ラムシーニ	miraclesonic★expassion(舞浜歩、福田のり子、島原エレナ、高坂海美)	unit	ml			imasdb-203da96b826c			unmatched	
ml_my_style_our_style	MY STYLE! OUR STYLE!!!!	MY STYLE! OUR STYLE!!!!		前山田健一	前山田健一	前山田健一	前山田健一	周防桃子	solo	ml			imasdb-abe3896a5a92			unmatched	
ml_my_style_our_styleko3_remix	MY STYLE! OUR STYLE!!!!(KO3 Remix)	MY STYLE! OUR STYLE!!!!	KO3 Remix	前山田健一	前山田健一	前山田健一	前山田健一	周防桃子	solo	ml	ml_my_style_our_style	1	imasdb-28cf3c3306d5			unmatched	
ml_no_curry_no_life	NO CURRY NO LIFE	NO CURRY NO LIFE		唐沢美帆	唐沢美帆	板垣祐介	板垣祐介	カプリコーン(望月杏奈、百瀬莉緒、矢吹可奈)	unit	ml			imasdb-e753d88fd2ed			unmatched	
ml_oli_oli_disco	Oli Oli DISCO	Oli Oli DISCO		真崎エリカ	真崎エリカ	Shinnosuke	Shinnosuke	舞浜歩	solo	ml			imasdb-78eca97018db			unmatched	
ml_only_one_second	Only One Second	Only One Second		松井洋平	松井洋平	石谷桂亮	石谷桂亮	高山紗代子	solo	ml			imasdb-614faa880091			unmatched	
ml_parade_damour	Parade d’amour	Parade d’amour		佐藤厚仁(Dream Monster)	佐藤厚仁(Dream Monster)	佐藤厚仁(Dream Monster)	佐藤厚仁(Dream Monster)	オペラセリア・煌輝座(北沢志保、桜守歌織、田中琴葉、徳川まつり)	unit	ml			imasdb-3957cf10f72e			unmatched	
ml_paradox_of_love	Paradox of LOVE	Paradox of LOVE		小松レナ	小松レナ	BOUNCEBACK	BOUNCEBACK	chicAAmor(高山紗代子、豊川風花、ジュリア、二階堂千鶴)	unit	ml			imasdb-9b00df797429			unmatched	
ml_persona_voice	Persona Voice	Persona Voice		真崎エリカ	真崎エリカ	山口朗彦	山口朗彦	二階堂千鶴×萩原雪歩	solo	ml			imasdb-6a9c5a22f707			unmatched	
ml_piece_of_cake	piece of cake	piece of cake		松井洋平	松井洋平	AstroNoteS	AstroNoteS	北上麗花×北沢志保	solo	ml			imasdb-d8b757aacc52			unmatched	
ml_play_go_round	Play GO! Round	Play GO! Round		藤井健太郎(HANO)	藤井健太郎(HANO)	藤井健太郎(HANO)	藤井健太郎(HANO)	大神環	solo	ml			imasdb-02e4c36ecbc4			unmatched	
ml_poker_poker	POKER POKER	POKER POKER		松井洋平	松井洋平	橋本由香利	橋本由香利	真壁瑞希	solo	ml			imasdb-e3c1746d286a			unmatched	
ml_poker_poker_toriena_remix	POKER POKER (TORIENA Remix)	POKER POKER	TORIENA Remix	松井洋平	松井洋平	橋本由香利	橋本由香利	真壁瑞希	solo	ml	ml_poker_poker	1	imasdb-65f0084a5dac			unmatched	
ml_pomegranate	Pomegranate	Pomegranate		安藤紗々	安藤紗々	大和	大和	二階堂千鶴、桜守歌織、島原エレナ、箱崎星梨花、ロコ	unit	ml			imasdb-e76f46591f04			unmatched	
ml_precious_grain	Precious Grain	Precious Grain		松井洋平	松井洋平	佐々木裕	佐々木裕	最上静香	solo	ml			imasdb-f8394be6bbae			unmatched	
ml_precious_grain_teddyloid_remix	Precious Grain (TeddyLoid Remix)	Precious Grain	TeddyLoid Remix	松井洋平	松井洋平	佐々木裕	佐々木裕	最上静香	solo	ml	ml_precious_grain	1	imasdb-7cb3ef169a13			unmatched	
ml_pretty_dreamer	PRETTY DREAMER	PRETTY DREAMER		こだまさおり	こだまさおり	矢鴇つかさ(Arte Refact)	矢鴇つかさ(Arte Refact)	我那覇響、春日未来、豊川風花、望月杏奈、横山奈緒	unit	ml			imasdb-9ec6032a1948			unmatched	
ml_pretty_dreamerチバニャン_remix	PRETTY DREAMER(チバニャン Remix)	PRETTY DREAMER	チバニャン Remix	こだまさおり	こだまさおり	矢鴇つかさ(Arte Refact)	矢鴇つかさ(Arte Refact)	我那覇響、春日未来、豊川風花、望月杏奈、横山奈緒	unit	ml	ml_pretty_dreamer	1	imasdb-b3681e7f3b2e			unmatched	
ml_prima_princess	Prima Princess!!	Prima Princess!!		三好啓太	三好啓太	三好啓太	三好啓太	松田亜利沙、エミリー スチュアート、高坂海美、佐竹美奈子、田中琴葉	unit	ml			imasdb-958c555626d0			unmatched	
ml_princess_be_ambitious	Princess Be Ambitious!!	Princess Be Ambitious!!		藤本記子(Nostalgic Orchestra)	藤本記子(Nostalgic Orchestra)	新田目翔	新田目翔	プリンセススターズ(春日未来、徳川まつり、矢吹可奈、七尾百合子、エミリー スチュアート)	unit	ml			imasdb-4b5328868602			unmatched	
ml_ps_i_love_you	P.S I Love You	P.S I Love You		唐沢美帆	唐沢美帆	ラムシーニ	ラムシーニ	ピスケス(篠宮可憐、天空橋朋花、二階堂千鶴)	unit	ml			imasdb-7312664813cc			unmatched	
ml_purple_sky	Purple Sky	Purple Sky		山本メーコ(Hifumi,inc.)	山本メーコ(Hifumi,inc.)	櫻澤ヒカル(Hifumi,inc.)	櫻澤ヒカル(Hifumi,inc.)	北沢志保	solo	ml			imasdb-d1bf6045dc69			unmatched	
ml_raise_the_flag	Raise the FLAG	Raise the FLAG		松井洋平	松井洋平	堀江晶太	堀江晶太	サジタリアス(所恵美、舞浜歩、真壁瑞希)	unit	ml			imasdb-a7090a295688			unmatched	
ml_rat_a_tat	Rat A Tat!!!	Rat A Tat!!!		モモキエイジ	モモキエイジ	佐藤貴文(バンダイナムコスタジオ)	佐藤貴文(バンダイナムコスタジオ)	MILLIONSTARS(春日未来、木下ひなた、ジュリア、高山紗代子、田中琴葉、天空橋朋花、箱崎星梨花、松田亜利沙、最上静香、望月杏奈、矢吹可奈、エミリー スチュアート、大神環、北上麗花、高坂海美、佐竹美奈子、島原エレナ、永吉昴、野々原茜、馬場このみ、福田のり子、舞浜歩、真壁瑞希、百瀬莉緒、横山奈緒、伊吹翼、北沢志保、篠宮可憐、周防桃子、徳川まつり、所恵美、豊川風花、中谷育、七尾百合子、二階堂千鶴、ロコ、宮尾美也、白石紬、桜守歌織)	all	ml			imasdb-1a4c1ba446f8			unmatched	
ml_reach_the_sky	REACH THE SKY	REACH THE SKY		上松範康(Elements Garden)	上松範康(Elements Garden)	上松範康(Elements Garden)	上松範康(Elements Garden)	高山紗代子	solo	ml			imasdb-d95a3eb7f945			unmatched	
ml_rebellion	Rebellion	Rebellion		ZAQ	ZAQ	前山田健一	前山田健一	我那覇響	solo	ml			imasdb-3b617d69c31a			unmatched	
ml_rebelliontanchiky_remix	Rebellion(Tanchiky Remix)	Rebellion	Tanchiky Remix	ZAQ	ZAQ	前山田健一	前山田健一	我那覇響	solo	ml	ml_rebellion	1	imasdb-df95ae1c75dc			unmatched	
ml_red_zone	RED ZONE	RED ZONE		唐沢美帆	唐沢美帆	太田貴之	太田貴之	4Luxury(桜守歌織、豊川風花、北上麗花、馬場このみ)	unit	ml			imasdb-bb45b2be97eb			unmatched	
ml_refrain_reltion	REFRAIN REL@TION	REFRAIN REL@TION		松井洋平	松井洋平	高田暁	高田暁	MILLIONSTARS Team8th(春日未来、最上静香、伊吹翼、桜守歌織、白石紬)	all	ml			imasdb-dac338bd5d62			unmatched	
ml_retale	ReTale	ReTale		佐高陵平(Hifumi,inc.)	佐高陵平(Hifumi,inc.)	佐高陵平(Hifumi,inc.)	佐高陵平(Hifumi,inc.)	≡君彩≡(所恵美、矢吹可奈、松田亜利沙)	unit	ml			imasdb-bbb47730a229			unmatched	
ml_sentimental_venus	Sentimental Venus	Sentimental Venus		こだまさおり	こだまさおり	rino	rino	水瀬伊織、エミリー スチュアート、真壁瑞希、百瀬莉緒	unit	ml			imasdb-97f117ca1bc2			unmatched	
ml_sentimental_venus_teddyloid_remix	Sentimental Venus (TeddyLoid Remix)	Sentimental Venus	TeddyLoid Remix	こだまさおり	こだまさおり	rino	rino	水瀬伊織、エミリー スチュアート、真壁瑞希、百瀬莉緒	unit	ml	ml_sentimental_venus	1	imasdb-abb852efaf64			unmatched	
ml_shamrock_vivace	Shamrock Vivace	Shamrock Vivace		平朋崇	平朋崇	EFFY	EFFY	CLEVER CLOVER(木下ひなた、高坂海美、秋月律子、大神環、菊地真、島原エレナ、二階堂千鶴、箱崎星梨花、馬場このみ、真壁瑞希、三浦あずさ、横山奈緒、ロコ)	unit	ml			imasdb-284bd430bcfd			unmatched	
ml_shimmer	SHIMMER	SHIMMER		R・O・N	R;O;N	R・O・N	R;O;N	望月杏奈、七尾百合子、春日未来、双海亜美	unit	ml			imasdb-ec759da60278			unmatched	
ml_shooting_stars	Shooting Stars	Shooting Stars		真崎エリカ	真崎エリカ	矢鴇つかさ(Arte Refact)	矢鴇つかさ(Arte Refact)	クレシェンドブルー(最上静香、北上麗花、北沢志保、野々原茜、箱崎星梨花)	unit	ml			imasdb-549cc3feb3a4			unmatched	
ml_shooting_stars_beatnine_remix	Shooting Stars (BEATNINE Remix)	Shooting Stars	BEATNINE Remix	真崎エリカ	真崎エリカ	矢鴇つかさ(Arte Refact)	矢鴇つかさ(Arte Refact)	クレシェンドブルー(最上静香、北上麗花、北沢志保、野々原茜、箱崎星梨花)	unit	ml	ml_shooting_stars	1	imasdb-b4b2acea1476			unmatched	
ml_silent_joker	Silent Joker	Silent Joker		中村彼方	中村彼方	ANCHOR	ANCHOR	真壁瑞希	solo	ml			imasdb-a6f351ea552c			unmatched	
ml_sing_a_wing_song	Sing a Wing Song	Sing a Wing Song		高瀬愛虹	高瀬愛虹	鈴谷皆人	鈴谷皆人	田中琴葉	solo	ml			imasdb-f5b86ae84222			unmatched	
ml_sing_my_song	SING MY SONG	SING MY SONG		松井洋平	松井洋平	黒須克彦	黒須克彦	最上静香	solo	ml			imasdb-417706119792			unmatched	
ml_sister	Sister	Sister		小岩井ことり	小岩井ことり	小岩井ことり	小岩井ことり	天空橋朋花	solo	ml			imasdb-1aeedaf15d62			unmatched	
ml_sky_survive	Sky Survive	Sky Survive		Cocoro.(Dream Monster)	Cocoro.(Dream Monster)	白戸佑輔(Dream Monster)	白戸佑輔(Dream Monster)	白石紬、福田のり子、伊吹翼、木下ひなた	unit	ml			imasdb-6f3c08cd695c			unmatched	
ml_smiley_days	smiley days	smiley days		KOH	KOH	KOH	KOH	我那覇響	solo	ml			imasdb-d6bee11b8900			unmatched	
ml_smiley_days_teddyloid_remix	smiley days (TeddyLoid Remix)	smiley days	TeddyLoid Remix	KOH	KOH	KOH	KOH	我那覇響	solo	ml	ml_smiley_days	1	imasdb-85aa2cb98823			unmatched	
ml_smiling_crescent	Smiling Crescent	Smiling Crescent		松井洋平	松井洋平	板垣祐介	板垣祐介	箱崎星梨花×宮尾美也	solo	ml			imasdb-580c3716ce87			unmatched	
ml_snow_white	Snow White	Snow White		森由里子	森由里子	rino	rino	如月千早	solo	ml			imasdb-5e7f6894036f			unmatched	
ml_snow_whitedé_dé_mouse_remix	Snow White(DÉ DÉ MOUSE Remix)	Snow White	DÉ DÉ MOUSE Remix	森由里子	森由里子	rino	rino	如月千早	solo	ml	ml_snow_white	1	imasdb-9603f97107ed			unmatched	
ml_sparkers	SPARKERS	SPARKERS						高山紗代子	solo	ml			imasdb-6f6a15450ae5			unmatched	
ml_special_wonderful_smile	Special Wonderful Smile	Special Wonderful Smile		早川博隆・中原徹也	早川博隆;中原徹也	早川博隆・関根佑樹	早川博隆;関根佑樹	Fleuranges(篠宮可憐、箱崎星梨花、木下ひなた、宮尾美也)	unit	ml			imasdb-c48046d82493			unmatched	
ml_standing_alive	STANDING ALIVE	STANDING ALIVE		松井洋平	松井洋平	中土智博	中土智博	ARRIVE(篠宮可憐、四条貴音、島原エレナ、百瀬莉緒、ロコ)	unit	ml			imasdb-e66f6b7105d6			unmatched	
ml_standing_alive_nor_remix	STANDING ALIVE (Nor Remix)	STANDING ALIVE	Nor Remix	松井洋平	松井洋平	中土智博	中土智博	ARRIVE(篠宮可憐、四条貴音、島原エレナ、百瀬莉緒、ロコ)	unit	ml	ml_standing_alive	1	imasdb-406e1eed699a			unmatched	
ml_star_impression	Star Impression	Star Impression		こだまさおり	こだまさおり	山口朗彦	山口朗彦	MILLIONSTARS Team1st(佐竹美奈子、北沢志保、天空橋朋花、望月杏奈)	all	ml			imasdb-e664f0eb5d03			unmatched	
ml_starry_melody	Starry Melody	Starry Melody		こだまさおり	こだまさおり	高田暁	高田暁	Starlight Melody(大神環、春日未来、北沢志保、高坂海美、周防桃子、徳川まつり、豊川風花、野々原茜、箱崎星梨花、馬場このみ、松田亜利沙、宮尾美也)	unit	ml			imasdb-353f5f91c62f			unmatched	
ml_stellar_light	Stellar Light	Stellar Light		中土智博	中土智博	中土智博	中土智博	ステラ(四条貴音、萩原雪歩、天海春香、水瀬伊織)	unit	ml			imasdb-9314321798c3			unmatched	
ml_stereophonic_isotonic	STEREOPHONIC ISOTONIC	STEREOPHONIC ISOTONIC		松井洋平	松井洋平	AstroNoteS	AstroNoteS	ロコ	solo	ml			imasdb-645352eb7509			unmatched	
ml_stereophonic_isotonic_nyankobrq_remix	STEREOPHONIC ISOTONIC (nyankobrq Remix)	STEREOPHONIC ISOTONIC	nyankobrq Remix	松井洋平	松井洋平	AstroNoteS	AstroNoteS	ロコ	solo	ml	ml_stereophonic_isotonic	1	imasdb-112135838235			unmatched	
ml_sunriser	SunRiser	SunRiser		オオヤギヒロオ	オオヤギヒロオ	オオヤギヒロオ	オオヤギヒロオ	ソル(双海亜美、秋月律子、高槻やよい、双海真美、星井美希)	unit	ml			imasdb-b0ff3cd01924			unmatched	
ml_super_duper	Super Duper	Super Duper		MEG.ME	MEG.ME	GRP・NIYA	GRP;NIYA	Jus-2-Mint(佐竹美奈子、横山奈緒)	unit	ml			imasdb-00ca3d37b913			unmatched	
ml_super_funky_piece	Super Funky Piece!!	Super Funky Piece!!		ダンス☆マン	ダンス☆マン	ダンス☆マン	ダンス☆マン	我那覇響	solo	ml			imasdb-145f4db524d9			unmatched	
ml_super_lover	Super Lover	Super Lover		サイトウヨシヒロ	サイトウヨシヒロ	サイトウヨシヒロ	サイトウヨシヒロ	横山奈緒	solo	ml			imasdb-0305b96aea41			unmatched	
ml_super_loverhylen_remix	Super Lover(Hylen Remix)	Super Lover	Hylen Remix	サイトウヨシヒロ	サイトウヨシヒロ	サイトウヨシヒロ	サイトウヨシヒロ	横山奈緒	solo	ml	ml_super_lover	1	imasdb-8f3befdca4be			unmatched	
ml_super_size_love	SUPER SIZE LOVE!!	SUPER SIZE LOVE!!		松井洋平	松井洋平	酒井拓也(Arte Refact)	酒井拓也(Arte Refact)	佐竹美奈子	solo	ml			imasdb-d612b9a3b444			unmatched	
ml_super_size_love_yuce_remix	SUPER SIZE LOVE!! (YUC'e Remix)	SUPER SIZE LOVE!!	YUC'e Remix	松井洋平	松井洋平	酒井拓也(Arte Refact)	酒井拓也(Arte Refact)	佐竹美奈子	solo	ml	ml_super_size_love	1	imasdb-770fb9a98365			unmatched	
ml_supersonic_booster	Supersonic Booster!	Supersonic Booster!		真崎エリカ	真崎エリカ	矢鴇つかさ(Arte Refact)	矢鴇つかさ(Arte Refact)	ShineLight(秋月律子、七尾百合子、島原エレナ、馬場このみ、北上麗花)	unit	ml			imasdb-cda2e0821d6b			unmatched	
ml_sweet_sweet_soul	Sweet Sweet Soul	Sweet Sweet Soul		ZAQ	ZAQ	BERABOW, SigN	BERABOW;SigN	アリエス(大神環、野々原茜、箱崎星梨花)	unit	ml			imasdb-2041f3ab50a7			unmatched	
ml_take3_2_1_space	Take!3. 2. 1. → S・P・A・C・E↑↑	Take!3. 2. 1. → S・P・A・C・E↑↑		松井洋平	松井洋平	AstroNoteS	AstroNoteS	松田亜利沙	solo	ml			imasdb-b7f76673ad54			unmatched	
ml_texting_you	Texting you	Texting you		Masafumi Okamoto	Masafumi Okamoto	Masafumi Okamoto	Masafumi Okamoto	高山紗代子、野々原茜、所恵美	unit	ml			imasdb-38923c830c96			unmatched	
ml_thank_you	Thank You!	Thank You!		BNSI(モモキエイジ)	モモキエイジ	BNSI(佐藤貴文)	佐藤貴文	765 MILLIONSTARS 天海春香、春日未来、如月千早、木下ひなた、四条貴音、ジュリア、高山紗代子、田中琴葉、天空橋朋花、箱崎星梨花、松田亜利沙、三浦あずさ、水瀬伊織、最上静香、望月杏奈、矢吹可奈、エミリー スチュアート、大神環、我那覇響、菊地真、北上麗花、高坂海美、佐竹美奈子、島原エレナ、高槻やよい、永吉昴、野々原茜、馬場このみ、福田のり子、舞浜歩、真壁瑞希、百瀬莉緒、横山奈緒、秋月律子、伊吹翼、北沢志保、篠宮可憐、周防桃子、徳川まつり、所恵美、豊川風花、中谷育、七尾百合子、二階堂千鶴、萩原雪歩、伴田路子、双海亜美、双海真美、星井美希、宮尾美也	all	ml			imasdb-e88e8df638cb			unmatched	
ml_thank_you_-mr_remix-	Thank You! -MR remix-	Thank You!	MR remix	BNSI(モモキエイジ)	モモキエイジ	BNSI(佐藤貴文)	佐藤貴文	春日未来、最上静香、箱崎星梨花	unit	ml	ml_thank_you	1	imasdb-7a1242b9bdcc			unmatched	
ml_thank_you_giga_remix	Thank You! (Giga Remix)	Thank You!	Giga Remix	BNSI(モモキエイジ)	モモキエイジ	BNSI(佐藤貴文)	佐藤貴文	765 MILLIONSTARS 天海春香、春日未来、如月千早、木下ひなた、四条貴音、ジュリア、高山紗代子、田中琴葉、天空橋朋花、箱崎星梨花、松田亜利沙、三浦あずさ、水瀬伊織、最上静香、望月杏奈、矢吹可奈、エミリー スチュアート、大神環、我那覇響、菊地真、北上麗花、高坂海美、佐竹美奈子、島原エレナ、高槻やよい、永吉昴、野々原茜、馬場このみ、福田のり子、舞浜歩、真壁瑞希、百瀬莉緒、横山奈緒、秋月律子、伊吹翼、北沢志保、篠宮可憐、周防桃子、徳川まつり、所恵美、豊川風花、中谷育、七尾百合子、二階堂千鶴、萩原雪歩、伴田路子、双海亜美、双海真美、星井美希、宮尾美也	all	ml	ml_thank_you	1	imasdb-27081ac4c348			unmatched	
ml_thank_you_teddyloid_remix	Thank You! (TeddyLoid Remix)	Thank You!	TeddyLoid Remix	BNSI(モモキエイジ)	モモキエイジ	BNSI(佐藤貴文)	佐藤貴文	765 MILLIONSTARS 天海春香、春日未来、如月千早、木下ひなた、四条貴音、ジュリア、高山紗代子、田中琴葉、天空橋朋花、箱崎星梨花、松田亜利沙、三浦あずさ、水瀬伊織、最上静香、望月杏奈、矢吹可奈、エミリー スチュアート、大神環、我那覇響、菊地真、北上麗花、高坂海美、佐竹美奈子、島原エレナ、高槻やよい、永吉昴、野々原茜、馬場このみ、福田のり子、舞浜歩、真壁瑞希、百瀬莉緒、横山奈緒、秋月律子、伊吹翼、北沢志保、篠宮可憐、周防桃子、徳川まつり、所恵美、豊川風花、中谷育、七尾百合子、二階堂千鶴、萩原雪歩、伴田路子、双海亜美、双海真美、星井美希、宮尾美也	all	ml	ml_thank_you	1	imasdb-9c5ff5573365			unmatched	
ml_thank_yousnails_house_remix	Thank You!(Snail's House Remix)	Thank You!	Snail's House Remix	BNSI(モモキエイジ)	モモキエイジ	BNSI(佐藤貴文)	佐藤貴文	765 MILLIONSTARS 天海春香、春日未来、如月千早、木下ひなた、四条貴音、ジュリア、高山紗代子、田中琴葉、天空橋朋花、箱崎星梨花、松田亜利沙、三浦あずさ、水瀬伊織、最上静香、望月杏奈、矢吹可奈、エミリー スチュアート、大神環、我那覇響、菊地真、北上麗花、高坂海美、佐竹美奈子、島原エレナ、高槻やよい、永吉昴、野々原茜、馬場このみ、福田のり子、舞浜歩、真壁瑞希、百瀬莉緒、横山奈緒、秋月律子、伊吹翼、北沢志保、篠宮可憐、周防桃子、徳川まつり、所恵美、豊川風花、中谷育、七尾百合子、二階堂千鶴、萩原雪歩、伴田路子、双海亜美、双海真美、星井美希、宮尾美也	all	ml	ml_thank_you	1	imasdb-d40cd82dd0a2			unmatched	
ml_thank_youtaku_takahashi_remix	Thank You!(☆Taku Takahashi Remix)	Thank You!	☆Taku Takahashi Remix	BNSI(モモキエイジ)	モモキエイジ	BNSI(佐藤貴文)	佐藤貴文	765 MILLIONSTARS 天海春香、春日未来、如月千早、木下ひなた、四条貴音、ジュリア、高山紗代子、田中琴葉、天空橋朋花、箱崎星梨花、松田亜利沙、三浦あずさ、水瀬伊織、最上静香、望月杏奈、矢吹可奈、エミリー スチュアート、大神環、我那覇響、菊地真、北上麗花、高坂海美、佐竹美奈子、島原エレナ、高槻やよい、永吉昴、野々原茜、馬場このみ、福田のり子、舞浜歩、真壁瑞希、百瀬莉緒、横山奈緒、秋月律子、伊吹翼、北沢志保、篠宮可憐、周防桃子、徳川まつり、所恵美、豊川風花、中谷育、七尾百合子、二階堂千鶴、萩原雪歩、伴田路子、双海亜美、双海真美、星井美希、宮尾美也	all	ml	ml_thank_you	1	imasdb-8b8c6e9922a8			unmatched	
ml_thank_youy0c1e_remix	Thank You!(y0c1e Remix)	Thank You!	y0c1e Remix	BNSI(モモキエイジ)	モモキエイジ	BNSI(佐藤貴文)	佐藤貴文	765 MILLIONSTARS 天海春香、春日未来、如月千早、木下ひなた、四条貴音、ジュリア、高山紗代子、田中琴葉、天空橋朋花、箱崎星梨花、松田亜利沙、三浦あずさ、水瀬伊織、最上静香、望月杏奈、矢吹可奈、エミリー スチュアート、大神環、我那覇響、菊地真、北上麗花、高坂海美、佐竹美奈子、島原エレナ、高槻やよい、永吉昴、野々原茜、馬場このみ、福田のり子、舞浜歩、真壁瑞希、百瀬莉緒、横山奈緒、秋月律子、伊吹翼、北沢志保、篠宮可憐、周防桃子、徳川まつり、所恵美、豊川風花、中谷育、七尾百合子、二階堂千鶴、萩原雪歩、伴田路子、双海亜美、双海真美、星井美希、宮尾美也	all	ml	ml_thank_you	1	imasdb-6ec4854e16c7			unmatched	
ml_thank_youチバニャン_remix	Thank You!(チバニャン Remix)	Thank You!	チバニャン Remix	BNSI(モモキエイジ)	モモキエイジ	BNSI(佐藤貴文)	佐藤貴文	765 MILLIONSTARS 天海春香、春日未来、如月千早、木下ひなた、四条貴音、ジュリア、高山紗代子、田中琴葉、天空橋朋花、箱崎星梨花、松田亜利沙、三浦あずさ、水瀬伊織、最上静香、望月杏奈、矢吹可奈、エミリー スチュアート、大神環、我那覇響、菊地真、北上麗花、高坂海美、佐竹美奈子、島原エレナ、高槻やよい、永吉昴、野々原茜、馬場このみ、福田のり子、舞浜歩、真壁瑞希、百瀬莉緒、横山奈緒、秋月律子、伊吹翼、北沢志保、篠宮可憐、周防桃子、徳川まつり、所恵美、豊川風花、中谷育、七尾百合子、二階堂千鶴、萩原雪歩、伴田路子、双海亜美、双海真美、星井美希、宮尾美也	all	ml	ml_thank_you	1	imasdb-9d982f025f05			unmatched	
ml_to	To...	To...		KOH	KOH	KOH	KOH	馬場このみ	solo	ml			imasdb-1897b2250be5			unmatched	
ml_tomorrow_program	Tomorrow Program	Tomorrow Program		松井洋平	松井洋平	光増ハジメ	光増ハジメ	トゥインクルリズム(中谷育、七尾百合子、松田亜利沙)	unit	ml			imasdb-74f9174277db			unmatched	
ml_understand_understand	Understand? Understand!	Understand? Understand!		真崎エリカ	真崎エリカ	桑原聖(Arte Refact)	桑原聖(Arte Refact)	高坂海美	solo	ml			imasdb-94a4fb889ba8			unmatched	
ml_union	UNION!!	UNION!!		藤本記子(Nostalgic Orchestra)	藤本記子(Nostalgic Orchestra)	堀江晶太	堀江晶太	765 MILLION ALLSTARS 天海春香、春日未来、如月千早、木下ひなた、四条貴音、ジュリア、高山紗代子、田中琴葉、天空橋朋花、箱崎星梨花、松田亜利沙、三浦あずさ、水瀬伊織、最上静香、望月杏奈、矢吹可奈、エミリー スチュアート、大神環、我那覇響、菊地真、北上麗花、高坂海美、佐竹美奈子、島原エレナ、高槻やよい、永吉昴、野々原茜、馬場このみ、福田のり子、舞浜歩、真壁瑞希、百瀬莉緒、横山奈緒、秋月律子、伊吹翼、北沢志保、篠宮可憐、周防桃子、徳川まつり、所恵美、豊川風花、中谷育、七尾百合子、二階堂千鶴、萩原雪歩、ロコ、双海亜美、双海真美、星井美希、宮尾美也、白石紬、桜守歌織	all	ml			imasdb-d82ccfd57f51			unmatched	
ml_union北上麗花ver	UNION!! (北上麗花 Ver.)	UNION!!	北上麗花 Ver.					北上麗花	solo	ml		1	imasdb-f6a01c49440c			unmatched	
ml_union天海春香ver	UNION!! (天海春香 Ver.)	UNION!!	天海春香 Ver.					天海春香	solo	ml		1	imasdb-6d7567e4401a			unmatched	
ml_union如月千早ver	UNION!! (如月千早 Ver.)	UNION!!	如月千早 Ver.					如月千早	solo	ml		1	imasdb-bedae94b4a84			unmatched	
ml_union望月杏奈ver	UNION!! (望月杏奈 Ver.)	UNION!!	望月杏奈 Ver.					望月杏奈	solo	ml		1	imasdb-bf169d9afb05			unmatched	
ml_union桜守歌織ver	UNION!! (桜守歌織 Ver.)	UNION!!	桜守歌織 Ver.					桜守歌織	solo	ml		1	imasdb-09345c5398f6			unmatched	
ml_union白石紬ver	UNION!! (白石 紬 Ver.)	UNION!!	白石 紬 Ver.					白石紬	solo	ml		1	imasdb-f5665dae4a16			unmatched	
ml_union真壁瑞希ver	UNION!! (真壁瑞希 Ver.)	UNION!!	真壁瑞希 Ver.					真壁瑞希	solo	ml		1	imasdb-df5250f0c085			unmatched	
ml_union馬場このみver	UNION!! (馬場このみ Ver.)	UNION!!	馬場このみ Ver.					馬場このみ	solo	ml		1	imasdb-b54834d3bc36			unmatched	
ml_union高山紗代子ver	UNION!! (高山紗代子 Ver.)	UNION!!	高山紗代子 Ver.					高山紗代子	solo	ml		1	imasdb-6d4e440600ba			unmatched	
ml_unknown_boxの開き方	Unknown Boxの開き方	Unknown Boxの開き方		Cocoro.(Dream Monster)	Cocoro.(Dream Monster)	本田正樹(Dream Monster)	本田正樹(Dream Monster)	MILLIONSTARS Team6th(徳川まつり、エミリー スチュアート、木下ひなた、島原エレナ、永吉昴)	all	ml			imasdb-c1bdc450cda6			unmatched	
ml_unmei_ライブ_-mr_remix-	U・N・M・E・I ライブ -MR remix-	U・N・M・E・I ライブ	MR remix	伊福部崇	伊福部崇	増谷賢	増谷賢	春日未来、最上静香、箱崎星梨花	unit	ml	765as_unmei_ライブ	1	imasdb-3a9c15a061da			unmatched	
ml_up10sionpleeeeeeeeease	Up!10sion♪Pleeeeeeeeease!	Up!10sion♪Pleeeeeeeeease!		松井洋平	松井洋平	AstroNoteS	AstroNoteS	松田亜利沙	solo	ml			imasdb-2bc50387aab4			unmatched	
ml_up10sionpleeeeeeeeeasegetty_remix	Up!10sion♪Pleeeeeeeeease!(Getty Remix)	Up!10sion♪Pleeeeeeeeease!	Getty Remix	松井洋平	松井洋平	AstroNoteS	AstroNoteS	松田亜利沙	solo	ml	ml_up10sionpleeeeeeeeease	1	imasdb-af52e8bb79ed			unmatched	
ml_upper_dog	Upper Dog	Upper Dog		鈴木裕明	鈴木裕明	鈴木裕明	鈴木裕明	箱崎星梨花、天空橋朋花、野々原茜、馬場このみ	unit	ml			imasdb-a8c9620460ab			unmatched	
ml_vacation_vs_summer_ナツとヤスミのアンビバレント	Vacation VS Summer 〜ナツとヤスミのアンビバレント!〜	Vacation VS Summer 〜ナツとヤスミのアンビバレント!〜		松井洋平	松井洋平	REDALiCE	REDALiCE	徳川まつり、大神環、白石紬、福田のり子、三浦あずさ	unit	ml			imasdb-e4e28576b53f			unmatched	
ml_vivaアクアリズム	VIVA☆アクアリズム	VIVA☆アクアリズム		宮崎まゆ	宮崎まゆ	宮崎まゆ	宮崎まゆ	ダイヤモンドダイバー◇(高槻やよい、天海春香、我那覇響)	unit	ml			imasdb-d15c006aa4c9			unmatched	
ml_vivid_color	vivid color	vivid color		KOH	KOH	KOH	KOH	高山紗代子	solo	ml			imasdb-7c09b525efa5			unmatched	
ml_vivid_color_yukiyanagi_remix	vivid color (yukiyanagi Remix)	vivid color	yukiyanagi Remix	KOH	KOH	KOH	KOH	高山紗代子	solo	ml	ml_vivid_color	1	imasdb-9f18b0e487f3			unmatched	
ml_vivid_イマジネーション	VIVID イマジネーション	VIVID イマジネーション		真崎エリカ	真崎エリカ	桑原聖(Arte Refact)	桑原聖(Arte Refact)	望月杏奈	solo	ml			imasdb-bfbcb14b8215			unmatched	
ml_vivid_イマジネーション_teddyloid_remix	VIVID イマジネーション (TeddyLoid Remix)	VIVID イマジネーション	TeddyLoid Remix	真崎エリカ	真崎エリカ	桑原聖(Arte Refact)	桑原聖(Arte Refact)	望月杏奈	solo	ml	ml_vivid_イマジネーション	1	imasdb-3326bc4d2528			unmatched	
ml_walking_on_the_square	Walking on the Square	Walking on the Square		松井洋平	松井洋平	藤原彩豊	藤原彩豊	宮尾美也	solo	ml			imasdb-c6c6df9d9f2b			unmatched	
ml_we_are_one	WE ARE ONE!!	WE ARE ONE!!		藤本記子 (Nostalgic Orchestra)	藤本記子 (Nostalgic Orchestra)	藤本記子 (Nostalgic Orchestra)	藤本記子 (Nostalgic Orchestra)	福田のり子	solo	ml			imasdb-9f9cd12eacc6			unmatched	
ml_welcome	Welcome!!	Welcome!!		佐々木恵梨	佐々木恵梨	BNSI(佐藤貴文)	佐藤貴文	765 MILLION ALLSTARS 天海春香、春日未来、如月千早、木下ひなた、四条貴音、ジュリア、高山紗代子、田中琴葉、天空橋朋花、箱崎星梨花、松田亜利沙、三浦あずさ、水瀬伊織、最上静香、望月杏奈、矢吹可奈、エミリー スチュアート、大神環、我那覇響、菊地真、北上麗花、高坂海美、佐竹美奈子、島原エレナ、高槻やよい、永吉昴、野々原茜、馬場このみ、福田のり子、舞浜歩、真壁瑞希、百瀬莉緒、横山奈緒、秋月律子、伊吹翼、北沢志保、篠宮可憐、周防桃子、徳川まつり、所恵美、豊川風花、中谷育、七尾百合子、二階堂千鶴、萩原雪歩、ロコ、双海亜美、双海真美、星井美希、宮尾美也	all	ml			imasdb-9d3841e7f7a6			unmatched	
ml_welcome_-mr_remix-	Welcome!! -MR remix-	Welcome!!	MR remix	佐々木恵梨	佐々木恵梨	BNSI(佐藤貴文)	佐藤貴文	春日未来、最上静香、箱崎星梨花	unit	ml	ml_welcome	1	imasdb-dcae77d9f9c1			unmatched	
ml_welcome_giga_remix	Welcome!! (Giga Remix)	Welcome!!	Giga Remix	佐々木恵梨	佐々木恵梨	BNSI(佐藤貴文)	佐藤貴文	765 MILLION ALLSTARS 天海春香、春日未来、如月千早、木下ひなた、四条貴音、ジュリア、高山紗代子、田中琴葉、天空橋朋花、箱崎星梨花、松田亜利沙、三浦あずさ、水瀬伊織、最上静香、望月杏奈、矢吹可奈、エミリー スチュアート、大神環、我那覇響、菊地真、北上麗花、高坂海美、佐竹美奈子、島原エレナ、高槻やよい、永吉昴、野々原茜、馬場このみ、福田のり子、舞浜歩、真壁瑞希、百瀬莉緒、横山奈緒、秋月律子、伊吹翼、北沢志保、篠宮可憐、周防桃子、徳川まつり、所恵美、豊川風花、中谷育、七尾百合子、二階堂千鶴、萩原雪歩、ロコ、双海亜美、双海真美、星井美希、宮尾美也	all	ml	ml_welcome	1	imasdb-3300fb1b8622			unmatched	
ml_welcome_snails_house_remix	Welcome!! (Snail's House Remix)	Welcome!!	Snail's House Remix	佐々木恵梨	佐々木恵梨	BNSI(佐藤貴文)	佐藤貴文	765 MILLION ALLSTARS 天海春香、春日未来、如月千早、木下ひなた、四条貴音、ジュリア、高山紗代子、田中琴葉、天空橋朋花、箱崎星梨花、松田亜利沙、三浦あずさ、水瀬伊織、最上静香、望月杏奈、矢吹可奈、エミリー スチュアート、大神環、我那覇響、菊地真、北上麗花、高坂海美、佐竹美奈子、島原エレナ、高槻やよい、永吉昴、野々原茜、馬場このみ、福田のり子、舞浜歩、真壁瑞希、百瀬莉緒、横山奈緒、秋月律子、伊吹翼、北沢志保、篠宮可憐、周防桃子、徳川まつり、所恵美、豊川風花、中谷育、七尾百合子、二階堂千鶴、萩原雪歩、ロコ、双海亜美、双海真美、星井美希、宮尾美也	all	ml	ml_welcome	1	imasdb-f1a12c99f82a			unmatched	
ml_welcome_teddyloid_tofubeats_remix	Welcome!! (TeddyLoid & tofubeats Remix)	Welcome!!	TeddyLoid & tofubeats Remix	佐々木恵梨	佐々木恵梨	BNSI(佐藤貴文)	佐藤貴文	765 MILLION ALLSTARS 天海春香、春日未来、如月千早、木下ひなた、四条貴音、ジュリア、高山紗代子、田中琴葉、天空橋朋花、箱崎星梨花、松田亜利沙、三浦あずさ、水瀬伊織、最上静香、望月杏奈、矢吹可奈、エミリー スチュアート、大神環、我那覇響、菊地真、北上麗花、高坂海美、佐竹美奈子、島原エレナ、高槻やよい、永吉昴、野々原茜、馬場このみ、福田のり子、舞浜歩、真壁瑞希、百瀬莉緒、横山奈緒、秋月律子、伊吹翼、北沢志保、篠宮可憐、周防桃子、徳川まつり、所恵美、豊川風花、中谷育、七尾百合子、二階堂千鶴、萩原雪歩、ロコ、双海亜美、双海真美、星井美希、宮尾美也	all	ml	ml_welcome	1	imasdb-0cc05ecae1c7			unmatched	
ml_welcome_チバニャン_remix	Welcome!! (チバニャン Remix)	Welcome!!	チバニャン Remix	佐々木恵梨	佐々木恵梨	BNSI(佐藤貴文)	佐藤貴文	765 MILLION ALLSTARS 天海春香、春日未来、如月千早、木下ひなた、四条貴音、ジュリア、高山紗代子、田中琴葉、天空橋朋花、箱崎星梨花、松田亜利沙、三浦あずさ、水瀬伊織、最上静香、望月杏奈、矢吹可奈、エミリー スチュアート、大神環、我那覇響、菊地真、北上麗花、高坂海美、佐竹美奈子、島原エレナ、高槻やよい、永吉昴、野々原茜、馬場このみ、福田のり子、舞浜歩、真壁瑞希、百瀬莉緒、横山奈緒、秋月律子、伊吹翼、北沢志保、篠宮可憐、周防桃子、徳川まつり、所恵美、豊川風花、中谷育、七尾百合子、二階堂千鶴、萩原雪歩、ロコ、双海亜美、双海真美、星井美希、宮尾美也	all	ml	ml_welcome	1	imasdb-1b0269c38410			unmatched	
ml_welcomey0c1e_remix	Welcome!!(y0c1e Remix)	Welcome!!	y0c1e Remix	佐々木恵梨	佐々木恵梨	BNSI(佐藤貴文)	佐藤貴文	765 MILLION ALLSTARS 天海春香、春日未来、如月千早、木下ひなた、四条貴音、ジュリア、高山紗代子、田中琴葉、天空橋朋花、箱崎星梨花、松田亜利沙、三浦あずさ、水瀬伊織、最上静香、望月杏奈、矢吹可奈、エミリー スチュアート、大神環、我那覇響、菊地真、北上麗花、高坂海美、佐竹美奈子、島原エレナ、高槻やよい、永吉昴、野々原茜、馬場このみ、福田のり子、舞浜歩、真壁瑞希、百瀬莉緒、横山奈緒、秋月律子、伊吹翼、北沢志保、篠宮可憐、周防桃子、徳川まつり、所恵美、豊川風花、中谷育、七尾百合子、二階堂千鶴、萩原雪歩、ロコ、双海亜美、双海真美、星井美希、宮尾美也	all	ml	ml_welcome	1	imasdb-81c3d0729ef5			unmatched	
ml_white_vows	White Vows	White Vows		結城アイラ	結城アイラ	遠藤直弥	遠藤直弥	豊川風花、百瀬莉緒、桜守歌織、二階堂千鶴、馬場このみ	unit	ml			imasdb-e917f2deff56			unmatched	
ml_why	WHY?	WHY?		春和文	春和文	中土智博	中土智博	百瀬莉緒	solo	ml			imasdb-4d89d3c48d27			unmatched	
ml_why_nyankobrq_remix	WHY? (nyankobrq Remix)	WHY?	nyankobrq Remix	春和文	春和文	中土智博	中土智博	百瀬莉緒	solo	ml	ml_why	1	imasdb-71843f2674d4			unmatched	
ml_world_changer	World Changer	World Changer		半田翼・新田目翔	半田翼;新田目翔	半田翼	半田翼	如月千早、星井美希、菊地真、エミリー スチュアート、天海春香	unit	ml			imasdb-62d0e66cdfd2			unmatched	
ml_world_wide_dance	WORLD WIDE DANCE!!!	WORLD WIDE DANCE!!!		唐沢美帆	唐沢美帆	高田暁	高田暁	菊地真	solo	ml			imasdb-b614b5ec01b0			unmatched	
ml_world_wide_dance_kiwi_remix	WORLD WIDE DANCE!!! (KiWi Remix)	WORLD WIDE DANCE!!!	KiWi Remix	唐沢美帆	唐沢美帆	高田暁	高田暁	菊地真	solo	ml	ml_world_wide_dance	1	imasdb-ae9807a1e665			unmatched	
ml_wow_i_need_シンギングモンキー_歌唱拳	WOW! I NEED!! 〜シンギングモンキー 歌唱拳〜	WOW! I NEED!! 〜シンギングモンキー 歌唱拳〜		松井洋平	松井洋平	AstroNoteS	AstroNoteS	双海真美	solo	ml			imasdb-f1a9c19022d5			unmatched	
ml_wow_i_need_シンギングモンキー_歌唱拳_toriena_remix	WOW! I NEED!! ~シンギングモンキー 歌唱拳~ (TORIENA Remix)	WOW! I NEED!!	シンギングモンキー 歌唱拳 TORIENA Remix	松井洋平	松井洋平	AstroNoteS	AstroNoteS	双海真美	solo	ml	ml_wow_i_need_シンギングモンキー_歌唱拳	1	imasdb-2f81ff6d137c			unmatched	
ml_your_home_town	”Your” HOME TOWN	”Your” HOME TOWN		松井洋平	松井洋平	AstroNoteS	AstroNoteS	木下ひなた	solo	ml			imasdb-5fca91a67924			unmatched	
ml_zettai_break_トゥインクルリズム	ZETTAI × BREAK!! トゥインクルリズム	ZETTAI × BREAK!! トゥインクルリズム		松井洋平	松井洋平	KOHTA YAMAMOTO	KOHTA YAMAMOTO	トゥインクルリズム(中谷育、七尾百合子、松田亜利沙)	unit	ml			imasdb-4dd7571c1d53			unmatched	
ml_あたためますか	あたためますか?	あたためますか?		安藤紗々	安藤紗々	小野寺祐輔	小野寺祐輔	佐竹美奈子	solo	ml			imasdb-56024aed3c43			unmatched	
ml_あのね聞いてほしいことがあるんだ	あのね、聞いてほしいことがあるんだ	あのね、聞いてほしいことがあるんだ		藤本記子	藤本記子	藤本記子	藤本記子	木下ひなた	solo	ml			imasdb-a98a09c12338			unmatched	
ml_あのね聞いてほしいことがあるんだdé_dé_mouse_remix	あのね、聞いてほしいことがあるんだ(DÉ DÉ MOUSE Remix)	あのね、聞いてほしいことがあるんだ	DÉ DÉ MOUSE Remix	藤本記子	藤本記子	藤本記子	藤本記子	木下ひなた	solo	ml	ml_あのね聞いてほしいことがあるんだ	1	imasdb-1bbf0577594d			unmatched	
ml_あめにうたおう	あめにうたおう♪	あめにうたおう♪		安藤紗々	安藤紗々	久澄春人	久澄春人	矢吹可奈	solo	ml			imasdb-f1a10e1baba1			unmatched	
ml_おまじない	おまじない	おまじない		きみコ	きみコ	中土智博	中土智博	矢吹可奈	solo	ml			imasdb-7c6c2c1c7cd8			unmatched	
ml_おまじない_picco_remix	おまじない (picco Remix)	おまじない	picco Remix	きみコ	きみコ	中土智博	中土智博	矢吹可奈	solo	ml	ml_おまじない	1	imasdb-baa66b82fd84			unmatched	
ml_きまぐれユモレスク	きまぐれユモレスク	きまぐれユモレスク		mekakushe	mekakushe	mekakushe	mekakushe	箱崎星梨花	solo	ml			imasdb-c093da0bf9a0			unmatched	
ml_きみがくれた言葉があるから	きみがくれた言葉があるから	きみがくれた言葉があるから		松井洋平	松井洋平	中沢伴行	中沢伴行	福田のり子	solo	ml			imasdb-7b52ee9c0593			unmatched	
ml_さかしまの言葉	さかしまの言葉	さかしまの言葉		中村彼方	中村彼方	高橋諒(Void_Chords)	高橋諒(Void_Chords)	白石紬	solo	ml			imasdb-38fa5e82d0da			unmatched	
ml_しあわせエンドロール	しあわせエンドロール	しあわせエンドロール		唐沢美帆	唐沢美帆	原田篤(Arte Refact)	原田篤(Arte Refact)	春日未来	solo	ml			imasdb-5a58f157b4ae			unmatched	
ml_たしかな足跡	たしかな足跡	たしかな足跡		藤本記子	藤本記子	藤本記子	藤本記子	三浦あずさ×百瀬莉緒	solo	ml			imasdb-e14c06b702b8			unmatched	
ml_たんけんぼうけんハイホー隊	たんけんぼうけん☆ハイホー隊	たんけんぼうけん☆ハイホー隊		藤本記子(Nostalgic Orchestra)	藤本記子(Nostalgic Orchestra)	本多友紀 (Arte Refact)	本多友紀 (Arte Refact)	大神環	solo	ml			imasdb-19b251a243cd			unmatched	
ml_だってあなたはプリンセス	だってあなたはプリンセス	だってあなたはプリンセス		新田目駿	新田目駿	新田目駿	新田目駿	Charlotte・Charlotte(徳川まつり、エミリー スチュアート)	unit	ml			imasdb-9daacdaad4c3			unmatched	
ml_ちいさな恋の足音	ちいさな恋の足音	ちいさな恋の足音		こだまさおり	こだまさおり	高田暁	高田暁	篠宮可憐	solo	ml			imasdb-1ca0ea9a6758			unmatched	
ml_ちいさな恋の足音dé_dé_mouse_remix	ちいさな恋の足音(DÉ DÉ MOUSE Remix)	ちいさな恋の足音	DÉ DÉ MOUSE Remix	こだまさおり	こだまさおり	高田暁	高田暁	篠宮可憐	solo	ml	ml_ちいさな恋の足音	1	imasdb-e8229ab1d55e			unmatched	
ml_ときどきシーソー	ときどきシーソー	ときどきシーソー		真崎エリカ	真崎エリカ	原田篤(Arte Refact)	原田篤(Arte Refact)	中谷育	solo	ml			imasdb-bc570a4b9ad6			unmatched	
ml_はなしらべ	はなしらべ	はなしらべ		藤本記子(Nostalgic Orchestra)	藤本記子(Nostalgic Orchestra)	藤本記子(Nostalgic Orchestra)	藤本記子(Nostalgic Orchestra)	エミリー スチュアート	solo	ml			imasdb-834992209816			unmatched	
ml_はぴやばまいまいんど	はぴ!やば!まいまいんど!	はぴ!やば!まいまいんど!		松井洋平	松井洋平	高橋諒	高橋諒	望月杏奈、高槻やよい、木下ひなた、ジュリア、星井美希	unit	ml			imasdb-e42951055bd7			unmatched	
ml_ふたり繋ぐ星座	ふたり繋ぐ星座	ふたり繋ぐ星座		橋本彩子	橋本彩子	遠藤直弥	遠藤直弥	北上麗花	solo	ml			imasdb-40f3c5a988db			unmatched	
ml_ふわりずむ	ふわりずむ	ふわりずむ		rino	rino	渡部チェル	渡部チェル	宮尾美也	solo	ml			imasdb-5407ab5661a0			unmatched	
ml_ゆえになんです	ゆえに...なんです	ゆえに...なんです		佐高陵平(Hifumi,inc.)	佐高陵平(Hifumi,inc.)	佐高陵平(Hifumi,inc.)	佐高陵平(Hifumi,inc.)	真壁瑞希	solo	ml			imasdb-2d6fd934e998			unmatched	
ml_りんごのマーチ	りんごのマーチ	りんごのマーチ		坂井季乃	坂井季乃	菊池達也	菊池達也	木下ひなた	solo	ml			imasdb-47cf74b1aa5f			unmatched	
ml_りんごのマーチ_cors_remix	りんごのマーチ (COR!S Remix)	りんごのマーチ	COR!S Remix	坂井季乃	坂井季乃	菊池達也	菊池達也	木下ひなた	solo	ml	ml_りんごのマーチ	1	imasdb-2021c2401224			unmatched	
ml_わたしは花あなたは太陽	わたしは花、あなたは太陽	わたしは花、あなたは太陽		mekakushe	mekakushe	mekakushe	mekakushe	FleurS(七尾百合子、馬場このみ、周防桃子)	unit	ml			imasdb-77d023fd189d			unmatched	
ml_わたしルネサンス	わたしルネサンス	わたしルネサンス		ZAQ	ZAQ	白戸佑輔	白戸佑輔	ロコ	solo	ml			imasdb-e23f7ae26835			unmatched	
ml_アイドルはかく語りき	アイドルは、かく語りき	アイドルは、かく語りき		ZAQ	ZAQ	ZAQ	ZAQ	松田亜利沙	solo	ml			imasdb-fca95ffed090			unmatched	
ml_アイドルステアウェイ	アイドルステアウェイ	アイドルステアウェイ		RUCCA	RUCCA	EFFY	EFFY	周防桃子、高坂海美、徳川まつり、豊川風花	unit	ml			imasdb-e85a69988280			unmatched	
ml_アイル	アイル	アイル		きみコ	きみコ	佐々木淳	佐々木淳	伊吹翼	solo	ml			imasdb-1601317e9f3b			unmatched	
ml_アイルharmonized_ver	アイル(Harmonized ver.)	アイル	Harmonized ver.	きみコ	きみコ	佐々木淳	佐々木淳	伊吹翼、ジュリア、真壁瑞希	unit	ml	ml_アイル	1	imasdb-61e2996eb613			unmatched	
ml_アニマルステイション	アニマル☆ステイション!	アニマル☆ステイション!		松井洋平	松井洋平	AstroNoteS	AstroNoteS	中谷育	solo	ml			imasdb-8d59f249e6d4			unmatched	
ml_アニマルステイションyuce_remix	アニマル☆ステイション!(YUC'e Remix)	アニマル☆ステイション!	YUC'e Remix	松井洋平	松井洋平	AstroNoteS	AstroNoteS	中谷育	solo	ml	ml_アニマルステイション	1	imasdb-dac0306d4aeb			unmatched	
ml_アフタースクールパーリータイム	アフタースクールパーリータイム	アフタースクールパーリータイム		ZAQ	ZAQ	増谷賢	増谷賢	所恵美	solo	ml			imasdb-816f26e92670			unmatched	
ml_アフタースクールパーリータイム_teddyloid_remix	アフタースクールパーリータイム (TeddyLoid Remix)	アフタースクールパーリータイム	TeddyLoid Remix	ZAQ	ZAQ	増谷賢	増谷賢	所恵美	solo	ml	ml_アフタースクールパーリータイム	1	imasdb-62dc53650b61			unmatched	
ml_アライブファクター	アライブファクター	アライブファクター		藤本記子	藤本記子	藤本記子	藤本記子	如月千早×最上静香	solo	ml			imasdb-3858e702dc88			unmatched	
ml_アロー彗星	アロー彗星	アロー彗星		きみコ	きみコ	きみコ、佐々木淳	きみコ;佐々木淳	ジュリア	solo	ml			imasdb-b1ed9f5a8af9			unmatched	
ml_インヴィンシブルジャスティス	インヴィンシブル・ジャスティス	インヴィンシブル・ジャスティス		松井洋平	松井洋平	中山真斗	中山真斗	マイティーセーラーズ(伊吹翼×高坂海美、上田麗奈))	unit	ml			imasdb-2f478ad1a9dc			unmatched	
ml_ウェイダアイドル	ウェイ・ダ・アイドル	ウェイ・ダ・アイドル		松井洋平	松井洋平	フワリ(Dream Monster)	フワリ(Dream Monster)	ARMooo(双海真美、秋月律子、双海亜美)	unit	ml			imasdb-24ace54a4d66			unmatched	
ml_エスケープ	エスケープ	エスケープ		きみコ	きみコ	AstroNoteS	AstroNoteS	ジュリア×所恵美	solo	ml			imasdb-6646be48f41d			unmatched	
ml_エンダーエンダー	エンダーエンダー	エンダーエンダー		重永亮介	重永亮介	重永亮介	重永亮介	北上麗花、ロコ、伊吹翼、箱崎星梨花、舞浜歩	unit	ml			imasdb-28832fc77d72			unmatched	
ml_オリジナル声になって	オリジナル声になって	オリジナル声になって		rino	rino	関野元規	関野元規	矢吹可奈	solo	ml			imasdb-11ce9c0afbd0			unmatched	
ml_オリジナル声になってdé_dé_mouse_remix	オリジナル声になって(DÉ DÉ MOUSE Remix)	オリジナル声になって	DÉ DÉ MOUSE Remix	rino	rino	関野元規	関野元規	矢吹可奈	solo	ml	ml_オリジナル声になって	1	imasdb-137e8ae791ef			unmatched	
ml_オレンジの空の下	オレンジの空の下	オレンジの空の下		こだまさおり	こだまさおり	岡本健介	岡本健介	豊川風花	solo	ml			imasdb-5a0085ace9e4			unmatched	
ml_オレンジの空の下チバニャン_remix	オレンジの空の下(チバニャン Remix)	オレンジの空の下	チバニャン Remix	こだまさおり	こだまさおり	岡本健介	岡本健介	豊川風花	solo	ml	ml_オレンジの空の下	1	imasdb-6189abbdaf28			unmatched	
ml_オレンジエピソード	オレンジ・エピソード	オレンジ・エピソード		真崎エリカ	真崎エリカ	酒井拓也・山本恭平(Arte Refact)	酒井拓也;山本恭平(Arte Refact)	EmotionLight(佐竹美奈子、北沢志保、天海春香、舞浜歩、松田亜利沙)	unit	ml			imasdb-23af4879c8d2			unmatched	
ml_オレンジノキオク	オレンジノキオク	オレンジノキオク		山田智和	山田智和	山田智和	山田智和	MILLIONSTARS Team3rd(田中琴葉、大神環、所恵美、豊川風花、七尾百合子)	all	ml			imasdb-4905b843168b			unmatched	
ml_オンステージプレーヤー	オン・ステージ・プレーヤー!	オン・ステージ・プレーヤー!		松井洋平	松井洋平	AstroNoteS	AstroNoteS	双海亜美	solo	ml			imasdb-8898253df7aa			unmatched	
ml_オーディナリィクローバー	オーディナリィ・クローバー	オーディナリィ・クローバー		松井洋平	松井洋平	菊池達也	菊池達也	桜守歌織、最上静香、望月杏奈、百瀬莉緒、宮尾美也	unit	ml			imasdb-29e308cb4b88			unmatched	
ml_カワラナイモノ	カワラナイモノ	カワラナイモノ		こだまさおり	こだまさおり	藤本記子	藤本記子	三浦あずさ、篠宮可憐、高山紗代子、福田のり子	unit	ml			imasdb-ad5364b6999a			unmatched	
ml_カワラナイモノdj_wildparty_remix	カワラナイモノ(DJ WILDPARTY Remix)	カワラナイモノ	DJ WILDPARTY Remix	こだまさおり	こだまさおり	藤本記子	藤本記子	三浦あずさ、篠宮可憐、高山紗代子、福田のり子	unit	ml	ml_カワラナイモノ	1	imasdb-31252b213190			unmatched	
ml_カンパリーナ	カンパリーナ♡	カンパリーナ♡		大橋莉子	大橋莉子	大橋莉子	大橋莉子	三浦あずさ、二階堂千鶴、北上麗花、四条貴音、豊川風花	unit	ml			imasdb-1579be64caeb			unmatched	
ml_カーテシーフラワー	カーテシーフラワー	カーテシーフラワー		真崎エリカ	真崎エリカ	原田篤(Arte Refact)	原田篤(Arte Refact)	高坂海美、三浦あずさ、中谷育	unit	ml			imasdb-97b159fd7d81			unmatched	
ml_カーニヴァルジャパネスク	カーニヴァル・ジャパネスク	カーニヴァル・ジャパネスク		松井洋平	松井洋平	松井洋平	松井洋平	徳川まつり	solo	ml			imasdb-da8fc6ad9f21			unmatched	
ml_カーニヴァルジャパネスク_チバニャン_remix	カーニヴァル・ジャパネスク (チバニャン Remix)	カーニヴァル・ジャパネスク	チバニャン Remix	松井洋平	松井洋平	松井洋平	松井洋平	徳川まつり	solo	ml	ml_カーニヴァルジャパネスク	1	imasdb-2f37d8ea7acb			unmatched	
ml_キミがいて夢になる	キミがいて夢になる	キミがいて夢になる		こだまさおり	こだまさおり	高田暁	高田暁	天海春香	solo	ml			imasdb-0f638b59c04c			unmatched	
ml_キミがいて夢になるfu_mou_remix	キミがいて夢になる(fu_mou Remix)	キミがいて夢になる	fu_mou Remix	こだまさおり	こだまさおり	高田暁	高田暁	天海春香	solo	ml	ml_キミがいて夢になる	1	imasdb-b6b869cccbee			unmatched	
ml_キミが真ん中にいた	キミが真ん中にいた	キミが真ん中にいた		Junxix. (LIVE LAB.)	Junxix. (LIVE LAB.)	秋葉広大(LIVE LAB.)	秋葉広大(LIVE LAB.)	中谷育	solo	ml			imasdb-3e462ae9e88b			unmatched	
ml_キラメキ進行形	キラメキ進行形	キラメキ進行形		rino	rino	高田暁	高田暁	天海春香	solo	ml			imasdb-a59a7c899886			unmatched	
ml_キラメキ進行形giga_remix	キラメキ進行形(Giga Remix)	キラメキ進行形	Giga Remix	rino	rino	高田暁	高田暁	天海春香	solo	ml	ml_キラメキ進行形	1	imasdb-f71d90ed3052			unmatched	
ml_ギブミーメタファー	ギブミーメタファー	ギブミーメタファー		真崎エリカ	真崎エリカ	田中俊亮	田中俊亮	STAR ELEMENTS(春日未来、矢吹可奈、田中琴葉)	unit	ml			imasdb-415b1b15d38a			unmatched	
ml_クルリウタ	クルリウタ	クルリウタ		藤本記子	藤本記子	daph	daph	野々原茜、島原エレナ、北沢志保、桜守歌織、二階堂千鶴	unit	ml			imasdb-088413b713e9			unmatched	
ml_グッデイサンシャイン	グッデイ・サンシャイン!	グッデイ・サンシャイン!		松井洋平	松井洋平	八尋春菜	八尋春菜	中谷育	solo	ml			imasdb-22e5d643565c			unmatched	
ml_グッデイサンシャイン_ケンモチヒデフミ_remix	グッデイ・サンシャイン! (ケンモチヒデフミ Remix)	グッデイ・サンシャイン!	ケンモチヒデフミ Remix	松井洋平	松井洋平	八尋春菜	八尋春菜	中谷育	solo	ml	ml_グッデイサンシャイン	1	imasdb-8ba621933ffa			unmatched	
ml_グッドサイン	グッドサイン	グッドサイン		mekakushe	mekakushe	松坂康司	松坂康司	765 MILLION ALLSTARS(天海春香、春日未来、如月千早、木下ひなた、四条貴音、ジュリア、高山紗代子、田中琴葉、天空橋朋花、箱崎星梨花、松田亜利沙、三浦あずさ、水瀬伊織、最上静香、望月杏奈、矢吹可奈、エミリー スチュアート、大神環、我那覇響、菊地真、北上麗花、高坂海美、佐竹美奈子、島原エレナ、高槻やよい、永吉昴、野々原茜、馬場このみ、福田のり子、舞浜歩、真壁瑞希、百瀬莉緒、横山奈緒、秋月律子、伊吹翼、北沢志保、篠宮可憐、周防桃子、徳川まつり、所恵美、豊川風花、中谷育、七尾百合子、二階堂千鶴、萩原雪歩、ロコ、双海亜美、双海真美、星井美希、宮尾美也、白石紬、桜守歌織)	all	ml			imasdb-871047490e76			unmatched	
ml_グッドサイン北上麗花ver	グッドサイン (北上麗花 Ver.)	グッドサイン	北上麗花 Ver.					北上麗花	solo	ml		1	imasdb-67357e4c9b98			unmatched	
ml_グッドサイン如月千早ver	グッドサイン (如月千早 Ver.)	グッドサイン	如月千早 Ver.					如月千早	solo	ml		1	imasdb-44d72140f3c9			unmatched	
ml_グッドサイン望月杏奈ver	グッドサイン (望月杏奈 Ver.)	グッドサイン	望月杏奈 Ver.					望月杏奈	solo	ml		1	imasdb-afd71ffc79ce			unmatched	
ml_グッドサイン真壁瑞希ver	グッドサイン (真壁瑞希 Ver.)	グッドサイン	真壁瑞希 Ver.					真壁瑞希	solo	ml		1	imasdb-cb46fbe4dcba			unmatched	
ml_グッドサイン馬場このみver	グッドサイン (馬場このみ Ver.)	グッドサイン	馬場このみ Ver.					馬場このみ	solo	ml		1	imasdb-43f42c9536e5			unmatched	
ml_グッドサイン高山紗代子ver	グッドサイン (高山紗代子 Ver.)	グッドサイン	高山紗代子 Ver.					高山紗代子	solo	ml		1	imasdb-2f30ac3d5746			unmatched	
ml_グローインミュージック	グローインミュージック!	グローインミュージック!		こだまさおり	こだまさおり	山口朗彦	山口朗彦	矢吹可奈	solo	ml			imasdb-daca24aaf370			unmatched	
ml_ゲキテキムテキ恋したい	ゲキテキ!ムテキ!恋したい!	ゲキテキ!ムテキ!恋したい!		藤本記子	藤本記子	藤本記子	藤本記子	レオ(島原エレナ、中谷育、ロコ)	unit	ml			imasdb-fb027bc0f0ec			unmatched	
ml_ココロがかえる場所	ココロがかえる場所	ココロがかえる場所		こだまさおり	こだまさおり	高田暁	高田暁	萩原雪歩、周防桃子、二階堂千鶴、ロコ	unit	ml			imasdb-9f2813bc65c5			unmatched	
ml_ココロがかえる場所ケンモチヒデフミ_remix	ココロがかえる場所(ケンモチヒデフミ Remix)	ココロがかえる場所	ケンモチヒデフミ Remix	こだまさおり	こだまさおり	高田暁	高田暁	萩原雪歩、周防桃子、二階堂千鶴、ロコ	unit	ml	ml_ココロがかえる場所	1	imasdb-61ef5c8bd10a			unmatched	
ml_ココロエクササイズ	ココロ☆エクササイズ	ココロ☆エクササイズ		唐沢美帆	唐沢美帆	板垣祐介	板垣祐介	高坂海美	solo	ml			imasdb-4b801e9a342b			unmatched	
ml_ココロエクササイズ_toriena_remix	ココロ☆エクササイズ (TORIENA Remix)	ココロ☆エクササイズ	TORIENA Remix	唐沢美帆	唐沢美帆	板垣祐介	板垣祐介	高坂海美	solo	ml	ml_ココロエクササイズ	1	imasdb-766bb901b2c5			unmatched	
ml_サウンドオブビギニング	サウンド・オブ・ビギニング	サウンド・オブ・ビギニング		真崎エリカ	真崎エリカ	本多友紀(Arte Refact)	本多友紀(Arte Refact)	RisingLight(田中琴葉、ロコ、周防桃子、二階堂千鶴、宮尾美也)	unit	ml			imasdb-7d7354dde3d8			unmatched	
ml_サマトリ_summer_trip	サマ☆トリ ~Summer trip~	サマ☆トリ ~Summer trip~		唐沢美帆	唐沢美帆	増谷賢	増谷賢	北上麗花	solo	ml			imasdb-a7f7a14f373d			unmatched	
ml_サマトリ_summer_trip_チバニャン_remix	サマ☆トリ ~Summer trip~ (チバニャン Remix)	サマ☆トリ ~Summer trip~	チバニャン Remix	唐沢美帆	唐沢美帆	増谷賢	増谷賢	北上麗花	solo	ml	ml_サマトリ_summer_trip	1	imasdb-bb6c3b4b704e			unmatched	
ml_サンリズムオーケストラ	サンリズム・オーケストラ♪	サンリズム・オーケストラ♪		真崎エリカ	真崎エリカ	EFFY	EFFY	Sunshine Rhythm(伊吹翼、エミリー スチュアート、木下ひなた、佐竹美奈子、島原エレナ、中谷育、福田のり子、望月杏奈、百瀬莉緒、矢吹可奈、横山奈緒、ロコ)	unit	ml			imasdb-7bc9a209e110			unmatched	
ml_シャクネツのパレード	シャクネツのパレード	シャクネツのパレード		安藤紗々	安藤紗々	ラムシーニ	ラムシーニ	島原エレナ	solo	ml			imasdb-93f7dc342de7			unmatched	
ml_シャルウィーダンス	シャル・ウィー・ダンス?	シャル・ウィー・ダンス?		松井洋平	松井洋平	廣中トキワ	廣中トキワ	徳川まつり	solo	ml			imasdb-d44000d37862			unmatched	
ml_ショコラブルイブ	ショコラブル*イブ	ショコラブル*イブ		辻純更	辻純更	藤原彩豊	藤原彩豊	所恵美、春日未来、高山紗代子、野々原茜、望月杏奈	unit	ml			imasdb-c714de96b55e			unmatched	
ml_シルエット	シルエット	シルエット		坂井季乃	坂井季乃	山口朗彦	山口朗彦	田中琴葉	solo	ml			imasdb-50edcf800939			unmatched	
ml_シークレットジュエル_魅惑の金剛石	シークレットジュエル 〜魅惑の金剛石〜	シークレットジュエル 〜魅惑の金剛石〜		MEG.ME	MEG.ME	宮野弦士	宮野弦士	水瀬伊織、宮尾美也、春日未来、桜守歌織、周防桃子	unit	ml			imasdb-ab095e3a2914			unmatched	
ml_ジャングルパーティー	ジャングル☆パーティー	ジャングル☆パーティー		松井洋平	松井洋平	AstroNoteS	AstroNoteS	大神環×双海真美	solo	ml			imasdb-5c36bcee7544			unmatched	
ml_ジレるハートに火をつけて	ジレるハートに火をつけて	ジレるハートに火をつけて		藤本記子	藤本記子	増田武史	増田武史	灼熱少女(田中琴葉、大神環、高坂海美、所恵美、宮尾美也)	unit	ml			imasdb-5b6b169dc693			unmatched	
ml_ジレるハートに火をつけて4sk_remix	ジレるハートに火をつけて(4sk Remix)	ジレるハートに火をつけて	4sk Remix	藤本記子	藤本記子	増田武史	増田武史	灼熱少女(田中琴葉、大神環、高坂海美、所恵美、宮尾美也)	unit	ml	ml_ジレるハートに火をつけて	1	imasdb-dd4dbb2a58ad			unmatched	
ml_スタートリップ	スタートリップ	スタートリップ		きみコ	きみコ	ハヤシケイ	ハヤシケイ	ジュリア	solo	ml			imasdb-7970af5063f6			unmatched	
ml_ストロベリーキューピッド	ストロベリー・キューピッド	ストロベリー・キューピッド		河田貴央&juun.coo	河田貴央;juun.coo	河田貴央	河田貴央	高槻やよい	solo	ml			imasdb-8732bf742d15			unmatched	
ml_ストロベリーキューピッド_teddyloid_remix	ストロベリー・キューピッド (TeddyLoid Remix)	ストロベリー・キューピッド	TeddyLoid Remix	河田貴央&juun.coo	河田貴央;juun.coo	河田貴央	河田貴央	高槻やよい	solo	ml	ml_ストロベリーキューピッド	1	imasdb-eae546b66892			unmatched	
ml_スノウレター	スノウレター	スノウレター		藤本記子(Nostalgic Orchestra)	藤本記子(Nostalgic Orchestra)	岩瀬賢明 (とけた電球)	岩瀬賢明 (とけた電球)	木下ひなた	solo	ml			imasdb-a602f1f2a8e8			unmatched	
ml_スペードのq	スペードのQ	スペードのQ		児玉雨子	児玉雨子	グシミヤギヒデユキ(Hifumi,inc.)	グシミヤギヒデユキ(Hifumi,inc.)	永吉昴、双海亜美、エミリー スチュアート、北沢志保	unit	ml			imasdb-9ccbefc052a4			unmatched	
ml_スポットライトミラーランド	スポットライト・ミラーランド	スポットライト・ミラーランド		児玉雨子	児玉雨子	平田祥一郎	平田祥一郎	望月杏奈	solo	ml			imasdb-bb3f47d4ff7c			unmatched	
ml_スポーツスポーツスポーツ	スポーツ!スポーツ!スポーツ!	スポーツ!スポーツ!スポーツ!		前山田健一	前山田健一	前山田健一	前山田健一	高坂海美	solo	ml			imasdb-c0596f47b52a			unmatched	
ml_スマイルいちばん	スマイルいちばん	スマイルいちばん		rino	rino	サイトウヨシヒロ	サイトウヨシヒロ	佐竹美奈子	solo	ml			imasdb-ed0efdbedb16			unmatched	
ml_スマイルいちばん4sk_remix	スマイルいちばん(4sk Remix)	スマイルいちばん	4sk Remix	rino	rino	サイトウヨシヒロ	サイトウヨシヒロ	佐竹美奈子	solo	ml	ml_スマイルいちばん	1	imasdb-6c0544b1f198			unmatched	
ml_セイクリッドブーケ	セイクリッド・ブーケ	セイクリッド・ブーケ		真崎エリカ	真崎エリカ	原田篤(Arte Refact)・本多友紀(Arte Refact)	原田篤(Arte Refact);本多友紀(Arte Refact)	永吉昴、如月千早、篠宮可憐	unit	ml			imasdb-32c6176661fd			unmatched	
ml_セピアカラフル	セピアカラフル	セピアカラフル		真崎エリカ	真崎エリカ	本多友紀(Arte Refact)	本多友紀(Arte Refact)	菊地真	solo	ml			imasdb-e25493a8b370			unmatched	
ml_セブンカウント	セブンカウント	セブンカウント		松井洋平	松井洋平	佐高陵平(Hifumi,inc.)	佐高陵平(Hifumi,inc.)	MILLIONSTARS(春日未来、木下ひなた、ジュリア、高山紗代子、田中琴葉、天空橋朋花、箱崎星梨花、松田亜利沙、最上静香、望月杏奈、矢吹可奈、エミリー スチュアート、大神環、北上麗花、高坂海美、佐竹美奈子、島原エレナ、永吉昴、野々原茜、馬場このみ、福田のり子、舞浜歩、真壁瑞希、百瀬莉緒、横山奈緒、伊吹翼、北沢志保、篠宮可憐、周防桃子、徳川まつり、所恵美、豊川風花、中谷育、七尾百合子、二階堂千鶴、ロコ、宮尾美也、白石紬、桜守歌織)	all	ml			imasdb-9e5821e6100f			unmatched	
ml_タイムマシンに飛び乗って	タイムマシンに飛び乗って!	タイムマシンに飛び乗って!		松井洋平	松井洋平	矢鴇つかさ	矢鴇つかさ	双海亜美	solo	ml			imasdb-aa93aba20cc9			unmatched	
ml_タイムマシンに飛び乗って_teddyloid_remix	タイムマシンに飛び乗って! (TeddyLoid Remix)	タイムマシンに飛び乗って!	TeddyLoid Remix	松井洋平	松井洋平	矢鴇つかさ	矢鴇つかさ	双海亜美	solo	ml	ml_タイムマシンに飛び乗って	1	imasdb-192523f55e9b			unmatched	
ml_ターンオンタイム-mr_remix-	ターンオンタイム!-MR remix-	ターンオンタイム!-MR remix-		伊福部崇	伊福部崇	三好啓太	三好啓太	春日未来、最上静香、箱崎星梨花	unit	ml			imasdb-7c972b543dc7			unmatched	
ml_ダイヤモンドクラリティ	ダイヤモンド・クラリティ	ダイヤモンド・クラリティ		辻純更	辻純更	青木康平	青木康平	BRIGHT DIAMOND(桜守歌織、四条貴音、伊吹翼、春日未来、周防桃子、田中琴葉、徳川まつり、所恵美、萩原雪歩、双海真美、水瀬伊織、宮尾美也、百瀬莉緒)	unit	ml			imasdb-767eb2ef041a			unmatched	
ml_チョー元気showアイドルchng	チョー↑元気Show☆アイドルch@ng!	チョー↑元気Show☆アイドルch@ng!		松井洋平	松井洋平	バグベア	バグベア	松田亜利沙	solo	ml			imasdb-6c8f32374508			unmatched	
ml_チョー元気showアイドルchng_giga_remix	チョー⬆元気Show☆アイドルch@ng! (Giga Remix)	チョー⬆元気Show☆アイドルch@ng! (Giga Remix)		松井洋平	松井洋平	バグベア	バグベア	松田亜利沙	unit	ml			imasdb-57b689c79237			unmatched	
ml_デコレーションドリミンッ	デコレーション・ドリ〜ミンッ♪	デコレーション・ドリ〜ミンッ♪		松井洋平	松井洋平	増谷賢	増谷賢	周防桃子	solo	ml			imasdb-072e86a29ee1			unmatched	
ml_デコレーションドリミンッ_toriena_remix	デコレーション・ドリ~ミンッ♪ (TORIENA Remix)	デコレーション・ドリ~ミンッ♪	TORIENA Remix	松井洋平	松井洋平	増谷賢	増谷賢	周防桃子	solo	ml	ml_デコレーションドリミンッ	1	imasdb-dbee5ccb90fe			unmatched	
ml_トキメキの音符になって	トキメキの音符になって	トキメキの音符になって		rino	rino	岡本健介	岡本健介	箱崎星梨花	solo	ml			imasdb-1e198fe6d523			unmatched	
ml_トキメキの音符になってnyankobrq_remix	トキメキの音符になって(nyankobrq Remix)	トキメキの音符になって	nyankobrq Remix	rino	rino	岡本健介	岡本健介	箱崎星梨花	solo	ml	ml_トキメキの音符になって	1	imasdb-5f6c5c454543			unmatched	
ml_トレフルドノエル	トレフル・ド・ノエル	トレフル・ド・ノエル		本田正樹(Dream Monster)	本田正樹(Dream Monster)	本田正樹(Dream Monster)	本田正樹(Dream Monster)	菊地真、真壁瑞希、島原エレナ、二階堂千鶴	unit	ml			imasdb-1220d85fdb78			unmatched	
ml_トワラー	トワラー	トワラー		きみコ	きみコ	佐々木淳	佐々木淳	MILLIONSTARS Team7th(ジュリア、北上麗花、舞浜歩、矢吹可奈)	all	ml			imasdb-9915366e3331			unmatched	
ml_ドリームトラベラー	ドリームトラベラー	ドリームトラベラー		藤本記子	藤本記子	藤本記子	藤本記子	ミックスナッツ(馬場このみ、木下ひなた、佐竹美奈子、中谷育、双海真美)	unit	ml			imasdb-4c1ac30c9235			unmatched	
ml_ドリームトラベラー_picco_remix	ドリームトラベラー (picco Remix)	ドリームトラベラー	picco Remix	藤本記子	藤本記子	藤本記子	藤本記子	ミックスナッツ(馬場このみ、木下ひなた、佐竹美奈子、中谷育、双海真美)	unit	ml	ml_ドリームトラベラー	1	imasdb-993f8bd2629f			unmatched	
ml_ハッピ_エフェクト	ハッピ〜 エフェクト!	ハッピ〜 エフェクト!		松井洋平	松井洋平	バグベア	バグベア	宮尾美也	solo	ml			imasdb-06d7af61eccc			unmatched	
ml_ハッピ_エフェクト_チバニャン_remix	ハッピ~ エフェクト! (チバニャン Remix)	ハッピ~ エフェクト!	チバニャン Remix	松井洋平	松井洋平	バグベア	バグベア	宮尾美也	solo	ml	ml_ハッピ_エフェクト	1	imasdb-e29d50159596			unmatched	
ml_ハッピーマイガーデン	ハッピーマイガーデン	ハッピーマイガーデン		木下龍平	木下龍平	木下龍平	木下龍平	木下ひなた	solo	ml			imasdb-bf4af441adb9			unmatched	
ml_ハッピーラッキージェットマシーン	ハッピー☆ラッキー☆ジェットマシーン	ハッピー☆ラッキー☆ジェットマシーン		由貴野ひめか	由貴野ひめか	江並哲志	江並哲志	横山奈緒	solo	ml			imasdb-20bb4d422fa5			unmatched	
ml_ハッピーラッキージェットマシーンkan_takahiko_remix	ハッピー☆ラッキー☆ジェットマシーン(KAN TAKAHIKO Remix)	ハッピー☆ラッキー☆ジェットマシーン	KAN TAKAHIKO Remix	由貴野ひめか	由貴野ひめか	江並哲志	江並哲志	横山奈緒	solo	ml	ml_ハッピーラッキージェットマシーン	1	imasdb-73c2627cb34d			unmatched	
ml_ハミングバード	ハミングバード	ハミングバード		藤本記子	藤本記子	藤本記子	藤本記子	桜守歌織	solo	ml			imasdb-fc00157d97f4			unmatched	
ml_ハミングロード	ハミングロード	ハミングロード		ZAQ	ZAQ	KanadeYUK	KanadeYUK	萩原雪歩	solo	ml			imasdb-5c6c8b8d1b7e			unmatched	
ml_ハミングロードチバニャン_remix	ハミングロード(チバニャン Remix)	ハミングロード	チバニャン Remix	ZAQ	ZAQ	KanadeYUK	KanadeYUK	萩原雪歩	solo	ml	ml_ハミングロード	1	imasdb-7ffc2140a765			unmatched	
ml_ハルカナミライ	ハルカナミライ	ハルカナミライ		藤本記子	藤本記子	増谷賢	増谷賢	天海春香×春日未来	solo	ml			imasdb-f50e0e3676b0			unmatched	
ml_ハルマチ女子	ハルマチ女子	ハルマチ女子		HoneyWorks	HoneyWorks	HoneyWorks	HoneyWorks	りるきゃん 〜3 little candy〜(篠宮可憐、野々原茜、伊吹翼)	unit	ml			imasdb-dde98b70f0c6			unmatched	
ml_ハートウォーミング	ハートウォーミング	ハートウォーミング		アツミサオリ	アツミサオリ	KanadeYUK	KanadeYUK	高槻やよい	solo	ml			imasdb-e06417e60c60			unmatched	
ml_ハートウォーミングdé_dé_mouse_remix	ハートウォーミング(DÉ DÉ MOUSE Remix)	ハートウォーミング	DÉ DÉ MOUSE Remix	アツミサオリ	アツミサオリ	KanadeYUK	KanadeYUK	高槻やよい	solo	ml	ml_ハートウォーミング	1	imasdb-8de5c84c2288			unmatched	
ml_ハーモニクス	ハーモニクス	ハーモニクス		坂井季乃	坂井季乃	高橋諒(Void_Chords)	高橋諒(Void_Chords)	D/Zeal(最上静香、ジュリア)	unit	ml			imasdb-163e7d92c86b			unmatched	
ml_バトンタッチ	バトンタッチ	バトンタッチ		宮崎まゆ	宮崎まゆ	櫻澤ヒカル(Hifumi,inc.)	櫻澤ヒカル(Hifumi,inc.)	MILLIONSTARS Team5th(高山紗代子、中谷育、野々原茜、箱崎星梨花、宮尾美也)	all	ml			imasdb-f69e69eaab82			unmatched	
ml_パンとフィルム	パンとフィルム	パンとフィルム		佐高陵平(Hifumi,inc.)	佐高陵平(Hifumi,inc.)	齋藤大(Hifumi,inc.)	齋藤大(Hifumi,inc.)	≡君彩≡(所恵美、矢吹可奈、松田亜利沙)	unit	ml			imasdb-38330ceb46dc			unmatched	
ml_パーフェクトゲーム	パーフェクトゲーム	パーフェクトゲーム		重永亮介	重永亮介	重永亮介	重永亮介	永吉昴	solo	ml			imasdb-f5a61119eb1e			unmatched	
ml_ビギナーズストライク	ビギナーズ☆ストライク	ビギナーズ☆ストライク		唐沢美帆	唐沢美帆	小野貴光	小野貴光	永吉昴	solo	ml			imasdb-1cb29c9dcb02			unmatched	
ml_ビギナーズストライクチバニャン_remix	ビギナーズ☆ストライク(チバニャン Remix)	ビギナーズ☆ストライク	チバニャン Remix	唐沢美帆	唐沢美帆	小野貴光	小野貴光	永吉昴	solo	ml	ml_ビギナーズストライク	1	imasdb-3ded48d8200d			unmatched	
ml_ビッグバンズバリボー	ビッグバンズバリボー!!!!!	ビッグバンズバリボー!!!!!		ZAQ	ZAQ	ZAQ	ZAQ	高坂海美、所恵美、高山紗代子、豊川風花、横山奈緒	unit	ml			imasdb-d8f7396fb5eb			unmatched	
ml_ピカリピックアップ	ピカリピックアップ!	ピカリピックアップ!		松井洋平	松井洋平	AstroNoteS	AstroNoteS	高槻やよい	solo	ml			imasdb-93aa8729b34f			unmatched	
ml_ピコピコiiko_インベーダー	ピコピコIIKO! インベーダー	ピコピコIIKO! インベーダー		松井洋平	松井洋平	AstroNoteS	AstroNoteS	ピコピコプラネッツ [木下ひなた、箱崎星梨花、大神環、望月杏奈	unit	ml			imasdb-935a5ccd838f			unmatched	
ml_ピンクローズアプローズ	ピンクローズアプローズ	ピンクローズアプローズ		mekakushe	mekakushe	mekakushe	mekakushe	水瀬伊織	solo	ml			imasdb-a097cc2ea2e6			unmatched	
ml_ファンタジスタカーニバル	ファンタジスタ・カーニバル	ファンタジスタ・カーニバル		真崎エリカ	真崎エリカ	桑原聖(Arte Refact)	桑原聖(Arte Refact)	島原エレナ	solo	ml			imasdb-3adb7aff9435			unmatched	
ml_ファンタジスタカーニバル_tsubusare_bozz_remix	ファンタジスタ・カーニバル (Tsubusare BOZZ Remix)	ファンタジスタ・カーニバル	Tsubusare BOZZ Remix	真崎エリカ	真崎エリカ	桑原聖(Arte Refact)	桑原聖(Arte Refact)	島原エレナ	solo	ml	ml_ファンタジスタカーニバル	1	imasdb-70d95a5684a4			unmatched	
ml_フェスタイルミネーション	フェスタ・イルミネーション	フェスタ・イルミネーション		松井洋平	松井洋平	松井洋平	松井洋平	徳川まつり	solo	ml			imasdb-8029a726321c			unmatched	
ml_フェスタイルミネーションgetty_remix	フェスタ・イルミネーション(Getty Remix)	フェスタ・イルミネーション	Getty Remix	松井洋平	松井洋平	松井洋平	松井洋平	徳川まつり	solo	ml	ml_フェスタイルミネーション	1	imasdb-458cc6c028ce			unmatched	
ml_フシギトラベラー	フシギトラベラー	フシギトラベラー		木下龍平	木下龍平	木下龍平	木下龍平	TRICK&TREAT(北上麗花、野々原茜)	unit	ml			imasdb-c0ded6b1f200			unmatched	
ml_フリースタイルトップアイドル	フリースタイル・トップアイドル!	フリースタイル・トップアイドル!		松井洋平	松井洋平	本田正樹(Dream Monster)	本田正樹(Dream Monster)	ARMooo(双海真美、秋月律子、双海亜美)	unit	ml			imasdb-f7c691b0e50e			unmatched	
ml_フローズンワード	フローズン・ワード	フローズン・ワード		真崎エリカ	真崎エリカ	桑原聖(Arte Refact)	桑原聖(Arte Refact)	所恵美	solo	ml			imasdb-54c55cb74443			unmatched	
ml_フローズンワードy0c1e_remix	フローズン・ワード(y0c1e Remix)	フローズン・ワード	y0c1e Remix	真崎エリカ	真崎エリカ	桑原聖(Arte Refact)	桑原聖(Arte Refact)	所恵美	solo	ml	ml_フローズンワード	1	imasdb-7b5ce151daf8			unmatched	
ml_プライヴェイトロードショウ_playback_weekday	プライヴェイト・ロードショウ (playback, Weekday)	プライヴェイト・ロードショウ (playback, Weekday)		松井洋平	松井洋平	松田彬人	松田彬人	水瀬伊織	solo	ml			imasdb-e33b0dffabd1			unmatched	
ml_プライヴェイトロードショウplayback_weekdayy0c1e_remix	プライヴェイト・ロードショウ(playback, Weekday)(y0c1e Remix)	プライヴェイト・ロードショウ(playback, Weekday)	y0c1e Remix	松井洋平	松井洋平	松田彬人	松田彬人	水瀬伊織	solo	ml		1	imasdb-94817e5f6322			unmatched	
ml_プラリネ	プラリネ	プラリネ		きみコ	きみコ	佐々木淳	佐々木淳	ジュリア	solo	ml			imasdb-54d7938a8331			unmatched	
ml_プラリネ_dummy_dog_remix	プラリネ (Dummy Dog Remix)	プラリネ	Dummy Dog Remix	きみコ	きみコ	佐々木淳	佐々木淳	ジュリア	solo	ml	ml_プラリネ	1	imasdb-08f8c37dfe23			unmatched	
ml_プリティッニャンニャンッ	プリティ〜〜〜ッ→ニャンニャンッ!	プリティ〜〜〜ッ→ニャンニャンッ!		松井洋平	松井洋平	高田暁	高田暁	野々原茜	solo	ml			imasdb-a2c190712d64			unmatched	
ml_プリティッニャンニャンッ_beatnine_remix	プリティ~~~ッ→ニャンニャンッ! (BEATNINE Remix)	プリティ~~~ッ→ニャンニャンッ!	BEATNINE Remix	松井洋平	松井洋平	高田暁	高田暁	野々原茜	solo	ml	ml_プリティッニャンニャンッ	1	imasdb-1cd973b97723			unmatched	
ml_プリムラ	プリムラ	プリムラ		KOH	KOH	KOH	KOH	ウィルゴ(永吉昴、七尾百合子、最上静香)	unit	ml			imasdb-567c1a6c2981			unmatched	
ml_プリンセスアラモード	プリンセス・アラモード	プリンセス・アラモード		松井洋平	松井洋平	松井洋平、AstroNoteS	松井洋平;AstroNoteS	徳川まつり	solo	ml			imasdb-56821e3d51bd			unmatched	
ml_プルメリアの花	プルメリアの花	プルメリアの花		XELIK	XELIK	XELIK	XELIK	萩原雪歩	solo	ml			imasdb-5fa2eb4186af			unmatched	
ml_ホップステップレインボウ	ホップ♪ステップ♪レインボウ♪	ホップ♪ステップ♪レインボウ♪		松井洋平	松井洋平	三輪智也	三輪智也	大神環	solo	ml			imasdb-193bd816240f			unmatched	
ml_ホップステップレインボウ4sk_remix	ホップ♪ステップ♪レインボウ♪(4sk Remix)	ホップ♪ステップ♪レインボウ♪	4sk Remix	松井洋平	松井洋平	三輪智也	三輪智也	大神環	solo	ml	ml_ホップステップレインボウ	1	imasdb-e87c0b65c705			unmatched	
ml_ホントウノワタシ	ホントウノワタシ	ホントウノワタシ		藤本記子	藤本記子	野井洋児	野井洋児	田中琴葉	solo	ml			imasdb-878f0fe1d104			unmatched	
ml_ホントウノワタシy0c1e_remix	ホントウノワタシ(y0c1e Remix)	ホントウノワタシ	y0c1e Remix	藤本記子	藤本記子	野井洋児	野井洋児	田中琴葉	solo	ml	ml_ホントウノワタシ	1	imasdb-5d897f30d074			unmatched	
ml_マイペースマイウェイ	マイペース☆マイウェイ	マイペース☆マイウェイ		松井洋平	松井洋平	増谷賢	増谷賢	福田のり子	solo	ml			imasdb-3684fd0ba76b			unmatched	
ml_マイペースマイウェイdé_dé_mouse_remix	マイペース☆マイウェイ(DÉ DÉ MOUSE Remix)	マイペース☆マイウェイ	DÉ DÉ MOUSE Remix	松井洋平	松井洋平	増谷賢	増谷賢	福田のり子	solo	ml	ml_マイペースマイウェイ	1	imasdb-c670dcbf59ec			unmatched	
ml_ミスティックセレモニーへの招待状	ミスティック・セレモニーへの招待状	ミスティック・セレモニーへの招待状		安藤紗々	安藤紗々	椿山日南子(Dream Monster)	椿山日南子(Dream Monster)	矢吹可奈、伊吹翼、北上麗花、天空橋朋花、双海真美	unit	ml			imasdb-17b854e65c78			unmatched	
ml_ミステイクマーダー	ミステイク・マーダー!	ミステイク・マーダー!		三好啓太	三好啓太	三好啓太	三好啓太	田中琴葉、豊川風花、春日未来、北沢志保、七尾百合子	unit	ml			imasdb-4d7e6621a20d			unmatched	
ml_ミラージュミラー	ミラージュ・ミラー	ミラージュ・ミラー		KOH、月丘りあ子	KOH;月丘りあ子	KOH	KOH	Charlotte・Charlotte(徳川まつり、エミリー スチュアート)	unit	ml			imasdb-d3ec30c36928			unmatched	
ml_ムーンゴールド	ムーンゴールド	ムーンゴールド		中村彼方	中村彼方	松田彬人	松田彬人	二階堂千鶴	solo	ml			imasdb-50d0fff0a959			unmatched	
ml_ムーンライトプロムナード	ムーンライト・プロムナード	ムーンライト・プロムナード		グシミヤギ ヒデユキ	グシミヤギ ヒデユキ	グシミヤギ ヒデユキ	グシミヤギ ヒデユキ	二階堂千鶴	solo	ml			imasdb-765f3bab1883			unmatched	
ml_メメントモメントルルルルル	メメント?モメント♪ルルルルル☆	メメント?モメント♪ルルルルル☆		松井洋平	松井洋平	宮崎まゆ	宮崎まゆ	タウラス(春日未来、徳川まつり、宮尾美也)	unit	ml			imasdb-dc10b87d173c			unmatched	
ml_ユニゾンビート	ユニゾン☆ビート	ユニゾン☆ビート		唐沢美帆	唐沢美帆	高田暁	高田暁	舞浜歩	solo	ml			imasdb-5ac5d5b69628			unmatched	
ml_ユニゾンビート_picco_remix	ユニゾン☆ビート (picco Remix)	ユニゾン☆ビート	picco Remix	唐沢美帆	唐沢美帆	高田暁	高田暁	舞浜歩	solo	ml	ml_ユニゾンビート	1	imasdb-984979af17c4			unmatched	
ml_ユニークスタープレイヤー	ユニーク・スター・プレイヤー!	ユニーク・スター・プレイヤー!		松井洋平	松井洋平	AstroNoteS	AstroNoteS	双海真美	solo	ml			imasdb-74dcf505ead9			unmatched	
ml_ライアールージュ	ライアー・ルージュ	ライアー・ルージュ		松井洋平	松井洋平	西添健(Arte Refact)	西添健(Arte Refact)	北沢志保	solo	ml			imasdb-cc0e3228da29			unmatched	
ml_ライアールージュgetty_remix	ライアー・ルージュ(Getty Remix)	ライアー・ルージュ	Getty Remix	松井洋平	松井洋平	西添健(Arte Refact)	西添健(Arte Refact)	北沢志保	solo	ml	ml_ライアールージュ	1	imasdb-e6803c5319ef			unmatched	
ml_ライラックにつつまれて	ライラックにつつまれて	ライラックにつつまれて		三好啓太	三好啓太	三好啓太	三好啓太	TIntMe!(大神環、中谷育、周防桃子)	unit	ml			imasdb-4eec765b55e0			unmatched	
ml_ラストアクトレス	ラスト・アクトレス	ラスト・アクトレス		中村彼方	中村彼方	R・O・N	R;O;N	田中琴葉、周防桃子、馬場このみ、真壁瑞希、白石紬	unit	ml			imasdb-05400b4991b9			unmatched	
ml_ラビットファー	ラビットファー	ラビットファー		OSTER project	OSTER project	OSTER project	OSTER project	Xs(萩原雪歩、星井美希、菊地真、水瀬伊織)	unit	ml			imasdb-487e50425984			unmatched	
ml_ランニングハイッ	ランニング・ハイッ	ランニング・ハイッ		松井洋平	松井洋平	睦月周平	睦月周平	キャンサー(エミリー スチュアート、木下ひなた、横山奈緒)	unit	ml			imasdb-2550daac27b2			unmatched	
ml_リフレインキス	リフレインキス	リフレインキス		藤本記子	藤本記子	藤本記子	藤本記子	スコーピオ(北沢志保、高坂海美、松田亜利沙)	unit	ml			imasdb-48fc0cf54e8a			unmatched	
ml_リベレイシングアロン_-liberasing_along-	リベレイシング/アロン -LiberaSing Along-	リベレイシング/アロン -LiberaSing Along-		松井洋平	松井洋平	高瀬一矢	高瀬一矢	如月千早、木下ひなた、天空橋朋花、徳川まつり、馬場このみ	unit	ml			imasdb-17b15440223a			unmatched	
ml_リーチアップステップ	リーチ・アップ・ステップ!	リーチ・アップ・ステップ!		安藤紗々	安藤紗々	酒井ミキオ	酒井ミキオ	周防桃子	solo	ml			imasdb-7727585156ff			unmatched	
ml_ロケットスター	ロケットスター☆	ロケットスター☆		真崎エリカ	真崎エリカ	本多友紀(Arte Refact)	本多友紀(Arte Refact)	伊吹翼	solo	ml			imasdb-bafcbfa72dab			unmatched	
ml_ローリングさんかく	ローリング△さんかく	ローリング△さんかく		安藤紗々	安藤紗々	松坂康司	松坂康司	周防桃子	solo	ml			imasdb-30d581d88133			unmatched	
ml_ワールドアスレチックcook-king_勝者必食スポ食の秋	ワールド・アスレチック・COOK-KING 〜勝者必食!?スポ食の秋〜	ワールド・アスレチック・COOK-KING 〜勝者必食!?スポ食の秋〜		真崎エリカ	真崎エリカ	矢鴇つかさ(Arte Refact)	矢鴇つかさ(Arte Refact)	中谷育、我那覇響、佐竹美奈子、篠宮可憐、舞浜歩	unit	ml			imasdb-f19cc9594858			unmatched	
ml_不思議発見ラボ	不思議発見ラボ!	不思議発見ラボ!		シバタトモキ(Dream Monster)	シバタトモキ(Dream Monster)	シバタトモキ(Dream Monster)	シバタトモキ(Dream Monster)	木下ひなた、矢吹可奈、白石紬	unit	ml			imasdb-b41cc8928c46			unmatched	
ml_交わる季節	交わる季節	交わる季節		in the blue shirt	in the blue shirt	in the blue shirt	in the blue shirt	四条貴音	solo	ml			imasdb-3c81736b6039			unmatched	
ml_俠気乱舞	俠気乱舞	俠気乱舞		松井洋平	松井洋平	yuxuki waga (fhána)	yuxuki waga (fhána)	ジュリア、周防桃子、大神環、木下ひなた、福田のり子	unit	ml			imasdb-811329b86892			unmatched	
ml_初恋バタフライ	初恋バタフライ	初恋バタフライ		唐沢美帆	唐沢美帆	石井健太郎	石井健太郎	宮尾美也	solo	ml			imasdb-d82944c1dd05			unmatched	
ml_初恋バタフライnarumi_helvetica_remix	初恋バタフライ(NARUMI HELVETICA Remix)	初恋バタフライ	NARUMI HELVETICA Remix	唐沢美帆	唐沢美帆	石井健太郎	石井健太郎	宮尾美也	solo	ml	ml_初恋バタフライ	1	imasdb-3f157cc0f58d			unmatched	
ml_創造は始まりの風を連れて	創造は始まりの風を連れて	創造は始まりの風を連れて		結城アイラ	結城アイラ	KOHTA YAMAMOTO	KOHTA YAMAMOTO	七尾百合子、天空橋朋花、箱崎星梨花、松田亜利沙、ロコ	unit	ml			imasdb-8342a5b4fec1			unmatched	
ml_勇気のfragrance	勇気のfragrance	勇気のfragrance		陽茉莉-himari-(Hifumi,inc.)	陽茉莉-himari-(Hifumi,inc.)	齋藤大(Hifumi,inc.)	齋藤大(Hifumi,inc.)	篠宮可憐	solo	ml			imasdb-a5eb38f1c3f9			unmatched	
ml_合言葉はスタートアップ	合言葉はスタートアップ!	合言葉はスタートアップ!		mft	mft	酒井拓也(Arte Refact)	酒井拓也(Arte Refact)	レジェンドデイズ(我那覇響、秋月律子、高槻やよい、双海亜美、水瀬伊織)	unit	ml			imasdb-817bc97e11fe			unmatched	
ml_合言葉はスタートアップ_teddyloid_remix	合言葉はスタートアップ! (TeddyLoid Remix)	合言葉はスタートアップ!	TeddyLoid Remix	mft	mft	酒井拓也(Arte Refact)	酒井拓也(Arte Refact)	レジェンドデイズ(我那覇響、秋月律子、高槻やよい、双海亜美、水瀬伊織)	unit	ml	ml_合言葉はスタートアップ	1	imasdb-fc3afe190e32			unmatched	
ml_君だけの欠片	君だけの欠片	君だけの欠片		藤本記子	藤本記子	藤本記子	藤本記子	エミリー スチュアート	solo	ml			imasdb-1ac1f25ced50			unmatched	
ml_君だけの欠片_dummy_dog_remix	君だけの欠片 (Dummy Dog Remix)	君だけの欠片	Dummy Dog Remix	藤本記子	藤本記子	藤本記子	藤本記子	エミリー スチュアート	solo	ml	ml_君だけの欠片	1	imasdb-3b0b362142e9			unmatched	
ml_君との明日を願うから	君との明日を願うから	君との明日を願うから		真崎エリカ	真崎エリカ	原田篤(Arte Refact)	原田篤(Arte Refact)	春日未来、最上静香、伊吹翼	unit	ml			imasdb-f43517b3f536			unmatched	
ml_君と同じ物語	君と同じ物語	君と同じ物語		こだまさおり	こだまさおり	若林充	若林充	七尾百合子	solo	ml			imasdb-7556521f676a			unmatched	
ml_君に映るポートレイト	君に映るポートレイト	君に映るポートレイト		こだまさおり	こだまさおり	長根博史、石倉誉之	長根博史;石倉誉之	如月千早	solo	ml			imasdb-39a02c797470			unmatched	
ml_君想いbirthday	君想いBirthday	君想いBirthday		rino	rino	福富雅之	福富雅之	高山紗代子	solo	ml			imasdb-31198cfbe0cb			unmatched	
ml_君想いbirthdayチバニャン_remix	君想いBirthday(チバニャン Remix)	君想いBirthday	チバニャン Remix	rino	rino	福富雅之	福富雅之	高山紗代子	solo	ml	ml_君想いbirthday	1	imasdb-a9b58db5410c			unmatched	
ml_咲くは浮世の君花火	咲くは浮世の君花火	咲くは浮世の君花火		真崎エリカ	真崎エリカ	山本陽介	山本陽介	閃光☆HANABI団(高山紗代子、横山奈緒、高坂海美、佐竹美奈子、福田のり子)	unit	ml			imasdb-0c204fa3ea90			unmatched	
ml_唸れミリオンアーマー	唸れ!ミリオンアーマー!	唸れ!ミリオンアーマー!		園田健太郎	園田健太郎	園田健太郎	園田健太郎	桜守歌織、篠宮可憐	unit	ml			imasdb-94fed6a59431			unmatched	
ml_嘆きのfraction	嘆きのFRACTION	嘆きのFRACTION		藤本記子	藤本記子	藤本記子	藤本記子	三浦あずさ	solo	ml			imasdb-8c86462ef0a3			unmatched	
ml_嘆きのfractionnor_remix	嘆きのFRACTION(Nor Remix)	嘆きのFRACTION	Nor Remix	藤本記子	藤本記子	藤本記子	藤本記子	三浦あずさ	solo	ml	ml_嘆きのfraction	1	imasdb-5b42dcf73e97			unmatched	
ml_囚われのteatime	囚われのTeaTime	囚われのTeaTime		島みやえい子	島みやえい子	大和	大和	クロノレキシカ(七尾百合子、望月杏奈、永吉昴、ロコ、真壁瑞希)	unit	ml			imasdb-a10aa40122b2			unmatched	
ml_地球ミラーボウル	地球ミラーボウル	地球ミラーボウル		KOH	KOH	KOH	KOH	水瀬伊織	solo	ml			imasdb-a5b3aa78165b			unmatched	
ml_地球ミラーボウル_teddyloid_remix	地球ミラーボウル (TeddyLoid Remix)	地球ミラーボウル	TeddyLoid Remix	KOH	KOH	KOH	KOH	水瀬伊織	solo	ml	ml_地球ミラーボウル	1	imasdb-80debda09902			unmatched	
ml_地球儀にない国	地球儀にない国	地球儀にない国		森由里子	森由里子	佐藤純一 (fhána)	佐藤純一 (fhána)	七尾百合子	solo	ml			imasdb-aaafc9e89b51			unmatched	
ml_夕風のメロディー	夕風のメロディー	夕風のメロディー		藤本記子	藤本記子	野井洋児	野井洋児	篠宮可憐	solo	ml			imasdb-3a8b44164bde			unmatched	
ml_夕風のメロディー_kotonohouse_remix	夕風のメロディー (KOTONOHOUSE Remix)	夕風のメロディー	KOTONOHOUSE Remix	藤本記子	藤本記子	野井洋児	野井洋児	篠宮可憐	solo	ml	ml_夕風のメロディー	1	imasdb-6b4c9ad70626			unmatched	
ml_夜と明かりと	夜と、明かりと。	夜と、明かりと。		櫻澤ヒカル	櫻澤ヒカル	櫻澤ヒカル	櫻澤ヒカル	Sherry’n Cherry(馬場このみ、百瀬莉緒)	unit	ml			imasdb-1879e979e607			unmatched	
ml_夜に輝く星座のように	夜に輝く星座のように	夜に輝く星座のように		松井洋平	松井洋平	板垣祐介	板垣祐介	松田亜利沙×横山奈緒	solo	ml			imasdb-be487ae51e9c			unmatched	
ml_夢にかけるrainbow	夢にかけるRainbow	夢にかけるRainbow		MEG.ME	MEG.ME	矢鴇つかさ(Arte Refact)	矢鴇つかさ(Arte Refact)	765 MILLION ALLSTARS(天海春香、春日未来、如月千早、木下ひなた、四条貴音、ジュリア、高山紗代子、田中琴葉、天空橋朋花、箱崎星梨花、松田亜利沙、三浦あずさ、水瀬伊織、最上静香、望月杏奈、矢吹可奈、エミリー スチュアート、大神環、我那覇響、菊地真、北上麗花、高坂海美、佐竹美奈子、島原エレナ、高槻やよい、永吉昴、野々原茜、馬場このみ、福田のり子、舞浜歩、真壁瑞希、百瀬莉緒、横山奈緒、秋月律子、伊吹翼、北沢志保、篠宮可憐、周防桃子、徳川まつり、所恵美、豊川風花、中谷育、七尾百合子、二階堂千鶴、萩原雪歩、ロコ、双海亜美、双海真美、星井美希、宮尾美也、白石紬、桜守歌織)	all	ml			imasdb-bf24c7c4f8f4			unmatched	
ml_夢にかけるrainbow北上麗花ver	夢にかけるRainbow (北上麗花 Ver.)	夢にかけるRainbow	北上麗花 Ver.					北上麗花	solo	ml		1	imasdb-01f5983d12b6			unmatched	
ml_夢にかけるrainbow如月千早ver	夢にかけるRainbow (如月千早 Ver.)	夢にかけるRainbow	如月千早 Ver.					如月千早	solo	ml		1	imasdb-850c02fbe9a8			unmatched	
ml_夢にかけるrainbow桜守歌織ver	夢にかけるRainbow (桜守歌織 Ver.)	夢にかけるRainbow	桜守歌織 Ver.					桜守歌織	solo	ml		1	imasdb-05116b221328			unmatched	
ml_夢にかけるrainbow真壁瑞希ver	夢にかけるRainbow (真壁瑞希 Ver.)	夢にかけるRainbow	真壁瑞希 Ver.					真壁瑞希	solo	ml		1	imasdb-170bd079c7c3			unmatched	
ml_夢にかけるrainbow馬場このみver	夢にかけるRainbow (馬場このみ Ver.)	夢にかけるRainbow	馬場このみ Ver.					馬場このみ	solo	ml		1	imasdb-bcf0f9ae978e			unmatched	
ml_夢にかけるrainbow高山紗代子ver	夢にかけるRainbow (高山紗代子 Ver.)	夢にかけるRainbow	高山紗代子 Ver.					高山紗代子	solo	ml		1	imasdb-035370fc62bd			unmatched	
ml_夢みがちbride	夢みがちBride	夢みがちBride		結城アイラ	結城アイラ	結城アイラ、PandaBoY	結城アイラ;PandaBoY	我那覇響、横山奈緒、高坂海美、真壁瑞希、宮尾美也	unit	ml			imasdb-3954f47f8a5d			unmatched	
ml_夢色トレイン	夢色トレイン	夢色トレイン		rino	rino	増谷賢	増谷賢	箱崎星梨花	solo	ml			imasdb-a25a4f1e8641			unmatched	
ml_夢色トレイン_チバニャン_remix	夢色トレイン (チバニャン Remix)	夢色トレイン	チバニャン Remix	rino	rino	増谷賢	増谷賢	箱崎星梨花	solo	ml	ml_夢色トレイン	1	imasdb-21b93a2ee956			unmatched	
ml_彼氏になってよ	彼氏になってよ。	彼氏になってよ。		HoneyWorks	HoneyWorks	HoneyWorks	HoneyWorks	りるきゃん 〜3 little candy〜(篠宮可憐、野々原茜、伊吹翼)	unit	ml			imasdb-6f84ee39cd3b			unmatched	
ml_待ちぼうけのlacrima	待ちぼうけのLacrima	待ちぼうけのLacrima		真崎エリカ	真崎エリカ	小高光太郎、UiNA	小高光太郎;UiNA	アクアリウス(北上麗花、ジュリア、高山紗代子)	unit	ml			imasdb-d33e6fdd8409			unmatched	
ml_微笑み日和	微笑み日和	微笑み日和		rino	rino	rino	rino	エミリー スチュアート	solo	ml			imasdb-399451aadbe8			unmatched	
ml_微笑み日和チバニャン_remix	微笑み日和(チバニャン Remix)	微笑み日和	チバニャン Remix	rino	rino	rino	rino	エミリー スチュアート	solo	ml	ml_微笑み日和	1	imasdb-0898ad32146d			unmatched	
ml_微笑んだから気づいたんだ	微笑んだから、気づいたんだ。	微笑んだから、気づいたんだ。		松井洋平	松井洋平	増谷賢	増谷賢	双海亜美	solo	ml			imasdb-83f70cd92b77			unmatched	
ml_微笑んだから気づいたんだkan_takahiko_remix	微笑んだから、気づいたんだ(KAN TAKAHIKO Remix)	微笑んだから、気づいたんだ(KAN TAKAHIKO Remix)		松井洋平	松井洋平	増谷賢	増谷賢	双海亜美	solo	ml			imasdb-93960167613f			unmatched	
ml_恋のlesson初級編	恋のLesson初級編	恋のLesson初級編		こだまさおり	こだまさおり	nyanyannya(Team.ねこかん[猫])	nyanyannya(Team.ねこかん[猫])	伊吹翼	solo	ml			imasdb-fde2d2472f5d			unmatched	
ml_恋のlesson初級編チバニャン_remix	恋のLesson初級編(チバニャン Remix)	恋のLesson初級編	チバニャン Remix	こだまさおり	こだまさおり	nyanyannya(Team.ねこかん[猫])	nyanyannya(Team.ねこかん[猫])	伊吹翼	solo	ml	ml_恋のlesson初級編	1	imasdb-3f5329da26cd			unmatched	
ml_恋のwawon	恋のWa・Wo・N	恋のWa・Wo・N		中村彼方	中村彼方	大久保薫	大久保薫	七尾百合子	solo	ml			imasdb-325a5622a483			unmatched	
ml_恋の音色ライン	恋の音色ライン	恋の音色ライン		KOH	KOH	KOH	KOH	二階堂千鶴	solo	ml			imasdb-bbf2a43eada1			unmatched	
ml_恋の音色ライン_koukiish_remix	恋の音色ライン (KOUKIISH Remix)	恋の音色ライン	KOUKIISH Remix	KOH	KOH	KOH	KOH	二階堂千鶴	solo	ml	ml_恋の音色ライン	1	imasdb-68410e29ccb7			unmatched	
ml_恋心マスカレード	恋心マスカレード	恋心マスカレード		唐沢美帆	唐沢美帆	増谷賢	増谷賢	二階堂千鶴	solo	ml			imasdb-4017bee3d708			unmatched	
ml_恋心マスカレード_toriena_remix	恋心マスカレード (TORIENA Remix)	恋心マスカレード	TORIENA Remix	唐沢美帆	唐沢美帆	増谷賢	増谷賢	二階堂千鶴	solo	ml	ml_恋心マスカレード	1	imasdb-0ede20328b7f			unmatched	
ml_恋愛ロードランナー	恋愛ロードランナー	恋愛ロードランナー		唐沢美帆	唐沢美帆	石田秀登	石田秀登	高坂海美	solo	ml			imasdb-3a88b76b9695			unmatched	
ml_恋愛ロードランナーyuzen_remix	恋愛ロードランナー(yuzen Remix)	恋愛ロードランナー	yuzen Remix	唐沢美帆	唐沢美帆	石田秀登	石田秀登	高坂海美	solo	ml	ml_恋愛ロードランナー	1	imasdb-a47e0a83758a			unmatched	
ml_恋花	恋花	恋花		藤本記子	藤本記子	福富雅之	福富雅之	四条貴音	solo	ml			imasdb-019f88a97045			unmatched	
ml_恋花snails_house_remix	恋花(Snail's House Remix)	恋花	Snail's House Remix	藤本記子	藤本記子	福富雅之	福富雅之	四条貴音	solo	ml	ml_恋花	1	imasdb-3f7130fafbc7			unmatched	
ml_想いはcarnaval	想いはCarnaval	想いはCarnaval		ハラユカ。	ハラユカ。	吉川奏	吉川奏	島原エレナ	solo	ml			imasdb-d8b391fb3f5b			unmatched	
ml_想いはcarnavalチバニャン_remix	想いはCarnaval(チバニャン Remix)	想いはCarnaval	チバニャン Remix	ハラユカ。	ハラユカ。	吉川奏	吉川奏	島原エレナ	solo	ml	ml_想いはcarnaval	1	imasdb-f7de9bcd023a			unmatched	
ml_想い出はクリアスカイ	想い出はクリアスカイ	想い出はクリアスカイ		KOH	KOH	本多友紀(Arte Refact)	本多友紀(Arte Refact)	Cleasky(島原エレナ、宮尾美也)	unit	ml			imasdb-03f03605cd45			unmatched	
ml_愛のmagic_once_again	愛のMagic! Once Again!	愛のMagic! Once Again!		m.c.A・T	m.c.A;T	m.c.A・T	m.c.A;T	島原エレナ	solo	ml			imasdb-2e98bf8b0838			unmatched	
ml_愛の旋律	愛の旋律	愛の旋律		-	-	-	-	chicAAmor(高山紗代子、豊川風花、ジュリア、二階堂千鶴)	unit	ml			imasdb-0999335e8491			unmatched	
ml_成長chulover	成長Chu→LOVER!!	成長Chu→LOVER!!		真崎エリカ	真崎エリカ	桑原聖(Arte Refact)	桑原聖(Arte Refact)	七尾百合子×望月杏奈	solo	ml			imasdb-a2627152c731			unmatched	
ml_折紙物語	折紙物語	折紙物語		中村彼方	中村彼方	グシミヤギヒデユキ	グシミヤギヒデユキ	白石紬	solo	ml			imasdb-40322cb70695			unmatched	
ml_推しってほんと	推しってほんと	推しってほんと		ヤマモトショウ	ヤマモトショウ	金崎真士	金崎真士	所恵美、島原エレナ、佐竹美奈子、田中琴葉、矢吹可奈	unit	ml			imasdb-a00270f9100a			unmatched	
ml_教えてlast_note	教えてlast note...	教えてlast note...		安藤紗々	安藤紗々	奈須野新平	奈須野新平	篠宮可憐	solo	ml			imasdb-457450999a05			unmatched	
ml_旅立ちのコンパス	旅立ちのコンパス	旅立ちのコンパス		中原徹也	中原徹也	早川博隆、半田彬倫	早川博隆;半田彬倫	Fleuranges(篠宮可憐、箱崎星梨花、木下ひなた、宮尾美也)	unit	ml			imasdb-62c33a49aa2c			unmatched	
ml_昏き星遠い月	昏き星、遠い月	昏き星、遠い月		BNSI (青木朋子)・松井洋平	青木朋子;松井洋平	伊藤賢	伊藤賢	夜想令嬢 -GRAC&E NOCTURNE-(天空橋朋花、所恵美、二階堂千鶴、百瀬莉緒)	unit	ml			imasdb-962bc37763d3			unmatched	
ml_星宙のvoyage	星宙のVoyage	星宙のVoyage		佐藤厚仁(Dream Monster)	佐藤厚仁(Dream Monster)	本田正樹(Dream Monster)	本田正樹(Dream Monster)	オペラセリア・煌輝座(北沢志保、桜守歌織、田中琴葉、徳川まつり)	unit	ml			imasdb-cebe6904de4d			unmatched	
ml_星屑のシンフォニア	星屑のシンフォニア	星屑のシンフォニア		藤本記子	藤本記子	EFFY	EFFY	ミルキーウェイ(星井美希、高山紗代子、天空橋朋花、永吉 昴、二階堂千鶴)	unit	ml			imasdb-b43cef5393b8			unmatched	
ml_星屑のシンフォニア_5u5h1_remix	星屑のシンフォニア (5u5h1 Remix)	星屑のシンフォニア	5u5h1 Remix	藤本記子	藤本記子	EFFY	EFFY	ミルキーウェイ(星井美希、高山紗代子、天空橋朋花、永吉 昴、二階堂千鶴)	unit	ml	ml_星屑のシンフォニア	1	imasdb-9f8ed93a4aa1			unmatched	
ml_春風満帆スターティング	春風満帆スターティング	春風満帆スターティング		青柳諒	青柳諒	青柳諒	青柳諒	萩原雪歩、福田のり子、菊地真、永吉昴、最上静香	unit	ml			imasdb-865c8d7acec6			unmatched	
ml_月のほとりで	月のほとりで	月のほとりで		ChouCho	ChouCho	中土智博	中土智博	三浦あずさ	solo	ml			imasdb-e12cc6387770			unmatched	
ml_月のほとりで_cors_remix	月のほとりで (COR!S Remix)	月のほとりで	COR!S Remix	ChouCho	ChouCho	中土智博	中土智博	三浦あずさ	solo	ml	ml_月のほとりで	1	imasdb-67fd66870e82			unmatched	
ml_月曜日のクリームソーダ	月曜日のクリームソーダ	月曜日のクリームソーダ		安藤紗々	安藤紗々	原知也	原知也	Jelly PoP Beans(ロコ、舞浜歩、永吉昴、周防桃子)	unit	ml			imasdb-0051cf6df155			unmatched	
ml_朝焼けのクレッシェンド	朝焼けのクレッシェンド	朝焼けのクレッシェンド		こだまさおり	こだまさおり	松田彬人	松田彬人	田中琴葉	solo	ml			imasdb-e3ebc849719b			unmatched	
ml_朝焼けのクレッシェンドkan_takahiko_remix	朝焼けのクレッシェンド(KAN TAKAHIKO Remix)	朝焼けのクレッシェンド	KAN TAKAHIKO Remix	こだまさおり	こだまさおり	松田彬人	松田彬人	田中琴葉	solo	ml	ml_朝焼けのクレッシェンド	1	imasdb-3cabf5e3bc21			unmatched	
ml_未完成のポラリス	未完成のポラリス	未完成のポラリス		グシミヤギヒデユキ(Hifumi,inc.)	グシミヤギヒデユキ(Hifumi,inc.)	グシミヤギヒデユキ(Hifumi,inc.)	グシミヤギヒデユキ(Hifumi,inc.)	宮尾美也、望月杏奈、舞浜歩、横山奈緒	unit	ml			imasdb-3009f88f5199			unmatched	
ml_未来系ドリーマー	未来系ドリーマー	未来系ドリーマー		唐沢美帆	唐沢美帆	板垣祐介	板垣祐介	春日未来	solo	ml			imasdb-aa16313ea4c7			unmatched	
ml_未来飛行	未来飛行	未来飛行		唐沢美帆	唐沢美帆	板垣祐介	板垣祐介	春日未来	solo	ml			imasdb-9edea4545cf4			unmatched	
ml_未来飛行_teddyloid_remix	未来飛行 (TeddyLoid Remix)	未来飛行	TeddyLoid Remix	唐沢美帆	唐沢美帆	板垣祐介	板垣祐介	春日未来	solo	ml	ml_未来飛行	1	imasdb-c31cddbbecc2			unmatched	
ml_水中キャンディ	水中キャンディ	水中キャンディ		KOH	KOH	KOH	KOH	馬場このみ	solo	ml			imasdb-ea6af31123b2			unmatched	
ml_水中キャンディ_picco_remix	水中キャンディ (picco Remix)	水中キャンディ	picco Remix	KOH	KOH	KOH	KOH	馬場このみ	solo	ml	ml_水中キャンディ	1	imasdb-24b4e6fc02a3			unmatched	
ml_永遠の花	永遠の花	永遠の花		森由里子	森由里子	三好啓太	三好啓太	ジェミニ(周防桃子、豊川風花、馬場このみ)	unit	ml			imasdb-dccc8aa98e1d			unmatched	
ml_求ム_vs_マイフューチャー	求ム VS マイ・フューチャー	求ム VS マイ・フューチャー		藤本記子	藤本記子	藤本記子	藤本記子	福田のり子	solo	ml			imasdb-87891cbfe18c			unmatched	
ml_求ム_vs_マイフューチャーdj_genki_remix	求ム VS マイ・フューチャー(DJ Genki Remix)	求ム VS マイ・フューチャー	DJ Genki Remix	藤本記子	藤本記子	藤本記子	藤本記子	福田のり子	solo	ml	ml_求ム_vs_マイフューチャー	1	imasdb-09c162a5b8e6			unmatched	
ml_泣き空のち	泣き空、のち	泣き空、のち		こだまさおり	こだまさおり	清水哲平	清水哲平	伊吹翼	solo	ml			imasdb-005002e435c7			unmatched	
ml_流星群	流星群	流星群		きみコ	きみコ	黒須克彦	黒須克彦	ジュリア	solo	ml			imasdb-b9b5dc14a97b			unmatched	
ml_流星群_teddyloid_remix	流星群 (TeddyLoid Remix)	流星群	TeddyLoid Remix	きみコ	きみコ	黒須克彦	黒須克彦	ジュリア	solo	ml	ml_流星群	1	imasdb-6693aff578a0			unmatched	
ml_海風とカスタネット	海風とカスタネット	海風とカスタネット		真崎エリカ	真崎エリカ	EFFY	EFFY	MILLIONSTARS Team2nd(高坂海美、篠宮可憐、福田のり子、真壁瑞希、百瀬莉緒)	all	ml			imasdb-3cb8fc7a1568			unmatched	
ml_涙を知ること	涙を知ること	涙を知ること		岩城由美	岩城由美	半田翼	半田翼	桜守歌織、大神環、ジュリア、中谷育	unit	ml			imasdb-224d4feec82c			unmatched	
ml_深層マーメイド	深層マーメイド	深層マーメイド		唐沢美帆	唐沢美帆	睦月周平	睦月周平	伊吹翼×我那覇響	solo	ml			imasdb-70620f435903			unmatched	
ml_深紅のパシオン	深紅のパシオン	深紅のパシオン		leonn	leonn	日比野裕史	日比野裕史	chicAAmor(高山紗代子、豊川風花、ジュリア、二階堂千鶴)	unit	ml			imasdb-4c3f9aab912b			unmatched	
ml_満腹至極フルコォス	満腹至極フルコォス	満腹至極フルコォス		安藤紗々	安藤紗々	ラムシーニ	ラムシーニ	佐竹美奈子	solo	ml			imasdb-68d14bacbf36			unmatched	
ml_瑠璃色金魚と花菖蒲	瑠璃色金魚と花菖蒲	瑠璃色金魚と花菖蒲		中村彼方	中村彼方	ラムシーニ	ラムシーニ	白石紬	solo	ml			imasdb-055235ba5eb4			unmatched	
ml_産声とクラブ	産声とクラブ	産声とクラブ		佐高陵平(Hifumi,inc.)	佐高陵平(Hifumi,inc.)	佐高陵平(Hifumi,inc.)	佐高陵平(Hifumi,inc.)	箱崎星梨花、三浦あずさ、高坂海美、ロコ	unit	ml			imasdb-e56ad21d18a8			unmatched	
ml_百花は月下に散りぬるを	百花は月下に散りぬるを	百花は月下に散りぬるを		藤本記子	藤本記子	藤本記子	藤本記子	花咲夜(エミリー スチュアート、白石紬、天空橋朋花)	unit	ml			imasdb-61ac002a738c			unmatched	
ml_真夏のダイヤ	真夏のダイヤ☆	真夏のダイヤ☆		三浦誠司	三浦誠司	三浦誠司	三浦誠司	百瀬莉緒、萩原雪歩、田中琴葉、双海真美	unit	ml			imasdb-0b9b554d0439			unmatched	
ml_瞳の中のシリウス	瞳の中のシリウス	瞳の中のシリウス		こだまさおり	こだまさおり	野井洋児	野井洋児	四条貴音、高坂海美、徳川まつり、宮尾美也	unit	ml			imasdb-0e70c72dd44b			unmatched	
ml_瞳の中のシリウス_teddyloid_remix	瞳の中のシリウス (TeddyLoid Remix)	瞳の中のシリウス	TeddyLoid Remix	こだまさおり	こだまさおり	野井洋児	野井洋児	四条貴音、高坂海美、徳川まつり、宮尾美也	unit	ml	ml_瞳の中のシリウス	1	imasdb-189affdaf256			unmatched	
ml_矛盾の月	矛盾の月	矛盾の月		藤本記子	藤本記子	藤本記子	藤本記子	花咲夜(エミリー スチュアート、白石紬、天空橋朋花)	unit	ml			imasdb-ccd05d908383			unmatched	
ml_祈りの羽根	祈りの羽根	祈りの羽根		rino	rino	EFFY	EFFY	豊川風花	solo	ml			imasdb-d41c94a18904			unmatched	
ml_秘密のメモリーズ	秘密のメモリーズ	秘密のメモリーズ		KOH	KOH	KOH	KOH	四条貴音×豊川風花	solo	ml			imasdb-f69184b6c730			unmatched	
ml_稲妻スピリット	稲妻スピリット	稲妻スピリット		nobara kaede	nobara kaede	石井健太郎	石井健太郎	横山奈緒	solo	ml			imasdb-540a14ecf321			unmatched	
ml_空に手が触れる場所	空に手が触れる場所	空に手が触れる場所		真崎エリカ	真崎エリカ	矢鴇つかさ (Arte Refact)	矢鴇つかさ (Arte Refact)	北上麗花	solo	ml			imasdb-21cff84cce45			unmatched	
ml_空想文学少女	空想文学少女	空想文学少女		藤本記子	藤本記子	福富雅之	福富雅之	七尾百合子	solo	ml			imasdb-f6bf3d54b088			unmatched	
ml_空想文学少女_teddyloid_remix	空想文学少女 (TeddyLoid Remix)	空想文学少女	TeddyLoid Remix	藤本記子	藤本記子	福富雅之	福富雅之	七尾百合子	solo	ml	ml_空想文学少女	1	imasdb-02082b14a53d			unmatched	
ml_空色_birthday_card	空色♡ Birthday Card	空色♡ Birthday Card		辻純更	辻純更	藤原彩豊	藤原彩豊	LOVERS HEART(ジュリア、高山紗代子、天海春香、如月千早、北上麗花、佐竹美奈子、高槻やよい、天空橋朋花、七尾百合子、福田のり子、松田亜利沙、望月杏奈、矢吹可奈)	unit	ml			imasdb-da8867ebe51f			unmatched	
ml_紙心ペン心_-_shishinpenshin_-	紙・心・ペン・心 - SHISHINPENSHIN -	紙・心・ペン・心 - SHISHINPENSHIN -		佐高陵平(Hifumi,inc.)	佐高陵平(Hifumi,inc.)	佐高陵平(Hifumi,inc.)	佐高陵平(Hifumi,inc.)	福田のり子、松田亜利沙、如月千早、北上麗花、高山紗代子	unit	ml			imasdb-8b1e249cdb58			unmatched	
ml_素敵なキセキ	素敵なキセキ	素敵なキセキ		岡本健介	岡本健介	岡本健介	岡本健介	春日未来	solo	ml			imasdb-d1d6041edd32			unmatched	
ml_素敵なキセキkan_takahiko_remix	素敵なキセキ(KAN TAKAHIKO Remix)	素敵なキセキ	KAN TAKAHIKO Remix	岡本健介	岡本健介	岡本健介	岡本健介	春日未来	solo	ml	ml_素敵なキセキ	1	imasdb-99f7b5fc85d0			unmatched	
ml_絵本	絵本	絵本		坂井季乃	坂井季乃	増谷賢	増谷賢	北沢志保	solo	ml			imasdb-5ae6f9309ed7			unmatched	
ml_絵本_beatnine_remix	絵本 (BEATNINE Remix)	絵本	BEATNINE Remix	坂井季乃	坂井季乃	増谷賢	増谷賢	北沢志保	solo	ml	ml_絵本	1	imasdb-6be9488a1aed			unmatched	
ml_絵羽模様	絵羽模様	絵羽模様		真崎エリカ	真崎エリカ	早川博隆	早川博隆	エミリー スチュアート	solo	ml			imasdb-2f23ec602397			unmatched	
ml_絶対的performer	絶対的Performer	絶対的Performer		遠野四季	遠野四季	ラムシーニ	ラムシーニ	miraclesonic★expassion(舞浜歩、福田のり子、島原エレナ、高坂海美)	unit	ml			imasdb-1276ce9582d6			unmatched	
ml_美美美ビルドup	美!美!美!ビルドUP!!	美!美!美!ビルドUP!!		KOH	KOH	炭竈智弘	炭竈智弘	高坂海美	solo	ml			imasdb-3cdc61298edd			unmatched	
ml_聖ミリオン女学園校歌	聖ミリオン女学園校歌	聖ミリオン女学園校歌		真崎エリカ	真崎エリカ	原田篤(Arte Refact)	原田篤(Arte Refact)	永吉昴、如月千早、篠宮可憐	unit	ml			imasdb-6cd4ecc88a1b			unmatched	
ml_花ざかりweekend	花ざかりWeekend✿	花ざかりWeekend✿		唐沢美帆	唐沢美帆	新田目翔	新田目翔	4Luxury(桜守歌織、豊川風花、北上麗花、馬場このみ)	unit	ml			imasdb-54fa8e8b24b5			unmatched	
ml_花びらメモリーズ	花びらメモリーズ	花びらメモリーズ		真崎エリカ	真崎エリカ	本多友紀(Arte Refact)	本多友紀(Arte Refact)	白石紬、佐竹美奈子、周防桃子、所恵美	unit	ml			imasdb-88568b6cc226			unmatched	
ml_虹色letters	虹色letters	虹色letters		KOH	KOH	高田暁	高田暁	Cleasky(島原エレナ、宮尾美也)	unit	ml			imasdb-09c116ffbeff			unmatched	
ml_蝶々むすび	蝶々むすび	蝶々むすび		ナカシマ	ナカシマ	ナカシマ	ナカシマ	765 MILLION ALLSTARS(天海春香、春日未来、如月千早、木下ひなた、四条貴音、ジュリア、高山紗代子、田中琴葉、天空橋朋花、箱崎星梨花、松田亜利沙、三浦あずさ、水瀬伊織、最上静香、望月杏奈、矢吹可奈、エミリー スチュアート、大神環、我那覇響、菊地真、北上麗花、高坂海美、佐竹美奈子、島原エレナ、高槻やよい、永吉昴、野々原茜、馬場このみ、福田のり子、舞浜歩、真壁瑞希、百瀬莉緒、横山奈緒、秋月律子、伊吹翼、北沢志保、篠宮可憐、周防桃子、徳川まつり、所恵美、豊川風花、中谷育、七尾百合子、二階堂千鶴、萩原雪歩、ロコ、双海亜美、双海真美、星井美希、宮尾美也、白石紬、桜守歌織)	all	ml			imasdb-378264f58079			unmatched	
ml_裏表深層心理	裏表深層心理	裏表深層心理		KOH	KOH	グシミヤギヒデユキ	グシミヤギヒデユキ	豊川風花	solo	ml			imasdb-089860292b11			unmatched	
ml_解夏傀儡	解夏傀儡	解夏傀儡		グシミヤギヒデユキ(Hifumi,inc.)	グシミヤギヒデユキ(Hifumi,inc.)	グシミヤギヒデユキ(Hifumi,inc.)	グシミヤギヒデユキ(Hifumi,inc.)	真壁瑞希、馬場このみ、四条貴音、周防桃子、中谷育	unit	ml			imasdb-dadb898c5ceb			unmatched	
ml_赤い世界が消える頃	赤い世界が消える頃	赤い世界が消える頃		真崎エリカ	真崎エリカ	光増ハジメ	光増ハジメ	矢吹可奈、佐竹美奈子、篠宮可憐、真壁瑞希、北上麗花	unit	ml			imasdb-cdbd102bdb90			unmatched	
ml_追憶のサンドグラス	追憶のサンドグラス	追憶のサンドグラス		ZAQ	ZAQ	高田暁	高田暁	星井美希	solo	ml			imasdb-90ffd23c5c16			unmatched	
ml_追憶のサンドグラスsky_delta_remix	追憶のサンドグラス(sky_delta Remix)	追憶のサンドグラス	sky_delta Remix	ZAQ	ZAQ	高田暁	高田暁	星井美希	solo	ml	ml_追憶のサンドグラス	1	imasdb-7cf1e803feb3			unmatched	
ml_透明なプロローグ	透明なプロローグ	透明なプロローグ		こだまさおり	こだまさおり	若林充	若林充	七尾百合子	solo	ml			imasdb-d2d185f8604b			unmatched	
ml_透明なプロローグsnails_house_remix	透明なプロローグ(Snail's House Remix)	透明なプロローグ	Snail's House Remix	こだまさおり	こだまさおり	若林充	若林充	七尾百合子	solo	ml	ml_透明なプロローグ	1	imasdb-597024ad24b5			unmatched	
ml_週末だけのハーレクイン	週末だけのハーレクイン	週末だけのハーレクイン		唐沢美帆	唐沢美帆	板垣祐介	板垣祐介	百瀬莉緒	solo	ml			imasdb-11272dbe5a9d			unmatched	
ml_鉄の羽のエクソダス	鉄の羽のエクソダス	鉄の羽のエクソダス		児玉雨子	児玉雨子	星銀乃丈	星銀乃丈	箱崎星梨花、佐竹美奈子、大神環、周防桃子、所恵美、萩原雪歩	unit	ml			imasdb-0526ea1804b9			unmatched	
ml_銀のテーブル木苺ジャム	銀のテーブル木苺ジャム	銀のテーブル木苺ジャム		辻純更	辻純更	半田翼	半田翼	水瀬伊織、最上静香、菊地真、松田亜利沙、矢吹可奈	unit	ml			imasdb-aa86e77e9f7b			unmatched	
ml_電波感傷	電波感傷	電波感傷		大山恭子	大山恭子	早川博隆	早川博隆	オフィウクス(桜守歌織、白石紬)	unit	ml			imasdb-1e19f66098d2			unmatched	
ml_頂上決戦ヴィクトリー	頂上決戦ヴィクトリー!!!!!!	頂上決戦ヴィクトリー!!!!!!		ZAQ	ZAQ	ZAQ	ZAQ	最上静香、菊地真、エミリー スチュアート、大神環、北上麗花、天空橋朋花	unit	ml			imasdb-fab3fb29cf61			unmatched	
ml_飛べない僕は泳いだ	飛べない僕は泳いだ	飛べない僕は泳いだ		青柳諒(Arte Refact)	青柳諒(Arte Refact)	青柳諒(Arte Refact)	青柳諒(Arte Refact)	宮尾美也、天空橋朋花、徳川まつり	unit	ml			imasdb-ce015d07af62			unmatched	
ml_餞の鳥	餞の鳥	餞の鳥		坂井季乃	坂井季乃	高橋諒(Void_Chords)	高橋諒(Void_Chords)	D/Zeal(最上静香、ジュリア)	unit	ml			imasdb-cb0769fa3634			unmatched	
ml_鳥籠スクリプチュア	鳥籠スクリプチュア	鳥籠スクリプチュア		真崎エリカ	真崎エリカ	酒井拓也(Arte Refact)	酒井拓也(Arte Refact)	天空橋朋花	solo	ml			imasdb-221ec7996379			unmatched	
ml_鳥籠スクリプチュア_5u5h1_remix	鳥籠スクリプチュア (5u5h1 Remix)	鳥籠スクリプチュア	5u5h1 Remix	真崎エリカ	真崎エリカ	酒井拓也(Arte Refact)	酒井拓也(Arte Refact)	天空橋朋花	solo	ml	ml_鳥籠スクリプチュア	1	imasdb-298d509a2d5e			unmatched	
765as_acacia	ACACIA	ACACIA		Gamenrider[서용배(Seo Yong Bae)、박우상(Park Woo Sang)、이상호(Lee Sang Ho)]	Gamenrider[서용배(Seo Yong Bae)、박우상(Park Woo Sang)、이상호(Lee Sang Ho)]	Gamenrider[서용배(Seo Yong Bae)、박우상(Park Woo Sang)、이상호(Lee Sang Ho)]	Gamenrider[서용배(Seo Yong Bae)、박우상(Park Woo Sang)、이상호(Lee Sang Ho)]	Red Queen(ミナ、イェリ、ヘジュ、スア)	unit	other			imasdb-a025667c04c1			unmatched	
765as_attention	Attention	Attention		Yoon Kyoung、Songkarat	Yoon Kyoung;Songkarat	Steven Lee、Rike Boomgaarden	Steven Lee;Rike Boomgaarden	Red Queen(ミナ、イェリ、ヘジュ、ナギョン)	unit	other			imasdb-c8b966e8eac8			unmatched	
765as_because_of_you	Because of you	Because of you		ジョンジュ(Heo Jeongjoo/허정주)	ジョンジュ(Heo Jeongjoo/허정주)	ジョンジュ(Heo Jeongjoo/허정주)	ジョンジュ(Heo Jeongjoo/허정주)	ジョンジュ	solo	other			imasdb-8ffbd97b472d			unmatched	
765as_believe	Believe	Believe							cover	other			imasdb-24b612658af5			unmatched	
765as_eternalwind〜ほほえみは光る風の中〜	Eternal Wind〜ほほえみは光る風の中〜	Eternal Wind〜ほほえみは光る風の中〜							cover	other			imasdb-1f7905fb0bbc			unmatched	
765as_eversince	ever since	ever since							cover	other			imasdb-a9147e122bbd			unmatched	
765as_flyhigh	Fly High	Fly High							cover	other			imasdb-74c5b45779e3			unmatched	
765as_isthislove	Is This Love	Is This Love							cover	other			imasdb-d90f4f34030d			unmatched	
765as_lets_get_started	Let's Get Started	Let's Get Started		Gamenrider[서용배(Seo Yong Bae)、박우상(Park Woo Sang)、이상호(Lee Sang Ho)]	Gamenrider[서용배(Seo Yong Bae)、박우상(Park Woo Sang)、이상호(Lee Sang Ho)]	Gamenrider[서용배(Seo Yong Bae)、박우상(Park Woo Sang)、이상호(Lee Sang Ho)]	Gamenrider[서용배(Seo Yong Bae)、박우상(Park Woo Sang)、이상호(Lee Sang Ho)]	Real Girls Project(スジ、イェウン、ジスル、ミント、ハソ、ヨンジュ、ジェイン、ソリ、ユキカ、ジウォン)	unit	other			imasdb-c3792950f5a2			unmatched	
765as_lost_in_the_summer	Lost in the Summer	Lost in the Summer		Albi Albertsson	Albi Albertsson	Albi Albertsson	Albi Albertsson	ジェイン、ジョンジュ	unit	other			imasdb-49a0469417ae			unmatched	
765as_memories	Memories	Memories		Gamenrider[서용배(Seo Yong Bae)、박우상(Park Woo Sang)、이상호(Lee Sang Ho)]	Gamenrider[서용배(Seo Yong Bae)、박우상(Park Woo Sang)、이상호(Lee Sang Ho)]	Gamenrider[서용배(Seo Yong Bae)、박우상(Park Woo Sang)、이상호(Lee Sang Ho)]	Gamenrider[서용배(Seo Yong Bae)、박우상(Park Woo Sang)、이상호(Lee Sang Ho)]	ジウォン、スジ	unit	other			imasdb-6086454d044e			unmatched	
765as_not_endbut_and_	NOT END...BUT AND !!	NOT END...BUT AND !!		Gamenrider[서용배(Seo Yong Bae)、박우상(Park Woo Sang)、이상호(Lee Sang Ho)]	Gamenrider[서용배(Seo Yong Bae)、박우상(Park Woo Sang)、이상호(Lee Sang Ho)]	Gamenrider[서용배(Seo Yong Bae)、박우상(Park Woo Sang)、이상호(Lee Sang Ho)]	Gamenrider[서용배(Seo Yong Bae)、박우상(Park Woo Sang)、이상호(Lee Sang Ho)]	Real Girls Project(スジ、イェウン、ジスル、ミント、ハソ、ヨンジュ、ジェイン、ソリ、ユキカ、ジウォン)	unit	other			imasdb-e88f595c3926			unmatched	
765as_one_for_all	One for all	One for all		Gamenrider[서용배(Seo Yong Bae)、박우상(Park Woo Sang)、이상호(Lee Sang Ho)]	Gamenrider[서용배(Seo Yong Bae)、박우상(Park Woo Sang)、이상호(Lee Sang Ho)]	Gamenrider[서용배(Seo Yong Bae)、박우상(Park Woo Sang)、이상호(Lee Sang Ho)]	Gamenrider[서용배(Seo Yong Bae)、박우상(Park Woo Sang)、이상호(Lee Sang Ho)]	Real Girls Project(スジ、イェウン、ジスル、ミント、ハソ、ヨンジュ、ジェイン、ソリ、ユキカ、ジウォン)	unit	other			imasdb-7195aacf0991			unmatched	
765as_squall	Squall	Squall							cover	other			imasdb-8535fa13b54b			unmatched	
765as_super_girl_magic	SUPER GIRL MAGIC	SUPER GIRL MAGIC		Pinch Hitter	Pinch Hitter	Steven Lee、Andreas Oberg、Maria Marcus	Steven Lee;Andreas Oberg;Maria Marcus	Red Queen(ミナ、イェリ、ヘジュ、ナギョン)	unit	other			imasdb-1531b933cc4c			unmatched	
765as_town	TOWN	TOWN							cover	other			imasdb-b52f8241a8d9			unmatched	
765as_wanna_be_your_star	Wanna be your Star	Wanna be your Star		OBROS、Haseo	OBROS;Haseo	Master Key、OBROS	Master Key;OBROS	Real Girls Project(ハソ、ジェイン、イェウン)	unit	other			imasdb-d27487ad70bb			unmatched	
765as_wearetheworld	We Are The World	We Are The World							cover	other			imasdb-8ba2f9090655			unmatched	
765as_かたちあるもの	かたち あるもの	かたち あるもの							cover	other			imasdb-db2700f825f3			unmatched	
765as_さんぽ	さんぽ	さんぽ							cover	other			imasdb-4b3db4ce1c1f			unmatched	
765as_じょいふる	じょいふる	じょいふる							cover	other			imasdb-047512b36700			unmatched	
765as_ね〜え	ね〜え?	ね〜え?							cover	other			imasdb-f70be38e57b8			unmatched	
765as_ふたりのもじぴったんじゅもんをあげるよ	ふたりのもじぴったん+じゅもんをあげるよ	ふたりのもじぴったん+じゅもんをあげるよ							cover	other			imasdb-0a3c19bc5ba8			unmatched	
765as_らびゅらびゅ	らびゅらびゅ	らびゅらびゅ							cover	other			imasdb-8681a5ffa126			unmatched	
765as_アンインストール	アンインストール	アンインストール							cover	other			imasdb-7fa24101b11c			unmatched	
765as_サンタが町にやってくる	サンタが町にやってくる	サンタが町にやってくる							cover	other			imasdb-90b2eb95ba40			unmatched	
765as_ジングルベル	ジングルベル	ジングルベル							cover	other			imasdb-6c9daf15ad03			unmatched	
765as_タッチ	タッチ	タッチ							cover	other			imasdb-79a36977a0cb			unmatched	
765as_チキンライス	チキンライス	チキンライス							cover	other			imasdb-faf598f2547b			unmatched	
765as_ノンタンといっしょ「dancingびびでな・すてっぷ」	ノンタンといっしょ「Dancing! びびでな・すてっぷ」	ノンタンといっしょ「Dancing! びびでな・すてっぷ」							cover	other			imasdb-2c21acf05b52			unmatched	
765as_フレンズ	フレンズ	フレンズ							cover	other			imasdb-71fa67d30a38			unmatched	
765as_ムーンライト伝説	ムーンライト伝説	ムーンライト伝説							cover	other			imasdb-75755bbe91c8			unmatched	
765as_モーニング娘。のひょっこりひょうたん島	モーニング娘。のひょっこりひょうたん島	モーニング娘。のひょっこりひょうたん島							cover	other			imasdb-b6b08077b336			unmatched	
765as_俺ら東京さ行ぐだ	俺ら東京さ行ぐだ	俺ら東京さ行ぐだ							cover	other			imasdb-3d2457377dcb			unmatched	
765as_地上の星	地上の星	地上の星							cover	other			imasdb-f47480b79bb0			unmatched	
765as_夏空グラフィティ	夏空グラフィティ	夏空グラフィティ							cover	other			imasdb-87583e6bc094			unmatched	
765as_好きになった人	好きになった人	好きになった人							cover	other			imasdb-37191dfea487			unmatched	
765as_好きになって、よかった	好きになって、よかった	好きになって、よかった							cover	other			imasdb-c488b3fea564			unmatched	
765as_明日があるさジョージアで行きましょう編	明日があるさ(ジョージアで行きましょう編)	明日があるさ(ジョージアで行きましょう編)							cover	other			imasdb-0c18542bc0fa			unmatched	
765as_星のかけらを探しに行こうagain	星のかけらを探しに行こうagain	星のかけらを探しに行こうagain							cover	other			imasdb-a66c1d75214f			unmatched	
765as_東京は夜の七時〜thenightisstillyoung〜	東京は夜の七時〜the night is still young〜	東京は夜の七時〜the night is still young〜							cover	other			imasdb-406cf018277d			unmatched	
765as_涙そうそう	涙そうそう	涙そうそう							cover	other			imasdb-ee8567251e47			unmatched	
765as_涙のハリケーン	涙のハリケーン	涙のハリケーン							cover	other			imasdb-47514a5bf587			unmatched	
765as_虹	虹	虹							cover	other			imasdb-f7cd277fa368			unmatched	
765as_赤いスイートピー	赤いスイートピー	赤いスイートピー							cover	other			imasdb-06c88ba79cbe			unmatched	
765as_遠い音楽	遠い音楽	遠い音楽							cover	other			imasdb-1abc5d3c23a4			unmatched	
765as_青い珊瑚礁	青い珊瑚礁	青い珊瑚礁							cover	other			imasdb-9d6885dc5c90			unmatched	
876_adamas	ADAMAS	ADAMAS							cover	other			imasdb-7fd7634ea9b5			unmatched	
876_andone	AND ONE	AND ONE							unit	other			imasdb-514a3a07be93			unmatched	
876_angelicangel	Angelic Angel	Angelic Angel							cover	other			imasdb-40708bb6302e			unmatched	
876_beyondtheway	Beyond the way	Beyond the way							cover	other			imasdb-542ff08c84e5			unmatched	
876_cando	Can Do	Can Do							unit	other			imasdb-6e3384d8c593			unmatched	
876_catchafire	Catch a Fire	Catch a Fire							unit	other			imasdb-68042b608da0			unmatched	
876_catchthemoment	Catch the Moment	Catch the Moment							cover	other			imasdb-74a2caef675c			unmatched	
876_catsmeow	Cat's Meow	Cat's Meow							cover	other			imasdb-f3d11fd5699a			unmatched	
876_championgirl	CHAMPION GIRL	CHAMPION GIRL							cover	other			imasdb-b0573d8e6f1d			unmatched	
876_chickchicklove	Chick Chick love♡	Chick Chick love♡							unit	other			imasdb-62832c94a1b9			unmatched	
876_departuresあなたにおくるアイの歌	Departures ~あなたにおくるアイの歌~	Departures ~あなたにおくるアイの歌~							cover	other			imasdb-9a0b85b13e44			unmatched	
876_eternalrose	ETERNAL ROSE	ETERNAL ROSE							unit	other			imasdb-9b7c320970d5			unmatched	
876_fashioncheck	fashion check!	fashion check!							unit	other			imasdb-bf038f4905ea			unmatched	
876_godknows	God knows...	God knows...							cover	other			imasdb-1294a9753c00			unmatched	
876_going	going...	going...							cover	other			imasdb-f3f330be4bfd			unmatched	
876_haiironokokoro	Haiiro no kokoro	Haiiro no kokoro							cover	other			imasdb-1b5bbd52cae7			unmatched	
876_hellomorning	Hello, Morning	Hello, Morning							cover	other			imasdb-8a57e77c9511			unmatched	
876_holymoly	Holy Moly	Holy Moly							cover	other			imasdb-2f3bac33e362			unmatched	
876_ignite	IGNITE	IGNITE							cover	other			imasdb-52c9812741f9			unmatched	
876_iii	I I I	I I I							cover	other			imasdb-466ff5f571fc			unmatched	
876_justbefriends	Just Be Friends	Just Be Friends							cover	other			imasdb-7291c168f812			unmatched	
876_kickback	KICK BACK	KICK BACK							cover	other			imasdb-f8ab91ebfd37			unmatched	
876_koiwazurai	KOI WAZURAI	KOI WAZURAI							cover	other			imasdb-0ffacac2401b			unmatched	
876_lifelikealive	Life Like a Live!	Life Like a Live!							unit	other			imasdb-297fc41c0335			unmatched	
876_looptheloop	loop the loop	loop the loop							unit	other			imasdb-86007e8aa151			unmatched	
876_luckytrain	lucky train!	lucky train!							unit	other			imasdb-174a353d7a90			unmatched	
876_magnet	magnet	magnet							cover	other			imasdb-5521a1496c4d			unmatched	
876_makesomenoise	Make Some Noise	Make Some Noise							unit	other			imasdb-a8e83ebb47d1			unmatched	
876_manimani	Mani Mani	Mani Mani							cover	other			imasdb-7ae993da4d88			unmatched	
876_mistylove	Misty Love	Misty Love							cover	other			imasdb-c8d84b0b4626			unmatched	
876_mrmusic	Mr.Music	Mr.Music							cover	other			imasdb-ffc79dcde431			unmatched	
876_mystar	MY STAR	MY STAR							cover	other			imasdb-f210a5486118			unmatched	
876_nda	NDA	NDA							cover	other			imasdb-f3dae59d967b			unmatched	
876_peekaboo	Peek-A-Boo!!	Peek-A-Boo!!							unit	other			imasdb-230522a5819c			unmatched	
876_popcorndreaming	POPCORN DREAMING♪	POPCORN DREAMING♪							unit	other			imasdb-672fd2a48ce5			unmatched	
876_popenemy	pop enemy	pop enemy							cover	other			imasdb-6e0aea73235e			unmatched	
876_preciousnight	PRECIOUS NIGHT	PRECIOUS NIGHT							unit	other			imasdb-def12d7d15ab			unmatched	
876_readysteady	Ready Steady	Ready Steady							cover	other			imasdb-8c348e4a30ef			unmatched	
876_reawakerfeatfelixofstraykids	ReawakeR (feat. Felix of Stray Kids)	ReawakeR (feat. Felix of Stray Kids)							cover	other			imasdb-3405b33e34dd			unmatched	
876_reloading	RELOADING	RELOADING							unit	other			imasdb-e4300e64d121			unmatched	
876_secretbase〜君がくれたもの〜	secret base〜君がくれたもの〜	secret base〜君がくれたもの〜							cover	other			imasdb-f864c6af2648			unmatched	
876_shininglights	Shining Lights	Shining Lights							unit	other			imasdb-eed26da094c5			unmatched	
876_shininmagic	Shinin' Magic	Shinin' Magic						灯里愛夏	unit	other			imasdb-771970304a24			unmatched	
876_stayme	Stay me	Stay me							unit	other			imasdb-8604350e6c7a			unmatched	
876_stellarstellar	Stellar Stellar	Stellar Stellar							cover	other			imasdb-71bb1b3ff1e6			unmatched	
876_sweetillusion	Sweet Illusion	Sweet Illusion							unit	other			imasdb-51fd9e9a3f3a			unmatched	
876_swingalong	Swing along	Swing along							unit	other			imasdb-104790a4df93			unmatched	
876_syncmylights	Sync My Lights	Sync My Lights						レトラ	cover	other			imasdb-9832d71d1ade			unmatched	
876_trapoflove	Trap of Love	Trap of Love							unit	other			imasdb-6f36ac23ca01			unmatched	
876_wakeup	Wake up!	Wake up!							cover	other			imasdb-b767ca06123c			unmatched	
876_whereisthelove	Where Is The Love	Where Is The Love							cover	other			imasdb-05dac4619604			unmatched	
876_whereveryouare	Wherever you are	Wherever you are							cover	other			imasdb-54dd65d37b1c			unmatched	
876_youaremycurse	you are my curse	you are my curse							cover	other			imasdb-fa82fa2afdac			unmatched	
876_いーゔぃるらゔぁ	いーゔぃるらゔぁ♡	いーゔぃるらゔぁ♡							unit	other			imasdb-a0631ae3e8c5			unmatched	
876_およげたいやきくん	およげ!たいやきくん	およげ!たいやきくん							cover	other			imasdb-5c9186a2bc13			unmatched	
876_お願いマッスル	お願いマッスル	お願いマッスル							cover	other			imasdb-ab38bf8b37b1			unmatched	
876_ただ君に晴れ	ただ君に晴れ	ただ君に晴れ							cover	other			imasdb-f3cc0069da44			unmatched	
876_ちゅ、多様性。	ちゅ、多様性。	ちゅ、多様性。							cover	other			imasdb-d1f267a266c1			unmatched	
876_ともに	ともに	ともに							cover	other			imasdb-9a976e05fc64			unmatched	
876_どうせ	どうせ	どうせ							cover	other			imasdb-7c549b8d20cc			unmatched	
876_まぼろしのほし	まぼろしのほし	まぼろしのほし							cover	other			imasdb-065a980658f0			unmatched	
876_もってけセーラーふく	もってけ!セーラーふく	もってけ!セーラーふく							cover	other			imasdb-52a9a12f7f70			unmatched	
876_わたしの線香	わたしの線香	わたしの線香							cover	other			imasdb-0ac5688e5932			unmatched	
876_アイドル狂戦士	アイドル狂戦士	アイドル狂戦士							cover	other			imasdb-ce1747d5f8a1			unmatched	
876_アイロニ	アイロニ	アイロニ							unit	other			imasdb-fee0949cde41			unmatched	
876_アコガレスカイ	アコガレスカイ	アコガレスカイ							unit	other			imasdb-e25f58412863			unmatched	
876_インフェルノ	インフェルノ	インフェルノ							cover	other			imasdb-0d2f2b7e761b			unmatched	
876_エアーマンが倒せない	エアーマンが倒せない	エアーマンが倒せない							cover	other			imasdb-67295e8397e2			unmatched	
876_エンジェルドリーム	エンジェル ドリーム	エンジェル ドリーム						上水流宇宙	unit	other			imasdb-aa5c282bbf66			unmatched	
876_シルエット	シルエット	シルエット							cover	other			imasdb-65d4af8471be			unmatched	
876_シンデレラ・マジック・ステージ	シンデレラ・マジック・ステージ	シンデレラ・マジック・ステージ							unit	other			imasdb-d2979bb44dba			unmatched	
876_チュチュ・バレリーナ	チュチュ・バレリーナ	チュチュ・バレリーナ							unit	other			imasdb-fddea10ac61e			unmatched	
876_チューリングラブ	チューリングラブ	チューリングラブ							cover	other			imasdb-f38f1aa64c5b			unmatched	
876_ツキアカリのミチシルベ	ツキアカリのミチシルベ	ツキアカリのミチシルベ							cover	other			imasdb-79aeb7c2039c			unmatched	
876_トアルトワ	トアルトワ	トアルトワ						上水流宇宙	unit	other			imasdb-cbcc616b40cb			unmatched	
876_トライアングラー	トライアングラー	トライアングラー							cover	other			imasdb-9b787f9d3cb1			unmatched	
876_ドーナツホール	ドーナツホール	ドーナツホール							unit	other			imasdb-a81f523d17e0			unmatched	
876_ハム太郎とっとこうた	ハム太郎とっとこうた	ハム太郎とっとこうた							cover	other			imasdb-c3561ae2d67c			unmatched	
876_ビビデバ	ビビデバ	ビビデバ							cover	other			imasdb-7c81e07c9f69			unmatched	
876_ファタール	ファタール	ファタール							cover	other			imasdb-075828dcfbd8			unmatched	
876_フィアンセ・シンドローム	フィアンセ・シンドローム	フィアンセ・シンドローム							unit	other			imasdb-a8366615601c			unmatched	
876_ブラックロックシューター	ブラック★ロックシューター	ブラック★ロックシューター							cover	other			imasdb-6df2fa4bdbff			unmatched	
876_プライド	プライド	プライド							unit	other			imasdb-2ab318d96883			unmatched	
876_プライド革命	プライド革命	プライド革命							cover	other			imasdb-f461b30f7f79			unmatched	
876_マトリョシカ	マトリョシカ	マトリョシカ							unit	other			imasdb-ab8c9ce041ba			unmatched	
876_メタモルフォシス	メタモルフォシス	メタモルフォシス							unit	other			imasdb-1d083849de96			unmatched	
876_メロディーの抱擁	メロディーの抱擁	メロディーの抱擁							cover	other			imasdb-9f3057cc47f3			unmatched	
876_ユメヲカケル	ユメヲカケル!	ユメヲカケル!							cover	other			imasdb-a9ef4d679eaa			unmatched	
876_ラピスラズリ	ラピスラズリ	ラピスラズリ							cover	other			imasdb-32e74794ba85			unmatched	
876_ルララルララ	ルララルララ	ルララルララ							cover	other			imasdb-b69677b07594			unmatched	
876_ロメオ	ロメオ	ロメオ							cover	other			imasdb-ebeb5a6add99			unmatched	
876_ワンダーモモ	ワンダーモモ	ワンダーモモ						レトラ	cover	other			imasdb-b0ae549407e9			unmatched	
876_主人公になれるはずのストーリー	主人公になれるはずのストーリー	主人公になれるはずのストーリー							cover	other			imasdb-14f4963eeb8e			unmatched	
876_亜空の先へ	亜空の先へ	亜空の先へ							cover	other			imasdb-10dc3b72664a			unmatched	
876_僕たちはまだ世界を知らない	僕たちはまだ世界を知らない	僕たちはまだ世界を知らない							unit	other			imasdb-0102226710e6			unmatched	
876_創聖のアクエリオン	創聖のアクエリオン	創聖のアクエリオン							cover	other			imasdb-e37a27c10e2d			unmatched	
876_可愛くてごめん	可愛くてごめん	可愛くてごめん							cover	other			imasdb-24fad7323293			unmatched	
876_名前のない怪物	名前のない怪物	名前のない怪物							cover	other			imasdb-12681b002809			unmatched	
876_変わらないもの	変わらないもの	変わらないもの							unit	other			imasdb-5950a763c240			unmatched	
876_夜明けと蛍	夜明けと蛍	夜明けと蛍							cover	other			imasdb-0af2d4dc1e2c			unmatched	
876_太陽曰く燃えよカオス	太陽曰く燃えよカオス	太陽曰く燃えよカオス							cover	other			imasdb-8172e551464e			unmatched	
876_好き雪本気マジック	好き!雪!本気マジック	好き!雪!本気マジック							unit	other			imasdb-be8536e70b95			unmatched	
876_宙でおやすみ	宙でおやすみ	宙でおやすみ							cover	other			imasdb-268c45b8db67			unmatched	
876_怪物	怪物	怪物							cover	other			imasdb-37b31505648f			unmatched	
876_怪獣の花唄	怪獣の花唄	怪獣の花唄							cover	other			imasdb-14b7a8d4ae64			unmatched	
876_恋愛サーキュレーション	恋愛サーキュレーション	恋愛サーキュレーション							cover	other			imasdb-6eac070829e7			unmatched	
876_愛してるばんざーい	愛してるばんざーい!	愛してるばんざーい!							cover	other			imasdb-2e0fcbaf90c9			unmatched	
876_愛なんだぜ	愛なんだぜ	愛なんだぜ							unit	other			imasdb-25dee021d6d5			unmatched	
876_星詠みの唄	星詠みの唄	星詠みの唄							unit	other			imasdb-476e1f0bb71a			unmatched	
876_歯車	歯車	歯車							cover	other			imasdb-89527845fb19			unmatched	
876_気分上々	気分上々↑↑	気分上々↑↑							cover	other			imasdb-eee598d83eba			unmatched	
876_満開エリオント	満開!エリオント	満開!エリオント							unit	other			imasdb-86c216def73c			unmatched	
876_焼ケ鮭	焼ケ鮭	焼ケ鮭							unit	other			imasdb-9fa9ed7a28a2			unmatched	
876_狐憑キ	狐憑キ	狐憑キ							cover	other			imasdb-e3f2f4d7bcc2			unmatched	
876_真赤な誓い	真赤な誓い	真赤な誓い							cover	other			imasdb-a5a3a529175f			unmatched	
876_絶対アイドル辞めないで	絶対アイドル辞めないで	絶対アイドル辞めないで							cover	other			imasdb-e8a5b28817ea			unmatched	
876_花火	花火	花火							cover	other			imasdb-53a7e920c65d			unmatched	
876_藍の華	藍の華	藍の華							unit	other			imasdb-3bedafd98a7a			unmatched	
876_裸足でsummer	裸足でSummer	裸足でSummer							cover	other			imasdb-de026c50ab97			unmatched	
876_踊	踊	踊							cover	other			imasdb-54879b3a9677			unmatched	
876_逆光	逆光	逆光							cover	other			imasdb-f6e989827707			unmatched	
876_電脳ロリポップ	電脳ロリポップ	電脳ロリポップ							cover	other			imasdb-6efdc37286ce			unmatched	
876_革命デュアリズム	革命デュアリズム	革命デュアリズム							cover	other			imasdb-2e0b44d88d69			unmatched	
876_風のゆくえ	風のゆくえ	風のゆくえ							cover	other			imasdb-86ecf2e6ea7a			unmatched	
cg_ezdodance	EZ DO DANCE	EZ DO DANCE							cover	other			imasdb-e306807a84da			unmatched	
cg_godknows	God knows...	God knows...							cover	other			imasdb-242ccdb0ed28			unmatched	
cg_hotlimit	HOT LIMIT	HOT LIMIT							cover	other			imasdb-b8234e723743			unmatched	
cg_lovepeach	LOVE & PEACH	LOVE & PEACH							cover	other			imasdb-c0eb62089364			unmatched	
cg_mysweetheart	my sweet heart	my sweet heart							cover	other			imasdb-edb30b27a1f5			unmatched	
cg_サラバ、愛しき悲しみたちよ	サラバ、愛しき悲しみたちよ	サラバ、愛しき悲しみたちよ							cover	other			imasdb-e89cc020595b			unmatched	
cg_ロマンスの神様	ロマンスの神様	ロマンスの神様							cover	other			imasdb-54e533225b42			unmatched	
cg_夏祭り	夏祭り	夏祭り							cover	other			imasdb-9e23089b5c79			unmatched	
cg_紅	紅	紅							cover	other			imasdb-fbb63e44c1cd			unmatched	
ll_aion_no_uta	哀温ノ詩	哀温ノ詩						エマ・ヴェルデ(指出毬亜)	unit	other			imasdb-92d472a937b0			unmatched	
ll_alternate	オルタネイト	オルタネイト						CatChu!(澁谷かのん、平安名すみれ、米女メイ)	unit	other			imasdb-02d5413595c5			unmatched	
ll_aozora_jumping_heart	青空Jumping Heart	青空Jumping Heart						Aqours	all	other			imasdb-3ab86fca76f5			unmatched	
ll_audrey	オードリー	オードリー						桜坂しずく(前田佳織里)	unit	other			imasdb-0e15ce3fec68			unmatched	
ll_bokura_wa_ima_no_naka_de	僕らは今のなかで	僕らは今のなかで						アイドルマスターシリーズ(μ'sカバー)	all	other			imasdb-056d27814d57			unmatched	
ll_butterfly	Butterfly	Butterfly						近江彼方(鬼頭明里)	unit	other			imasdb-aeee24fef652			unmatched	
ll_chase	CHASE!	CHASE!						優木せつ菜(林鼓子)	unit	other			imasdb-2efde35fea9b			unmatched	
ll_colorful_dreams_smiles	Colorful Dreams! Colourful Smiles!	Colorful Dreams! Colourful Smiles!						虹ヶ咲学園スクールアイドル同好会×シャイニーカラーズ	unit	other			imasdb-74b68c8bb6fa			unmatched	
ll_cotton_candy_eieio	コットンキャンディえいえいおー!	コットンキャンディえいえいおー!						降幡愛、シンデレラガールズU149メンバー他	unit	other			imasdb-fc415d3b26f1			unmatched	
ll_dancing_raspberry	Dancing Raspberry	Dancing Raspberry						5yncri5e!(鬼塚冬毬、桜小路きな子、嵐千砂都、若菜四季、鬼塚夏美)	unit	other			imasdb-6e4cd3eb388e			unmatched	
ll_day1	Day1	Day1						Liella!	all	other			imasdb-40448f28f3bb			unmatched	
ll_do_do_do	ド!ド!ド!	ド!ド!ド!						みらくらぱーく!(大沢瑠璃乃、藤島慈)	unit	other			imasdb-65607268c29e			unmatched	
ll_dream_believers	Dream Believers	Dream Believers						蓮ノ空女学院スクールアイドルクラブ	all	other			imasdb-0952f07150d9			unmatched	
ll_dream_with_you	Dream with You	Dream with You						上原歩夢(大西亜玖璃)	unit	other			imasdb-ae17662aa6e5			unmatched	
ll_dreamy_color	DREAMY COLOR	DREAMY COLOR						Aqours	all	other			imasdb-77f4903a7a72			unmatched	
ll_eien_no_euphoria	永遠のEuphoria	永遠のEuphoria						蓮ノ空女学院スクールアイドルクラブ×シンデレラガールズ	unit	other			imasdb-b77ccd39a2b6			unmatched	
ll_eutopia	Eutopia	Eutopia						鐘嵐珠(法元明菜)	unit	other			imasdb-bcb5f1a8da5c			unmatched	
ll_fortune_movie	フォーチュンムービー	フォーチュンムービー						香里有佐、木戸衣吹、絵森彩、坂倉花、花宮初奈、楡井希実、田中有紀、河野ひより	unit	other			imasdb-849cf8775fc4			unmatched	
ll_fukashina_blue	不可視なブルー	不可視なブルー						KALEIDOSCORE(ウィーン・マルガレーテ、唐可可、葉月恋)	unit	other			imasdb-d6edf2af8bb8			unmatched	
ll_genyou_yakou	眩耀夜行	眩耀夜行						スリーズブーケ(日野下花帆、乙宗梢)	unit	other			imasdb-5c1703dbd236			unmatched	
ll_guilty_night_guilty_kiss	Guilty Night, Guilty Kiss!	Guilty Night, Guilty Kiss!						平山笑美、飯田友子、菅沼千紗	unit	other			imasdb-e5a59850643d			unmatched	
ll_hakuchu_a_la_mode	ハクチューアラモード	ハクチューアラモード						中島由貴、菅叶和、麻倉もも	unit	other			imasdb-575daf48eaf8			unmatched	
ll_happy_nyan_days	Happy Nyan! Days	Happy Nyan! Days						中澤ミナ、大西亜玖璃、伊藤美来	unit	other			imasdb-fe28a05d91f6			unmatched	
ll_holiday_holiday	Holiday∞Holiday	Holiday∞Holiday						スリーズブーケ(日野下花帆、乙宗梢)	unit	other			imasdb-fd26d77a9c62			unmatched	
ll_jump_into_the_new_world	Jump Into the New World	Jump Into the New World						Liella!	all	other			imasdb-079c271c3d7c			unmatched	
ll_just_believe	Just Believe!!!	Just Believe!!!						虹ヶ咲学園スクールアイドル同好会	all	other			imasdb-b6dc11ffe824			unmatched	
ll_ketsui_no_hikari	決意の光	決意の光						三船栞子(小泉萌香)	unit	other			imasdb-68c176f55189			unmatched	
ll_kira_kira_sensation	KiRa-KiRa Sensation!	KiRa-KiRa Sensation!		畑亜貴	畑亜貴	本田光史郎	本田光史郎	μ's	all	other			imasdb-e5637d49ac07			unmatched	
ll_kirari_hirari	きらりひらり舞う桜	きらりひらり舞う桜						スクールアイドルミュージカル	unit	other			imasdb-029e3f882fc7			unmatched	
ll_knot	KNOT	KNOT						DOLLCHESTRA(夕霧綴理、村野さやか)	unit	other			imasdb-e9e7830b9233			unmatched	
ll_love_u_my_friends	Love U my friends	Love U my friends						虹ヶ咲学園スクールアイドル同好会	all	other			imasdb-6f83fc11ea64			unmatched	
ll_meccha_going	めっちゃGoing!!	めっちゃGoing!!						宮下愛(村上奈津実)	unit	other			imasdb-5000a3cb4057			unmatched	
ll_miracle_new_story	MIRACLE NEW STORY	MIRACLE NEW STORY						花宮初奈、Machico、降幡愛、山下七海、鈴原希実、岡咲美保、相良茉優	unit	other			imasdb-4e8217828212			unmatched	
ll_mirai_no_bokura	未来の僕らは知ってるよ	未来の僕らは知ってるよ						Aqours	all	other			imasdb-ded6c2172bf2			unmatched	
ll_mitaiken_horizon	未体験HORIZON	未体験HORIZON						Aqours×ミリオンライブ!	unit	other			imasdb-ab51afea7ac4			unmatched	
ll_mix_shake	Mix shake!!	Mix shake!!						楡井希実、今井麻夏、降幡愛、末柄里恵	unit	other			imasdb-b4245e6f5c93			unmatched	
ll_muteki_kyu_believer	無敵級*ビリーバー	無敵級*ビリーバー						中須かすみ(相良茉優)	unit	other			imasdb-6c6fdb172e0c			unmatched	
ll_my_mai_tonight	MY舞☆TONIGHT	MY舞☆TONIGHT						小市眞琴、花宮初奈、丸岡和佳奈	unit	other			imasdb-78e9b4ecbc6c			unmatched	
ll_nijiiro_passions	虹色Passions!	虹色Passions!						関根瞳、田中ちえ美、絵森彩	unit	other			imasdb-6116e2e8eb4f			unmatched	
ll_no_brand_girls	No brand girls	No brand girls		畑亜貴	畑亜貴	河田貴央	河田貴央	μ's	all	other			imasdb-dbbb9b4afc7c			unmatched	
ll_nonfiction_hero_show	ノンフィクションヒーローショー	ノンフィクションヒーローショー						みらくらぱーく!(大沢瑠璃乃、藤島慈)	unit	other			imasdb-cecc5023146d			unmatched	
ll_on_your_mark	On your mark	On your mark						蓮ノ空女学院スクールアイドルクラブ	all	other			imasdb-1792035cf890			unmatched	
ll_ryoran_victory_road	繚乱!ビクトリーロード	繚乱!ビクトリーロード						クロスユニット大規模	unit	other			imasdb-3652790b8581			unmatched	
ll_snow_halation	Snow halation	Snow halation						アイドルマスターシリーズ(μ'sカバー)	all	other			imasdb-9124aeb5df9a			unmatched	
ll_sore_wa_bokutachi_no_kiseki	それは僕たちの奇跡	それは僕たちの奇跡		畑亜貴	畑亜貴	黒須克彦	黒須克彦	μ's	all	other			imasdb-f8961897e8a4			unmatched	
ll_star_sengen	スター宣言	スター宣言						Liella!	all	other			imasdb-9e9173eeb307			unmatched	
ll_tokimeki_runners	TOKIMEKI Runners	TOKIMEKI Runners						虹ヶ咲学園スクールアイドル同好会	all	other			imasdb-24e5e6e54756			unmatched	
ll_tokonatsu_sunshine	常夏☆サンシャイン	常夏☆サンシャイン						Liella!	all	other			imasdb-5dc2143e9dc6			unmatched	
ll_toy_doll	Toy Doll	Toy Doll						ミア・テイラー(内田秀)	unit	other			imasdb-b69f3b53d68e			unmatched	
ll_tragic_drops	Tragic Drops	Tragic Drops						DOLLCHESTRA(夕霧綴理、村野さやか)	unit	other			imasdb-7da66a69aa0c			unmatched	
ll_tsunagaru_connect	ツナガルコネクト	ツナガルコネクト						天王寺璃奈(田中ちえ美)	unit	other			imasdb-eae64f36efe8			unmatched	
ll_vitamin_summer	ビタミンSUMMER!	ビタミンSUMMER!						Liella!	all	other			imasdb-6ba7b54c760f			unmatched	
ll_vivid_world	VIVID WORLD	VIVID WORLD						朝香果林(久保田未夢)	unit	other			imasdb-d1c1e1637857			unmatched	
ll_watashi_no_symphony	私のSymphony	私のSymphony						Liella!×シンデレラガールズ	unit	other			imasdb-f20a3fad2911			unmatched	
ll_watcha_gonna_do	わちゅごなどぅー	わちゅごなどぅー						虹ヶ咲学園スクールアイドル同好会+高咲侑(矢野妃菜喜)	unit	other			imasdb-4a32eb826da6			unmatched	
ll_water_blue_new_world	WATER BLUE NEW WORLD	WATER BLUE NEW WORLD						Aqours	all	other			imasdb-92e0658e2789			unmatched	
ll_we_will	WE WILL!!	WE WILL!!						法元明菜、渡部優衣、岬なこ、田嶌紗蘭	unit	other			imasdb-d4eabd87e861			unmatched	
ll_wonderful_rush	Wonderful Rush	Wonderful Rush		畑亜貴	畑亜貴	河田貴央	河田貴央	μ's	all	other			imasdb-172377e79138			unmatched	
ll_yume_no_compass	ゆめの羅針盤	ゆめの羅針盤						スクールアイドルミュージカル	unit	other			imasdb-a58b4bf97a55			unmatched	
ll_yume_no_tobira	ユメノトビラ	ユメノトビラ		畑亜貴	畑亜貴	佐伯高志	佐伯高志	μ's	all	other			imasdb-b3ab0dabef30			unmatched	
other_bloomy	Bloomy	Bloomy							unit	other			imasdb-14d606a15a7c			unmatched	
other_boomboombombbayea	BOOM BOOM BOMB-BA-YEA	BOOM BOOM BOMB-BA-YEA							unit	other			imasdb-0b1bd5d8c858			unmatched	
other_choicechance	CHOICE & CHANCE	CHOICE & CHANCE							unit	other			imasdb-b211b0c3fbb3			unmatched	
other_diveout	Dive Out	Dive Out							unit	other			imasdb-e2ab868abafc			unmatched	
other_fiestafiesta	Fiesta! Fiesta!	Fiesta! Fiesta!							unit	other			imasdb-912d401344d2			unmatched	
other_getmylove	GET MY LOVE!	GET MY LOVE!							unit	other			imasdb-63aa1271a68d			unmatched	
other_givemeashake	Give me a Shake	Give me a Shake							unit	other			imasdb-3a62f5668a00			unmatched	
other_lightning	Lightning	Lightning							unit	other			imasdb-af5999c0bd44			unmatched	
other_lovinme	Lovin' Me	Lovin' Me							unit	other			imasdb-7778cad36bcd			unmatched	
other_rideontime	Ride on time	Ride on time							unit	other			imasdb-52aca2c2f781			unmatched	
other_seventies	Seventies	Seventies							unit	other			imasdb-8dc11cdecc25			unmatched	
other_survivaldance〜nonocrymore〜	survival dAnce 〜no no cry more〜	survival dAnce 〜no no cry more〜							unit	other			imasdb-d5031647fc65			unmatched	
other_toratoratora	TORA TORA TORA	TORA TORA TORA							unit	other			imasdb-59a10c72b31b			unmatched	
other_vavavoom	Va-Va-Voom	Va-Va-Voom							unit	other			imasdb-8ab3e3e8b2c2			unmatched	
other_おわらない僕らのmusic	おわらない僕らのMusic	おわらない僕らのMusic							cover	other			imasdb-6eb489b76a71			unmatched	
other_アイドルマスターシンデレラガールズアイドルマスター劇伴	アイドルマスター シンデレラガールズ&アイドルマスター劇伴	アイドルマスター シンデレラガールズ&アイドルマスター劇伴							cover	other			imasdb-76cacd658d6b			unmatched	
other_トウキョウ・ブラー	トウキョウ・ブラー	トウキョウ・ブラー							unit	other			imasdb-102076257fdf			unmatched	
other_プライド・ブライト	プライド・ブライト	プライド・ブライト							unit	other			imasdb-e17304d99386			unmatched	
other_禁断少女	禁断少女	禁断少女							unit	other			imasdb-98f258a6a850			unmatched	
sc_inthisunstableworld	in this unstable world	in this unstable world							cover	other			imasdb-1c0adf2a1e5b			unmatched	
sc_strawberrytrapper	Strawberry Trapper	Strawberry Trapper							cover	other			imasdb-de8fc6cf2ec9			unmatched	
sc_レッド・ルーラー	レッド・ルーラー	レッド・ルーラー							cover	other			imasdb-32bc71aaae2b			unmatched	
sc_合縁事変	合縁事変	合縁事変							cover	other			imasdb-5721dc270adc			unmatched	
sidem_shinysunnystep	Shiny Sunny Step	Shiny Sunny Step							unit	other			imasdb-2d95f0b094f0			unmatched	
sidem_shootingdelta	SHOOTING DELTA	SHOOTING DELTA							unit	other			imasdb-a5abc373fd6b			unmatched	
sidem_universe	Universe	Universe							unit	other			imasdb-a52024142d3d			unmatched	
sidem_wanderland	wanderland	wanderland							unit	other			imasdb-77d6a78e50d4			unmatched	
sidem_浮世の演舞	浮世の演舞	浮世の演舞							unit	other			imasdb-4b5d77e9c405			unmatched	
sidem_黎明の轍	黎明の轍	黎明の轍							unit	other			imasdb-dbb02f87c951			unmatched	
sc_13	1/3	1/3		Soflan Daichi	Soflan Daichi	本多友紀(Arte Refact)	本多友紀(Arte Refact)	斑鳩ルカ	solo	sc			imasdb-dbb3ec167fb1			unmatched	
sc_283体操	283体操	283体操		小田桐ゆうき	小田桐ゆうき	フワリ(Dream Monster)	フワリ(Dream Monster)	八宮めぐる、月岡恋鐘、西城樹里、桑山千雪、芹沢あさひ、福丸小糸、七草にちか	unit	sc			imasdb-83752fb18864			unmatched	
sc_365日のストーリー	365日のストーリー	365日のストーリー		秋浦智裕	秋浦智裕	湯原聡史(KEYTONE)	湯原聡史(KEYTONE)	ノクチル(浅倉透、樋口円香、福丸小糸、市川雛菜)	unit	sc			imasdb-32a89442c85e			unmatched	
sc_abyss_of_conflict	abyss of conflict	abyss of conflict		真崎エリカ	真崎エリカ	原田篤(Arte Refact)	原田篤(Arte Refact)	アンティーカ(月岡恋鐘、田中摩美々、白瀬咲耶、三峰結華、幽谷霧子)	unit	sc			imasdb-af9c744287b6			unmatched	
sc_after_run	After Run	After Run		Co-sho	Co-sho	小久保祐希、Eunsol(1008)	小久保祐希;Eunsol(1008)	シーズ(七草にちか、緋田美琴)	unit	sc			imasdb-737acfae94ae			unmatched	
sc_ambitious_eve	Ambitious Eve	Ambitious Eve		真崎エリカ	真崎エリカ	山田智和	山田智和	シャイニーカラーズ(櫻木真乃、風野灯織、八宮めぐる、月岡恋鐘、田中摩美々、白瀬咲耶、三峰結華、幽谷霧子、小宮果穂、園田智代子、西城樹里、杜野凛世、有栖川夏葉、大崎甘奈、大崎甜花、桑山千雪)	all	sc			imasdb-e211d0e1530d			unmatched	
sc_anniversary	Anniversary	Anniversary		鈴木静那	鈴木静那	三好啓太	三好啓太	アルストロメリア(大崎甘奈、大崎甜花、桑山千雪)	unit	sc			imasdb-853cc6384715			unmatched	
sc_another_rampage	Another Rampage	Another Rampage		下地悠	下地悠	草野将史	草野将史	ストレイライト(芹沢あさひ、黛冬優子、和泉愛依)	unit	sc			imasdb-9360329cd3d6			unmatched	
sc_another_rampage_sngular1ty_ver	Another Rampage (283 Production XXXX Performance XXX= S/N-GUL4R1TY Ver.)	Another Rampage	283 Production XXXX Performance XXX= S/N-GUL4R1TY Ver.					ストレイライト	unit	sc		1	imasdb-a20cd7eb4178			unmatched	
sc_beast_mode	BEAST MODE	BEAST MODE		小久保祐希、YHEL	小久保祐希;YHEL	小久保祐希、Eunsol(1008)、YHEL	小久保祐希;Eunsol(1008);YHEL	∑ Desire(芹沢あさひ、樋口円香、緋田美琴、斑鳩ルカ、西城樹里、田中摩美々)	unit	sc			imasdb-1b30e2847c26			unmatched	
sc_beast_mode_game_size	BEAST MODE (Game Size)	BEAST MODE	Game Size	小久保祐希、YHEL	小久保祐希;YHEL	小久保祐希、Eunsol(1008)、YHEL	小久保祐希;Eunsol(1008);YHEL	斑鳩ルカ、樋口円香、田中摩美々、緋田美琴、芹沢あさひ、西城樹里	unit	sc	sc_beast_mode	1	imasdb-5c671fda7575			unmatched	
sc_black_reverie	Black Reverie	Black Reverie		真崎エリカ	真崎エリカ	本多友紀(Arte Refact)	本多友紀(Arte Refact)	アンティーカ(月岡恋鐘、田中摩美々、白瀬咲耶、三峰結華、幽谷霧子)	unit	sc			imasdb-1a062ce52af2			unmatched	
sc_bloomy	Bloomy!	Bloomy!		鈴木静那	鈴木静那	北ノ原凉	北ノ原凉	アルストロメリア(大崎甘奈、大崎甜花、桑山千雪)	unit	sc			imasdb-9a8b2086b7d1			unmatched	
sc_borderline	Borderline	Borderline		Soflan Daichi	Soflan Daichi	石黑剛、常楽寺澪	石黑剛;常楽寺澪	シャイニーカラーズ(櫻木真乃、風野灯織、八宮めぐる、月岡恋鐘、田中摩美々、白瀬咲耶、三峰結華、幽谷霧子、小宮果穂、園田智代子、西城樹里、杜野凛世、有栖川夏葉、大崎甘奈、大崎甜花、桑山千雪、芹沢あさひ、黛冬優子、和泉愛依、浅倉透、樋口円香、福丸小糸、市川雛菜、七草にちか、緋田美琴、斑鳩ルカ、鈴木羽那、郁田はるき)	all	sc			imasdb-7047e1246eaa			unmatched	
sc_bouncy_girl	Bouncy Girl	Bouncy Girl		Co-sho	Co-sho	石黑剛、常楽寺澪	石黑剛;常楽寺澪	シーズ(七草にちか、緋田美琴)	unit	sc			imasdb-8378b41dda89			unmatched	
sc_break_chain	Break Chain	Break Chain		Co-sho	Co-sho	橘亮祐、篠崎あやと	橘亮祐;篠崎あやと	シーズ(七草にちか、緋田美琴)	unit	sc			imasdb-ac7ed4c70d54			unmatched	
sc_brightest_white	BRIGHTEST WHITE	BRIGHTEST WHITE		渡邊亜希子	渡邊亜希子	草野将史	草野将史	イルミネーションスターズ(櫻木真乃、風野灯織、八宮めぐる)	unit	sc			imasdb-68d3eff56b2d			unmatched	
sc_burn_burn	BURN BURN	BURN BURN		下地悠	下地悠	YUU for YOU、Ryosuke Matsuzaki	YUU for YOU;Ryosuke Matsuzaki	ストレイライト(芹沢あさひ、黛冬優子、和泉愛依)	unit	sc			imasdb-dfce6b09639f			unmatched	
sc_candy_universe	CANDY UNIVERSE	CANDY UNIVERSE		古屋真	古屋真	ats-	ats-	八宮めぐる、三峰結華、小宮果穂、西城樹里、大崎甘奈	unit	sc			imasdb-8bcf7b99fe22			unmatched	
sc_catch_the_breeze	Catch the Breeze	Catch the Breeze		秋浦智裕	秋浦智裕	NA.ZU.NA	NA.ZU.NA	ノクチル(浅倉透、樋口円香、福丸小糸、市川雛菜)	unit	sc			imasdb-8d817322b378			unmatched	
sc_cleanclean_up	Clean.Clean up	Clean.Clean up		園田健太郎	園田健太郎	清田直人	清田直人	コメティック(斑鳩ルカ、鈴木羽那、郁田はるき)	unit	sc			imasdb-b033961e60dd			unmatched	
sc_cmon_join_us	C'mon! Join Us	C'mon! Join Us		下地悠	下地悠	小久保祐希、YAGO、YHEL	小久保祐希;YAGO;YHEL	シャイニーカラーズ(櫻木真乃、風野灯織、八宮めぐる、月岡恋鐘、田中摩美々、白瀬咲耶、三峰結華、幽谷霧子、小宮果穂、園田智代子、西城樹里、杜野凛世、有栖川夏葉、大崎甘奈、大崎甜花、桑山千雪、芹沢あさひ、黛冬優子、和泉愛依、浅倉透、樋口円香、福丸小糸、市川雛菜、七草にちか、緋田美琴、斑鳩ルカ、鈴木羽那、郁田はるき)	all	sc			imasdb-df538c281ce1			unmatched	
sc_color_days	Color Days	Color Days		Co-sho	Co-sho	家原正樹、小久保祐希、YHANAEL	家原正樹;小久保祐希;YHANAEL	シャイニーカラーズ(櫻木真乃、風野灯織、八宮めぐる、月岡恋鐘、田中摩美々、白瀬咲耶、三峰結華、幽谷霧子、小宮果穂、園田智代子、西城樹里、杜野凛世、有栖川夏葉、大崎甘奈、大崎甜花、桑山千雪、芹沢あさひ、黛冬優子、和泉愛依、浅倉透、樋口円香、福丸小糸、市川雛菜、七草にちか、緋田美琴)	all	sc			imasdb-f704e64d86a2			unmatched	
sc_cyber_parkour	Cyber Parkour	Cyber Parkour		下地悠	下地悠	GAK-amazuti-	GAK-amazuti-	ストレイライト(芹沢あさひ、黛冬優子、和泉愛依)	unit	sc			imasdb-929379fcc54d			unmatched	
sc_damascus_cocktail	Damascus Cocktail	Damascus Cocktail		古屋真	古屋真	陶山隼	陶山隼	有栖川夏葉	solo	sc			imasdb-5cfc16979025			unmatched	
sc_darling_you	Darling you!	Darling you!		鈴木静那	鈴木静那	南直博	南直博	桑山千雪	solo	sc			imasdb-c0f57b2ab130			unmatched	
sc_daybreak_age	Daybreak Age	Daybreak Age		真崎エリカ	真崎エリカ	桑原佑介	桑原佑介	シャイニーカラーズ(櫻木真乃、風野灯織、八宮めぐる、月岡恋鐘、田中摩美々、白瀬咲耶、三峰結華、幽谷霧子、小宮果穂、園田智代子、西城樹里、杜野凛世、有栖川夏葉、大崎甘奈、大崎甜花、桑山千雪、芹沢あさひ、黛冬優子、和泉愛依、浅倉透、樋口円香、福丸小糸、市川雛菜、七草にちか、緋田美琴)	all	sc			imasdb-8f82673631c9			unmatched	
sc_daydream_love	DAYDREAM LOVE	DAYDREAM LOVE		鈴木静那	鈴木静那	篠崎あやと、橘亮祐	篠崎あやと;橘亮祐	アルストロメリア(大崎甘奈、大崎甜花、桑山千雪)	unit	sc			imasdb-da4a6a554978			unmatched	
sc_destined_rival	Destined Rival	Destined Rival		下地悠	下地悠	大西克巳	大西克巳	ストレイライト(芹沢あさひ、黛冬優子、和泉愛依)	unit	sc			imasdb-49fb2904e5cb			unmatched	
sc_dye_the_sky	Dye the sky.	Dye the sky.		烏屋茶房	烏屋茶房	ヒゲドライバー	ヒゲドライバー	シャイニーカラーズ(櫻木真乃、風野灯織、八宮めぐる、月岡恋鐘、田中摩美々、白瀬咲耶、三峰結華、幽谷霧子、小宮果穂、園田智代子、西城樹里、杜野凛世、有栖川夏葉、大崎甘奈、大崎甜花、桑山千雪、芹沢あさひ、黛冬優子、和泉愛依、浅倉透、樋口円香、福丸小糸、市川雛菜)	all	sc			imasdb-14b2d3b58f10			unmatched	
sc_fading_stars	Fading Stars	Fading Stars		Co-sho	Co-sho	本多友紀(Arte Refact)	本多友紀(Arte Refact)	シーズ(七草にちか、緋田美琴)	unit	sc			imasdb-9fc0f161cf58			unmatched	
sc_fashionable	Fashionable	Fashionable		Co-sho	Co-sho	Stand Alone、小久保祐希、YHEL	Stand Alone;小久保祐希;YHEL	シーズ(七草にちか、緋田美琴)	unit	sc			imasdb-c46cd84de32c			unmatched	
sc_felice	FELICE	FELICE		渡邊亜希子	渡邊亜希子	丸山真由子	丸山真由子	イルミネーションスターズ(櫻木真乃、風野灯織、八宮めぐる)	unit	sc			imasdb-9ea2a258426b			unmatched	
sc_fly_and_fly	Fly and Fly	Fly and Fly		Co-sho	Co-sho	Kohei Yokono、小久保祐希、JUNE	Kohei Yokono;小久保祐希;JUNE	シーズ(七草にちか、緋田美琴)	unit	sc			imasdb-531b3702ec90			unmatched	
sc_forbidden_paradise	Forbidden Paradise	Forbidden Paradise		Co-sho	Co-sho	小久保祐希、Eunsol(1008)、YHEL	小久保祐希;Eunsol(1008);YHEL	シーズ(七草にちか、緋田美琴)	unit	sc			imasdb-3373f73eab15			unmatched	
sc_forward_march	Forward March!!!	Forward March!!!		渡邊亜希子	渡邊亜希子	佐々倉有吾	佐々倉有吾	イルミネーションスターズ(櫻木真乃、風野灯織、八宮めぐる)	unit	sc			imasdb-db679b0838b8			unmatched	
sc_future_designer	Future Designer	Future Designer		下地悠	下地悠	本多友紀(Arte Refact)	本多友紀(Arte Refact)	ストレイライト(芹沢あさひ、黛冬優子、和泉愛依)	unit	sc			imasdb-624012a787e8			unmatched	
sc_future_transit	Future Transit	Future Transit		下地悠	下地悠	本多友紀(Arte Refact)	本多友紀(Arte Refact)	ストレイライト(芹沢あさひ、黛冬優子、和泉愛依)	unit	sc			imasdb-83780143568d			unmatched	
sc_futurity_smile	FUTURITY SMILE	FUTURITY SMILE		前田甘露	前田甘露	ArmySlick、Giz'Mo(from Jam9)	ArmySlick;Giz'Mo(from Jam9)	シャイニーカラーズ(櫻木真乃、風野灯織、八宮めぐる、月岡恋鐘、田中摩美々、白瀬咲耶、三峰結華、幽谷霧子、小宮果穂、園田智代子、西城樹里、杜野凛世、有栖川夏葉、大崎甘奈、大崎甜花、桑山千雪、芹沢あさひ、黛冬優子、和泉愛依)	all	sc			imasdb-55c555706e29			unmatched	
sc_get_over	GET OVER	GET OVER		下地悠	下地悠	ペロ、YUU for YOU	ペロ;YUU for YOU	ストレイライト(芹沢あさひ、黛冬優子、和泉愛依)	unit	sc			imasdb-926027fb3833			unmatched	
sc_give_me_some_more	Give me some more...	Give me some more...		鈴木静那	鈴木静那	石黑剛、常楽寺澪	石黑剛;常楽寺澪	アルストロメリア(大崎甘奈、大崎甜花、桑山千雪)	unit	sc			imasdb-c47cd7bcfdba			unmatched	
sc_going_my_way	Going my way	Going my way		下地悠	下地悠	渡辺徹	渡辺徹	和泉愛依	solo	sc			imasdb-35c3de62d50c			unmatched	
sc_gotcha	GOTCHA	GOTCHA		RYO-Z、ILMARI	RYO-Z;ILMARI	FUMIYA	FUMIYA	芹沢あさひ、八宮めぐる、西城樹里	unit	sc			imasdb-8a08e3e37a0e			unmatched	
sc_happier	Happier	Happier		Co-sho	Co-sho	YUU for YOU、Ryosuke Matsuzaki	YUU for YOU;Ryosuke Matsuzaki	シーズ(七草にちか、緋田美琴)	unit	sc			imasdb-369d5309c523			unmatched	
sc_happy_funny_lucky	Happy Funny Lucky	Happy Funny Lucky		渡邊亜希子	渡邊亜希子	中野領太(onetrap)	中野領太(onetrap)	イルミネーションスターズ(櫻木真乃、風野灯織、八宮めぐる)	unit	sc			imasdb-9bc8b5f03f0f			unmatched	
sc_harebare	HAREBARE!!	HAREBARE!!		渡邊亜希子	渡邊亜希子	大西克巳	大西克巳	八宮めぐる	solo	sc			imasdb-4fcbce1c6771			unmatched	
sc_heads_or_tails	Heads or Tails?	Heads or Tails?		Soflan Daichi	Soflan Daichi	YUU for YOU、Giz'Mo (from Jam9)	YUU for YOU;Giz'Mo (from Jam9)	コメティック(斑鳩ルカ、鈴木羽那、郁田はるき)	unit	sc			imasdb-a90dfd94a212			unmatched	
sc_hide_attack	Hide & Attack	Hide & Attack		下地悠	下地悠	本多友紀(Arte Refact)	本多友紀(Arte Refact)	ストレイライト(芹沢あさひ、黛冬優子、和泉愛依)	unit	sc			imasdb-3f0f79c7093e			unmatched	
sc_imitation_ghost	Imitation Ghost	Imitation Ghost		下地悠	下地悠	本多友紀 (Arte Refact)	本多友紀 (Arte Refact)	ストレイライト(芹沢あさひ、黛冬優子、和泉愛依)	unit	sc			imasdb-f42ca73f934a			unmatched	
sc_karma	Karma	Karma		Risa Horie	Risa Horie	藤原燈太	藤原燈太	Fumage(浅倉透、幽谷霧子)	unit	sc			imasdb-88ba91b87d65			unmatched	
sc_karma_game_size	Karma (Game Size)	Karma	Game Size	Risa Horie	Risa Horie	藤原燈太	藤原燈太	幽谷霧子、浅倉透	unit	sc	sc_karma	1	imasdb-a33f5c98f605			unmatched	
sc_kawaiiめたもる交響曲	KAWAII♡めたもる交響曲	KAWAII♡めたもる交響曲		常楽寺澪	常楽寺澪	YUU for YOU、Ryosuke Matsuzaki	YUU for YOU;Ryosuke Matsuzaki	I'm a Cutie Finder(黛冬優子、園田智代子、鈴木羽那、七草にちか、大崎甜花)	unit	sc			imasdb-861b052cc499			unmatched	
sc_kawaiiめたもる交響曲_game_size	KAWAII♡めたもる交響曲 (Game Size)	KAWAII♡めたもる交響曲	Game Size	常楽寺澪	常楽寺澪	YUU for YOU、Ryosuke Matsuzaki	YUU for YOU;Ryosuke Matsuzaki	七草にちか、園田智代子、大崎甜花、鈴木羽那、黛冬優子	unit	sc	sc_kawaiiめたもる交響曲	1	imasdb-e2e5c483d6bc			unmatched	
sc_killermission	Killer×Mission	Killer×Mission		真崎エリカ	真崎エリカ	本多友紀(Arte Refact)	本多友紀(Arte Refact)	アンティーカ×ストレイライト(月岡恋鐘、田中摩美々、白瀬咲耶、三峰結華、幽谷霧子、芹沢あさひ、黛冬優子、和泉愛依)	unit	sc			imasdb-028729c473e7			unmatched	
sc_koikyun	KoiKyun!	KoiKyun!		渡邊亜希子	渡邊亜希子	小久保祐希、YUU for YOU	小久保祐希;YUU for YOU	イルミネーションスターズ(櫻木真乃、風野灯織、八宮めぐる)	unit	sc			imasdb-a91f7cae79d0			unmatched	
sc_lets_get_a_chance	Let's get a chance	Let's get a chance		渡辺拓也	渡辺拓也	渡辺拓也	渡辺拓也	シャイニーカラーズ(櫻木真乃、風野灯織、八宮めぐる、月岡恋鐘、田中摩美々、白瀬咲耶、三峰結華、幽谷霧子、小宮果穂、園田智代子、西城樹里、杜野凛世、有栖川夏葉、大崎甘奈、大崎甜花、桑山千雪)	all	sc			imasdb-bd84ca95d1eb			unmatched	
sc_links	LINKs	LINKs		下地悠	下地悠	本多友紀(Arte Refact)	本多友紀(Arte Refact)	ストレイライト(芹沢あさひ、黛冬優子、和泉愛依)	unit	sc			imasdb-eab554f89187			unmatched	
sc_lit_up_my_sky	Lit up my sky	Lit up my sky		RUCCA	RUCCA	菊池博人(KEYTONE)、小池竜暉、Hayato Yamamoto、YUUKI SANO	菊池博人(KEYTONE);小池竜暉;Hayato Yamamoto;YUUKI SANO	Team.Luna(風野灯織、田中摩美々、三峰結華、幽谷霧子、杜野凛世、大崎甜花、和泉愛依、福丸小糸、斑鳩ルカ)	unit	sc			imasdb-b0d7c2b259f6			unmatched	
sc_live_live_live	LIVE LIVE LIVE!	LIVE LIVE LIVE!		下地悠	下地悠	GAK-amazuti-	GAK-amazuti-	ストレイライト(芹沢あさひ、黛冬優子、和泉愛依)	unit	sc			imasdb-8143d21946b3			unmatched	
sc_look_up_to_the_sky	Look up to the sky	Look up to the sky		Co-sho	Co-sho	Stand Alone、小久保祐希、Karen Yamaguchi	Stand Alone;小久保祐希;Karen Yamaguchi	緋田美琴	solo	sc			imasdb-71195b7bfcfb			unmatched	
sc_love_addiction	Love Addiction	Love Addiction		鈴木静那	鈴木静那	家原正樹、Jam9	家原正樹;Jam9	アルストロメリア(大崎甘奈、大崎甜花、桑山千雪)	unit	sc			imasdb-e88f7477b3c2			unmatched	
sc_love_letter	Love Letter	Love Letter		鈴木静那	鈴木静那	栁沼廉	栁沼廉	アルストロメリア(大崎甘奈、大崎甜花、桑山千雪)	unit	sc			imasdb-288c8b9e9369			unmatched	
sc_mellow_mellow	mellow mellow	mellow mellow		鈴木静那	鈴木静那	ArmySlick、常楽寺澪	ArmySlick;常楽寺澪	アルストロメリア(大崎甘奈、大崎甜花、桑山千雪)	unit	sc			imasdb-5ae92679ec16			unmatched	
sc_midnight_parade	Midnight parade!	Midnight parade!		真崎エリカ	真崎エリカ	本多友紀(Arte Refact)	本多友紀(Arte Refact)	田中摩美々、白瀬咲耶、杜野凛世、大崎甜花、大崎甜花、和泉愛依	unit	sc			imasdb-8e62eccbcfec			unmatched	
sc_migratory_echoes	Migratory Echoes	Migratory Echoes		松井洋平	松井洋平	ヤナガワタカオ	ヤナガワタカオ	シャイニーカラーズ	all	sc			imasdb-42a0d8cfdc27			unmatched	
sc_migratory_echoes_アルストロメリアver	Migratory Echoes (アルストロメリアVer.)	Migratory Echoes	アルストロメリアVer.	松井洋平、鈴木静那	松井洋平;鈴木静那	ヤナガワタカオ	ヤナガワタカオ	アルストロメリア(大崎甘奈、大崎甜花、桑山千雪)	unit	sc	sc_migratory_echoes	1	imasdb-60c95c30f80b			unmatched	
sc_migratory_echoes_アンティーカver	Migratory Echoes (アンティーカVer.)	Migratory Echoes	アンティーカVer.	松井洋平、真崎エリカ	松井洋平;真崎エリカ	ヤナガワタカオ	ヤナガワタカオ	アンティーカ(月岡恋鐘、田中摩美々、白瀬咲耶、三峰結華、幽谷霧子)	unit	sc	sc_migratory_echoes	1	imasdb-98b008e24199			unmatched	
sc_migratory_echoes_イルミネーションスターズver	Migratory Echoes (イルミネーションスターズVer.)	Migratory Echoes	イルミネーションスターズVer.	松井洋平、渡邊亜希子	松井洋平;渡邊亜希子	ヤナガワタカオ	ヤナガワタカオ	イルミネーションスターズ(櫻木真乃、風野灯織、八宮めぐる)	unit	sc	sc_migratory_echoes	1	imasdb-839e8d88695f			unmatched	
sc_migratory_echoes_コメティックver	Migratory Echoes (コメティックVer.)	Migratory Echoes	コメティックVer.	松井洋平、Soflan Daichi	松井洋平;Soflan Daichi	ヤナガワタカオ	ヤナガワタカオ	コメティック(斑鳩ルカ、鈴木羽那、郁田はるき)	unit	sc	sc_migratory_echoes	1	imasdb-e78f8176d308			unmatched	
sc_migratory_echoes_シーズver	Migratory Echoes (シーズVer.)	Migratory Echoes	シーズVer.	松井洋平、Co-sho	松井洋平;Co-sho	ヤナガワタカオ	ヤナガワタカオ	シーズ(七草にちか、緋田美琴)	unit	sc	sc_migratory_echoes	1	imasdb-d6cd91451830			unmatched	
sc_migratory_echoes_ストレイライトver	Migratory Echoes (ストレイライトVer.)	Migratory Echoes	ストレイライトVer.	松井洋平、下地悠	松井洋平;下地悠	ヤナガワタカオ	ヤナガワタカオ	ストレイライト(芹沢あさひ、黛冬優子、和泉愛依)	unit	sc	sc_migratory_echoes	1	imasdb-fe3c7bca2bb7			unmatched	
sc_migratory_echoes_ノクチルver	Migratory Echoes (ノクチルVer.)	Migratory Echoes	ノクチルVer.	松井洋平、秋浦智裕	松井洋平;秋浦智裕	ヤナガワタカオ	ヤナガワタカオ	ノクチル(浅倉透、樋口円香、福丸小糸、市川雛菜)	unit	sc	sc_migratory_echoes	1	imasdb-b712b41dc986			unmatched	
sc_migratory_echoes_放課後クライマックスガールズver	Migratory Echoes (放課後クライマックスガールズVer.)	Migratory Echoes	放課後クライマックスガールズVer.	松井洋平、古屋真	松井洋平;古屋真	ヤナガワタカオ	ヤナガワタカオ	放課後クライマックスガールズ(小宮果穂、園田智代子、西城樹里、杜野凛世、有栖川夏葉)	unit	sc	sc_migratory_echoes	1	imasdb-453c4c42250f			unmatched	
sc_monochromatic	Monochromatic	Monochromatic		Co-sho	Co-sho	小久保祐希、Eunsol(1008)、YHEL	小久保祐希;Eunsol(1008);YHEL	シーズ(七草にちか、緋田美琴)	unit	sc			imasdb-ff65a18ca248			unmatched	
sc_multicolored_sky	Multicolored Sky	Multicolored Sky		松井洋平	松井洋平	高田暁	高田暁	シャイニーカラーズ(櫻木真乃、風野灯織、八宮めぐる、月岡恋鐘、田中摩美々、白瀬咲耶、三峰結華、幽谷霧子、小宮果穂、園田智代子、西城樹里、杜野凛世、有栖川夏葉、大崎甘奈、大崎甜花、桑山千雪)	all	sc			imasdb-a2fb52108fdd			unmatched	
sc_mytime	My time	My time		柿沼雅美 (KEYTONE)	柿沼雅美 (KEYTONE)	ArmySlick、Giz'Mo(from Jam9)	ArmySlick;Giz'Mo(from Jam9)	No 1 feel alone(杜野凛世、大崎甘奈、福丸小糸、三峰結華)	unit	sc			imasdb-b6651ec90d41			unmatched	
sc_mytime_game_size	My time (Game Size)	My time	Game Size	柿沼雅美 (KEYTONE)	柿沼雅美 (KEYTONE)	ArmySlick、Giz'Mo(from Jam9)	ArmySlick;Giz'Mo(from Jam9)	三峰結華、大崎甘奈、杜野凛世、福丸小糸	unit	sc	sc_mytime	1	imasdb-c69a5dc8747d			unmatched	
sc_naraku	Naraku	Naraku		Risa Horie	Risa Horie	伊藤和馬(Arte Refact)	伊藤和馬(Arte Refact)	Fumage(浅倉透、幽谷霧子)	unit	sc			imasdb-8270317306a0			unmatched	
sc_naraku_game_size	Naraku (Game Size)	Naraku	Game Size	Risa Horie	Risa Horie	伊藤和馬(Arte Refact)	伊藤和馬(Arte Refact)	幽谷霧子、浅倉透	unit	sc	sc_naraku	1	imasdb-3b16c63f28a7			unmatched	
sc_neo_theory_fantasy	NEO THEORY FANTASY	NEO THEORY FANTASY		真崎エリカ	真崎エリカ	鍋谷卓摩(luxis)	鍋谷卓摩(luxis)	アンティーカ(月岡恋鐘、田中摩美々、白瀬咲耶、三峰結華、幽谷霧子)	unit	sc			imasdb-0f023504ec38			unmatched	
sc_oh_my_god	OH MY GOD	OH MY GOD		Co-sho	Co-sho	小久保祐希、Eunsol(1008)	小久保祐希;Eunsol(1008)	シーズ(七草にちか、緋田美琴)	unit	sc			imasdb-eabd4b3d6e31			unmatched	
sc_oh_yeah	Oh Yeah!!	Oh Yeah!!		川島亮祐	川島亮祐	サクマリョウ	サクマリョウ	Sonic Heart (and Signal)(八宮めぐる、小宮果穂、月岡恋鐘、市川雛菜)	unit	sc			imasdb-9d00fce989a8			unmatched	
sc_oh_yeah_game_size	Oh Yeah!! (Game Size)	Oh Yeah!!	Game Size	川島亮祐	川島亮祐	サクマリョウ	サクマリョウ	八宮めぐる、小宮果穂、市川雛菜、月岡恋鐘	unit	sc	sc_oh_yeah	1	imasdb-02d840c16d74			unmatched	
sc_once_upon_a_secret	Once Upon a Secret	Once Upon a Secret		真崎エリカ	真崎エリカ	ReNee	ReNee	三峰結華	solo	sc			imasdb-c846a0358e1e			unmatched	
sc_one_live_one_love	One Live One Love	One Live One Love						ストレイライト	unit	sc			imasdb-772cb9fe1371			unmatched	
sc_one_live_one_love_game_size	One Live One Love (Game Size)	One Live One Love	Game Size					和泉愛依、芹沢あさひ、黛冬優子	unit	sc	sc_one_live_one_love	1	imasdb-8b166f78e35f			unmatched	
sc_one_live_one_love_mortal_remix	One Live One Love (Mortal Remix)	One Live One Love	Mortal Remix					ストレイライト	unit	sc		1	imasdb-8bc2eccd704a			unmatched	
sc_one_star	ONE STAR	ONE STAR		KOHSHI (FLOW)	KOHSHI (FLOW)	TAKE (FLOW)	TAKE (FLOW)	小宮果穂、黛冬優子、和泉愛依	unit	sc			imasdb-28cdb560e0a7			unmatched	
sc_open_the_new_world	OPEN the New world	OPEN the New world		下地悠	下地悠	本多友紀(Arte Refact)	本多友紀(Arte Refact)	風野灯織、月岡恋鐘、有栖川夏葉、芹沢あさひ	unit	sc			imasdb-16bb6f4b54a7			unmatched	
sc_overdrive_emotion	Overdrive Emotion	Overdrive Emotion		下地悠	下地悠	日比野裕史	日比野裕史	ストレイライト(芹沢あさひ、黛冬優子、和泉愛依)	unit	sc			imasdb-fabd40a56a10			unmatched	
sc_pioneer_impact	Pioneer Impact	Pioneer Impact		真崎エリカ	真崎エリカ	ねりきり(KEYTONE)	ねりきり(KEYTONE)	アンティーカ×シーズ(月岡恋鐘、田中摩美々、白瀬咲耶、三峰結華、幽谷霧子、七草にちか、緋田美琴)	unit	sc			imasdb-2308a284f8c1			unmatched	
sc_poison_berry_daughters	Poison Berry Daughters	Poison Berry Daughters		古屋真	古屋真	小久保祐希、石黑剛	小久保祐希;石黑剛	シャイニーカラーズ(櫻木真乃、風野灯織、八宮めぐる、月岡恋鐘、田中摩美々、白瀬咲耶、三峰結華、幽谷霧子、小宮果穂、園田智代子、西城樹里、杜野凛世、有栖川夏葉、大崎甘奈、大崎甜花、桑山千雪、芹沢あさひ、黛冬優子、和泉愛依)	all	sc			imasdb-8f2fe752f19a			unmatched	
sc_prisism	PRISISM	PRISISM		渡邊亜希子	渡邊亜希子	三好啓太	三好啓太	イルミネーションスターズ(櫻木真乃、風野灯織、八宮めぐる)	unit	sc			imasdb-46b14f1b95a3			unmatched	
sc_queen_of_the_pirates	QUEEN OF THE PIRATES	QUEEN OF THE PIRATES		真崎エリカ	真崎エリカ	伊藤和馬(Arte Refact)	伊藤和馬(Arte Refact)	アンティーカ(月岡恋鐘、田中摩美々、白瀬咲耶、三峰結華、幽谷霧子)	unit	sc			imasdb-2617d0a76c90			unmatched	
sc_queen_of_the_pirates_game_size	QUEEN OF THE PIRATES (Game Size)	QUEEN OF THE PIRATES	Game Size	真崎エリカ	真崎エリカ	伊藤和馬(Arte Refact)	伊藤和馬(Arte Refact)	三峰結華、幽谷霧子、月岡恋鐘、田中摩美々、白瀬咲耶	unit	sc	sc_queen_of_the_pirates	1	imasdb-5f7347f123c3			unmatched	
sc_real_mind_shakes	Real Mind Shakes	Real Mind Shakes		下地悠	下地悠	本多友紀(Arte Refact)	本多友紀(Arte Refact)	ストレイライト(芹沢あさひ、黛冬優子、和泉愛依)	unit	sc			imasdb-d01f835da990			unmatched	
sc_reflection	Reflection	Reflection		秋浦智裕	秋浦智裕	YUU for YOU、Ryosuke Matsuzaki	YUU for YOU;Ryosuke Matsuzaki	ノクチル(浅倉透、樋口円香、福丸小糸、市川雛菜)	unit	sc			imasdb-91b613dcb153			unmatched	
sc_resonance	Resonance+	Resonance+		園田健太郎	園田健太郎	園田健太郎	園田健太郎	シャイニーカラーズ(櫻木真乃、風野灯織、八宮めぐる、月岡恋鐘、田中摩美々、白瀬咲耶、三峰結華、幽谷霧子、小宮果穂、園田智代子、西城樹里、杜野凛世、有栖川夏葉、大崎甘奈、大崎甜花、桑山千雪、芹沢あさひ、黛冬優子、和泉愛依、浅倉透、樋口円香、福丸小糸、市川雛菜、七草にちか、緋田美琴)	all	sc			imasdb-4ce1c9b38430			unmatched	
sc_rewriting	REWRITING	REWRITING		渡邊亜希子	渡邊亜希子	三好啓太	三好啓太	イルミネーションスターズ(櫻木真乃、風野灯織、八宮めぐる)	unit	sc			imasdb-3e923f91c08a			unmatched	
sc_ring_ring_ringの魔法	Ring Ring Ringの魔法	Ring Ring Ringの魔法		前田甘露	前田甘露	ペロ、YUU for YOU	ペロ;YUU for YOU	ザ・ふたりトラベラー(櫻木真乃、郁田はるき)	unit	sc			imasdb-203a4da02b99			unmatched	
sc_secret_utopia	Secret utopIA	Secret utopIA		渡邊亜希子	渡邊亜希子	秋浦智裕(agehasprings Party)	秋浦智裕(agehasprings Party)	イルミネーションスターズ×アルストロメリア×シーズ(櫻木真乃、風野灯織、八宮めぐる、大崎甘奈、大崎甜花、桑山千雪、七草にちか、緋田美琴)	unit	sc			imasdb-2d9037302253			unmatched	
sc_shiny_stories	Shiny Stories	Shiny Stories		松井洋平	松井洋平	伊藤和馬(Arte Refact)	伊藤和馬(Arte Refact)	シャイニーカラーズ(櫻木真乃、七草にちか、斑鳩ルカ)	all	sc			imasdb-d89c0122700f			unmatched	
sc_shower_of_light	Shower of light	Shower of light		渡邊亜希子	渡邊亜希子	三好啓太	三好啓太	イルミネーションスターズ(櫻木真乃、風野灯織、八宮めぐる)	unit	sc			imasdb-92c168540ff4			unmatched	
sc_sleepless_nights	Sleepless Nights	Sleepless Nights		鈴木静那	鈴木静那	ArmySlick、常楽寺澪	ArmySlick;常楽寺澪	アルストロメリア(大崎甘奈、大崎甜花、桑山千雪)	unit	sc			imasdb-fbd576e9f41c			unmatched	
sc_sleepless_nights_game_size	Sleepless Nights (Game Size)	Sleepless Nights	Game Size	鈴木静那	鈴木静那	ArmySlick、常楽寺澪	ArmySlick;常楽寺澪	大崎甘奈、大崎甜花、桑山千雪	unit	sc	sc_sleepless_nights	1	imasdb-9167df26d623			unmatched	
sc_snow_flakes_memories	SNOW FLAKES MEMORIES	SNOW FLAKES MEMORIES		松井洋平	松井洋平	中野領太(onetrap)	中野領太(onetrap)	シャイニーカラーズ(櫻木真乃、風野灯織、八宮めぐる、月岡恋鐘、田中摩美々、白瀬咲耶、三峰結華、幽谷霧子、小宮果穂、園田智代子、西城樹里、杜野凛世、有栖川夏葉、大崎甘奈、大崎甜花、桑山千雪)	all	sc			imasdb-d3accd0a7c7b			unmatched	
sc_snowflake	Snowflake	Snowflake		Co-sho	Co-sho	小久保祐希、石黑剛、YHEL	小久保祐希;石黑剛;YHEL	シーズ(七草にちか、緋田美琴)	unit	sc			imasdb-68f686676ca6			unmatched	
sc_solar_way	SOLAR WAY	SOLAR WAY		古屋真	古屋真	板垣祐介	板垣祐介	Team.Sol(八宮めぐる、白瀬咲耶、西城樹里、有栖川夏葉、桑山千雪、黛冬優子、浅倉透、市川雛菜)	unit	sc			imasdb-3e059a672b7a			unmatched	
sc_sos	SOS	SOS		下地悠	下地悠	睦月周平	睦月周平	黛冬優子	solo	sc			imasdb-789c1b2e79d8			unmatched	
sc_sparkle	Sparkle	Sparkle		秋浦智裕	秋浦智裕	yoss (CoWRITE)、いのる (CoWRITE)	yoss (CoWRITE);いのる (CoWRITE)	イルミネーションスターズ×ノクチル(櫻木真乃、風野灯織、八宮めぐる、浅倉透、樋口円香、福丸小糸、市川雛菜)	unit	sc			imasdb-350b6eadbae1			unmatched	
sc_spread_the_wings	Spread the Wings!!	Spread the Wings!!		こだまさおり	こだまさおり	山口朗彦	山口朗彦	シャイニーカラーズ(櫻木真乃、風野灯織、八宮めぐる、月岡恋鐘、田中摩美々、白瀬咲耶、三峰結華、幽谷霧子、小宮果穂、園田智代子、西城樹里、杜野凛世、有栖川夏葉、大崎甘奈、大崎甜花、桑山千雪)	all	sc			imasdb-6e1187c2fe0b			unmatched	
sc_spread_the_wings_-19_colors-	Spread the Wings!! -19 colors-	Spread the Wings!!	19 colors	こだまさおり	こだまさおり	山口朗彦	山口朗彦	シャイニーカラーズ(櫻木真乃、風野灯織、八宮めぐる、月岡恋鐘、田中摩美々、白瀬咲耶、三峰結華、幽谷霧子、小宮果穂、園田智代子、西城樹里、杜野凛世、有栖川夏葉、大崎甘奈、大崎甜花、桑山千雪、芹沢あさひ、黛冬優子、和泉愛依)	all	sc		1	imasdb-932b4d097c10			unmatched	
sc_starry_place	STARRY PLACE	STARRY PLACE		渡邊亜希子	渡邊亜希子	YUU for YOU、Ryosuke Matsuzaki	YUU for YOU;Ryosuke Matsuzaki	イルミネーションスターズ(櫻木真乃、風野灯織、八宮めぐる)	unit	sc			imasdb-398ec1162f19			unmatched	
sc_start_up_stand_up	Start up Stand up	Start up Stand up		下地悠	下地悠	amazuti	amazuti	ストレイライト(芹沢あさひ、黛冬優子、和泉愛依)	unit	sc			imasdb-b2a219c75369			unmatched	
sc_statice	statice	statice		秋浦智裕	秋浦智裕	家原正樹、Jam9	家原正樹;Jam9	浅倉透	solo	sc			imasdb-c3aa0b9a4e80			unmatched	
sc_summer_night_paradise	Summer Night Paradise	Summer Night Paradise		Co-sho	Co-sho	徳田光希、三好啓太	徳田光希;三好啓太	櫻木真乃、田中摩美々、有栖川夏葉、桑山千雪、和泉愛依、樋口円香、緋田美琴、鈴木羽那	unit	sc			imasdb-6cc7ed36b37a			unmatched	
sc_super_duper_dreamer	SUPER DUPER DREAMER	SUPER DUPER DREAMER		小久保祐希	小久保祐希	小久保祐希、Eunsol(1008)	小久保祐希;Eunsol(1008)	∑ Desire(芹沢あさひ、樋口円香、緋田美琴、斑鳩ルカ、西城樹里、田中摩美々)	unit	sc			imasdb-4e7e5bf63327			unmatched	
sc_super_duper_dreamer_game_size	SUPER DUPER DREAMER (Game Size)	SUPER DUPER DREAMER	Game Size	小久保祐希	小久保祐希	小久保祐希、Eunsol(1008)	小久保祐希;Eunsol(1008)	斑鳩ルカ、樋口円香、田中摩美々、緋田美琴、芹沢あさひ、西城樹里	unit	sc	sc_super_duper_dreamer	1	imasdb-599092dda12e			unmatched	
sc_sweet_memories	Sweet Memories	Sweet Memories		鈴木静那	鈴木静那	h-wonder	h-wonder	大崎甘奈	solo	sc			imasdb-296326708de7			unmatched	
sc_sweetest_bite	SWEETEST BITE	SWEETEST BITE		Co-sho	Co-sho	小久保祐希、YAGO	小久保祐希;YAGO	シーズ(七草にちか、緋田美琴)	unit	sc			imasdb-327dd16287da			unmatched	
sc_sweetstep	SWEET♡STEP	SWEET♡STEP		深川琴美	深川琴美	NA.ZU.NA	NA.ZU.NA	シャイニーカラーズ(櫻木真乃、風野灯織、八宮めぐる、月岡恋鐘、田中摩美々、白瀬咲耶、三峰結華、幽谷霧子、小宮果穂、園田智代子、西城樹里、杜野凛世、有栖川夏葉、大崎甘奈、大崎甜花、桑山千雪、芹沢あさひ、黛冬優子、和泉愛依)	all	sc			imasdb-d0c71178176b			unmatched	
sc_swing_it	Swing it!	Swing it!		秋浦智裕	秋浦智裕	田村優太	田村優太	ノクチル(浅倉透、樋口円香、福丸小糸、市川雛菜)	unit	sc			imasdb-6a3713eefadb			unmatched	
sc_the_last_pride	THE LAST PRIDE	THE LAST PRIDE		真崎エリカ	真崎エリカ	Nika Lenz (Arte Refact)	Nika Lenz (Arte Refact)	アンティーカ(月岡恋鐘、田中摩美々、白瀬咲耶、三峰結華、幽谷霧子)	unit	sc			imasdb-beb1497767af			unmatched	
sc_timeless_shooting_star	Timeless Shooting Star	Timeless Shooting Star		下地悠	下地悠	徳田光希	徳田光希	ストレイライト(芹沢あさひ、黛冬優子、和泉愛依)	unit	sc			imasdb-ff26764f4ff6			unmatched	
sc_tokyo自由系ガール	Tokyo自由系*ガール	Tokyo自由系*ガール		Kawaii Psycho 倶楽部、星銀乃丈、ぜったくん	Kawaii Psycho 倶楽部;星銀乃丈;ぜったくん	星銀乃丈	星銀乃丈	No 1 feel alone(杜野凛世、大崎甘奈、福丸小糸、三峰結華)	unit	sc			imasdb-f197c9a99f85			unmatched	
sc_tokyo自由系ガール_game_size	Tokyo自由系*ガール (Game Size)	Tokyo自由系*ガール	Game Size	Kawaii Psycho 倶楽部、星銀乃丈、ぜったくん	Kawaii Psycho 倶楽部;星銀乃丈;ぜったくん	星銀乃丈	星銀乃丈	三峰結華、大崎甘奈、杜野凛世、福丸小糸	unit	sc	sc_tokyo自由系ガール	1	imasdb-69bf1765aeba			unmatched	
sc_tracing_defender	Tracing Defender	Tracing Defender		下地悠	下地悠	大西克巳	大西克巳	ストレイライト(芹沢あさひ、黛冬優子、和泉愛依)	unit	sc			imasdb-5c6ae782ca39			unmatched	
sc_transcending_the_world	Transcending The World	Transcending The World		下地悠	下地悠	R・O・N	R;O;N	ストレイライト(芹沢あさひ、黛冬優子、和泉愛依)	unit	sc			imasdb-3f49062ed90d			unmatched	
sc_twinkle_way	Twinkle way	Twinkle way		渡邊亜希子	渡邊亜希子	鍋谷卓摩(luxis)	鍋谷卓摩(luxis)	イルミネーションスターズ(櫻木真乃、風野灯織、八宮めぐる)	unit	sc			imasdb-09379d72310c			unmatched	
sc_unsung_heroes	Unsung Heroes	Unsung Heroes		真崎エリカ	真崎エリカ	原田篤(Arte Refact)	原田篤(Arte Refact)	アンティーカ(月岡恋鐘、田中摩美々、白瀬咲耶、三峰結華、幽谷霧子)	unit	sc			imasdb-866289c4cb59			unmatched	
sc_very_berry_love	VERY BERRY LOVE	VERY BERRY LOVE		鈴木静那	鈴木静那	5u5h1	5u5h1	アルストロメリア(大崎甘奈、大崎甜花、桑山千雪)	unit	sc			imasdb-7e9d724108f6			unmatched	
sc_wandering_dream_chaser	Wandering Dream Chaser	Wandering Dream Chaser		下地悠	下地悠	小久保祐希、YUU for YOU	小久保祐希;YUU for YOU	ストレイライト(芹沢あさひ、黛冬優子、和泉愛依)	unit	sc			imasdb-c391e794a6bc			unmatched	
sc_we_can_go_now	We can go now!	We can go now!		中村彼方	中村彼方	大西克巳	大西克巳	イルミネーションスターズ(櫻木真乃、風野灯織、八宮めぐる)	unit	sc			imasdb-f7ddf3ad7691			unmatched	
sc_white_story	White Story	White Story		Co-sho	Co-sho	YUU for YOU、常楽寺澪	YUU for YOU;常楽寺澪	シーズ(七草にちか、緋田美琴)	unit	sc			imasdb-839080121904			unmatched	
sc_with_you	With you	With you		鈴木静那	鈴木静那	石黑剛、常楽寺澪	石黑剛;常楽寺澪	アルストロメリア(大崎甘奈、大崎甜花、桑山千雪)	unit	sc			imasdb-ba4024951e39			unmatched	
sc_あおぞらサイダー	あおぞらサイダー	あおぞらサイダー		秋浦智裕	秋浦智裕	小久保祐希、YUU for YOU	小久保祐希;YUU for YOU	市川雛菜	solo	sc			imasdb-e7f1dbcb3aed			unmatched	
sc_あの花のように	あの花のように	あの花のように		きみコ	きみコ	Lantan	Lantan	ノクチル(浅倉透、樋口円香、福丸小糸、市川雛菜)	unit	sc			imasdb-989baf36e9f0			unmatched	
sc_ありったけの輝きで	ありったけの輝きで	ありったけの輝きで		こだまさおり	こだまさおり	羊	羊	櫻木真乃	solo	sc			imasdb-35647196c9ca			unmatched	
sc_いつか_shiny_days	いつか Shiny Days	いつか Shiny Days		鈴木静那	鈴木静那	山田智和	山田智和	シャイニーカラーズ(櫻木真乃、風野灯織、八宮めぐる、月岡恋鐘、田中摩美々、白瀬咲耶、三峰結華、幽谷霧子、小宮果穂、園田智代子、西城樹里、杜野凛世、有栖川夏葉、大崎甘奈、大崎甜花、桑山千雪)	all	sc			imasdb-412cc334418d			unmatched	
sc_いつかのキミへ	いつかのキミへ	いつかのキミへ		秋浦智裕	秋浦智裕	原田篤(Arte Refact)	原田篤(Arte Refact)	ノクチル(浅倉透、樋口円香、福丸小糸、市川雛菜)	unit	sc			imasdb-f495d3a42b68			unmatched	
sc_いつだって僕らは	いつだって僕らは	いつだって僕らは		秋浦智裕	秋浦智裕	秋浦智裕	秋浦智裕	ノクチル(浅倉透、樋口円香、福丸小糸、市川雛菜)	unit	sc			imasdb-91c65cae2891			unmatched	
sc_くだらないや	くだらないや	くだらないや		出口遼(KEYTONE)	出口遼(KEYTONE)	篠崎あやと、橘亮祐	篠崎あやと;橘亮祐	コメティック(斑鳩ルカ、鈴木羽那、郁田はるき)	unit	sc			imasdb-762f38c23e31			unmatched	
sc_さあ舞い上がれ	さあ舞い上がれ	さあ舞い上がれ		古屋真	古屋真	金山秀士(Dream Monster)	金山秀士(Dream Monster)	放課後クライマックスガールズ(小宮果穂、園田智代子、西城樹里、杜野凛世、有栖川夏葉)	unit	sc			imasdb-1588556a562e			unmatched	
sc_とある英雄たちの物語	とある英雄たちの物語	とある英雄たちの物語		真崎エリカ	真崎エリカ	設楽哲也	設楽哲也	アンティーカ(月岡恋鐘、田中摩美々、白瀬咲耶、三峰結華、幽谷霧子)	unit	sc			imasdb-6ee8b7537ce6			unmatched	
sc_ねぇねぇねぇ	ねぇ、ねぇ、ねぇ	ねぇ、ねぇ、ねぇ		渡邊亜希子	渡邊亜希子	塚田耕平	塚田耕平	櫻木真乃、幽谷霧子、園田智代子、桑山千雪、黛冬優子	unit	sc			imasdb-7edf5db10008			unmatched	
sc_ひめくりモザイク	ひめくりモザイク	ひめくりモザイク		古屋真	古屋真	牧野太洋	牧野太洋	放課後クライマックスガールズ(小宮果穂、園田智代子、西城樹里、杜野凛世、有栖川夏葉)	unit	sc			imasdb-0840aae16560			unmatched	
sc_また明日	また明日	また明日		鈴木静那	鈴木静那	JUVENILE	JUVENILE	大崎甜花	solo	sc			imasdb-4209bd2a0185			unmatched	
sc_よりみちサンセット	よりみちサンセット	よりみちサンセット		古屋真	古屋真	小久保祐希、YUU for YOU	小久保祐希;YUU for YOU	放課後クライマックスガールズ(小宮果穂、園田智代子、西城樹里、杜野凛世、有栖川夏葉)	unit	sc			imasdb-8de91c2f8375			unmatched	
sc_わたしの主人公はわたしだから	わたしの主人公はわたしだから!	わたしの主人公はわたしだから!		秋浦智裕	秋浦智裕	本多友紀(Arte Refact)	本多友紀(Arte Refact)	福丸小糸	solo	sc			imasdb-bb2f9c45e22b			unmatched	
sc_アイノウ	アイノウ	アイノウ		出口遼	出口遼	本多友紀(Arte Refact)	本多友紀(Arte Refact)	コメティック(斑鳩ルカ、鈴木羽那、郁田はるき)	unit	sc			imasdb-670bcb67de25			unmatched	
sc_アイノウ_game_size	アイノウ (Game Size)	アイノウ	Game Size	出口遼	出口遼	本多友紀(Arte Refact)	本多友紀(Arte Refact)	斑鳩ルカ、郁田はるき、鈴木羽那	unit	sc	sc_アイノウ	1	imasdb-81e843a591c7			unmatched	
sc_アスタラブビスタ	アスタラブビスタ	アスタラブビスタ		鈴木静那	鈴木静那	OzaShin	OzaShin	アルストロメリア(大崎甘奈、大崎甜花、桑山千雪)	unit	sc			imasdb-f4e65d01868a			unmatched	
sc_アスファルトを鳴らして	アスファルトを鳴らして	アスファルトを鳴らして		秋浦智裕	秋浦智裕	鈴谷皆人	鈴谷皆人	ノクチル(浅倉透、樋口円香、福丸小糸、市川雛菜)	unit	sc			imasdb-42874faf1986			unmatched	
sc_アポイントシグナル	アポイント・シグナル	アポイント・シグナル		真崎エリカ	真崎エリカ	本田正樹 (Dream Monster)	本田正樹 (Dream Monster)	月岡恋鐘	solo	sc			imasdb-a36a1cdadb1e			unmatched	
sc_アルストロメリア	アルストロメリア	アルストロメリア		鈴木静那	鈴木静那	森本貴大	森本貴大	アルストロメリア(大崎甘奈、大崎甜花、桑山千雪)	unit	sc			imasdb-9ba731c46612			unmatched	
sc_イルミネイトコンサート	イルミネイトコンサート	イルミネイトコンサート		渡邊亜希子	渡邊亜希子	渡辺徹	渡辺徹	イルミネーションスターズ(櫻木真乃、風野灯織、八宮めぐる)	unit	sc			imasdb-c3e67e7af2e2			unmatched	
sc_カウントダウンラブ	カウントダウンラブ	カウントダウンラブ		涼木シンジ(KEYTONE)	涼木シンジ(KEYTONE)	涼木シンジ(KEYTONE)	涼木シンジ(KEYTONE)	I'm a Cutie Finder(黛冬優子、園田智代子、鈴木羽那、七草にちか、大崎甜花)	unit	sc			imasdb-3a4493b52b4a			unmatched	
sc_カウントダウンラブ_game_size	カウントダウンラブ (Game Size)	カウントダウンラブ	Game Size	涼木シンジ(KEYTONE)	涼木シンジ(KEYTONE)	涼木シンジ(KEYTONE)	涼木シンジ(KEYTONE)	七草にちか、園田智代子、大崎甜花、鈴木羽那、黛冬優子	unit	sc	sc_カウントダウンラブ	1	imasdb-77c5658cb1e4			unmatched	
sc_キズナシェアリング	キズナシェアリング	キズナシェアリング		RUCCA	RUCCA	菊池博人(KEYTONE)、小池竜暉、Hayato Yamamoto、YUUKI SANO	菊池博人(KEYTONE);小池竜暉;Hayato Yamamoto;YUUKI SANO	Team.Stella(櫻木真乃、月岡恋鐘、小宮果穂、園田智代子、大崎甘奈、芹沢あさひ、樋口円香、緋田美琴、鈴木羽那)	unit	sc			imasdb-bb51dcea8ff1			unmatched	
sc_キャットスクワッド	キャットスクワッド	キャットスクワッド		古屋真	古屋真	小久保祐希、YUU for YOU	小久保祐希;YUU for YOU	放課後クライマックスガールズ(小宮果穂、園田智代子、西城樹里、杜野凛世、有栖川夏葉)	unit	sc			imasdb-0d46f77faf07			unmatched	
sc_キラピコexe	キラピコ.exe	キラピコ.exe		古屋真	古屋真	ねりきり(KEYTONE)	ねりきり(KEYTONE)	放課後クライマックスガールズ(小宮果穂、園田智代子、西城樹里、杜野凛世、有栖川夏葉)	unit	sc			imasdb-d7c4583dd202			unmatched	
sc_キラピコexe_game_size	キラピコ.exe (Game Size)	キラピコ.exe	Game Size	古屋真	古屋真	ねりきり(KEYTONE)	ねりきり(KEYTONE)	園田智代子、小宮果穂、有栖川夏葉、杜野凛世、西城樹里	unit	sc	sc_キラピコexe	1	imasdb-8dd2911f3ebb			unmatched	
sc_クライマックスアイランド	クライマックスアイランド	クライマックスアイランド		古屋真	古屋真	INN	INN	放課後クライマックスガールズ(小宮果穂、園田智代子、西城樹里、杜野凛世、有栖川夏葉)	unit	sc			imasdb-4d456bfd5759			unmatched	
sc_クローバー	クローバー	クローバー		鈴木静那	鈴木静那	トミタカズキ(SUPA LOVE)	トミタカズキ(SUPA LOVE)	杜野凛世、大崎甘奈、市川雛菜、七草にちか	unit	sc			imasdb-1dd8141e20f9			unmatched	
sc_グッバイ	グッバイ	グッバイ		秋浦智裕	秋浦智裕	山田智和	山田智和	ノクチル(浅倉透、樋口円香、福丸小糸、市川雛菜)	unit	sc			imasdb-40190c8d9198			unmatched	
sc_グラデーション	グラデーション	グラデーション		鈴木静那	鈴木静那	YUU for YOU、Giz'Mo(from Jam9)	YUU for YOU;Giz'Mo(from Jam9)	アルストロメリア(大崎甘奈、大崎甜花、桑山千雪)	unit	sc			imasdb-4747466d3498			unmatched	
sc_サマーサマーオーシャンパーリィバケーション	サマーサマーオーシャンパーリィバケーション	サマーサマーオーシャンパーリィバケーション		古屋真	古屋真	NA.ZU.NA	NA.ZU.NA	八宮めぐる、三峰結華、小宮果穂、大崎甜花、黛冬優子、福丸小糸、緋田美琴、郁田はるき	unit	sc			imasdb-aa4957db833c			unmatched	
sc_シャイニーエクササイズ	シャイニーエクササイズ	シャイニーエクササイズ		橘亮祐、篠崎あやと	橘亮祐;篠崎あやと	橘亮祐、篠崎あやと	橘亮祐;篠崎あやと	八宮めぐる、月岡恋鐘、西城樹里、桑山千雪、芹沢あさひ、福丸小糸、七草にちか	unit	sc			imasdb-492838b92002			unmatched	
sc_シャイノグラフィ	シャイノグラフィ	シャイノグラフィ		古屋真	古屋真	ヒゲドライバー	ヒゲドライバー	シャイニーカラーズ(櫻木真乃、風野灯織、八宮めぐる、月岡恋鐘、田中摩美々、白瀬咲耶、三峰結華、幽谷霧子、小宮果穂、園田智代子、西城樹里、杜野凛世、有栖川夏葉、大崎甘奈、大崎甜花、桑山千雪、芹沢あさひ、黛冬優子、和泉愛依、浅倉透、樋口円香、福丸小糸、市川雛菜)	all	sc			imasdb-daf14855bc9d			unmatched	
sc_スマイルシンフォニア	スマイルシンフォニア	スマイルシンフォニア		渡邊亜希子	渡邊亜希子	三好啓太	三好啓太	イルミネーションスターズ(櫻木真乃、風野灯織、八宮めぐる)	unit	sc			imasdb-e56b25e1efc0			unmatched	
sc_スローモーション	スローモーション	スローモーション		中村彼方	中村彼方	岩越涼大	岩越涼大	風野灯織	solo	sc			imasdb-3f0f62f630af			unmatched	
sc_ダブルイフェクト	ダブル・イフェクト	ダブル・イフェクト		鈴木静那	鈴木静那	丸山真由子	丸山真由子	アルストロメリア(大崎甘奈、大崎甜花、桑山千雪)	unit	sc			imasdb-7e35a5a4a348			unmatched	
sc_チョコデートサンデー	チョコデート・サンデー	チョコデート・サンデー		児玉雨子	児玉雨子	中野領太	中野領太	園田智代子	solo	sc			imasdb-67928e847059			unmatched	
sc_ツバサグラビティ	ツバサグラビティ	ツバサグラビティ		こだまさおり	こだまさおり	山口朗彦	山口朗彦	シャイニーカラーズ(櫻木真乃、風野灯織、八宮めぐる、月岡恋鐘、田中摩美々、白瀬咲耶、三峰結華、幽谷霧子、小宮果穂、園田智代子、西城樹里、杜野凛世、有栖川夏葉、大崎甘奈、大崎甜花、桑山千雪)	all	sc			imasdb-4d7b44c2d3bd			unmatched	
sc_デビ太郎のうた	デビ太郎のうた	デビ太郎のうた		深川琴美	深川琴美	宝野聡史	宝野聡史	大崎甜花	solo	sc			imasdb-ebc4597c5b8f			unmatched	
sc_トライアングル	トライアングル	トライアングル		中村彼方	中村彼方	Giz'Mo (from Jam9) , ArmySlick	Giz'Mo (from Jam9);ArmySlick	イルミネーションスターズ(櫻木真乃、風野灯織、八宮めぐる)	unit	sc			imasdb-babb19eba8ac			unmatched	
sc_ハナサカサイサイ	ハナサカサイサイ	ハナサカサイサイ		古屋真	古屋真	金山秀士(Dream Monster)	金山秀士(Dream Monster)	放課後クライマックスガールズ(小宮果穂、園田智代子、西城樹里、杜野凛世、有栖川夏葉)	unit	sc			imasdb-0add42b889c8			unmatched	
sc_ハナマルバッジ	ハナマルバッジ	ハナマルバッジ		古屋真	古屋真	小久保祐希、YUU for YOU	小久保祐希;YUU for YOU	小宮果穂	solo	sc			imasdb-d127b7cac0d0			unmatched	
sc_ハナムケのハナタバ	ハナムケのハナタバ	ハナムケのハナタバ		園田健太郎	園田健太郎	園田健太郎	園田健太郎	コメティック(斑鳩ルカ、鈴木羽那、郁田はるき)	unit	sc			imasdb-f6768c6e48f2			unmatched	
sc_ハピリリ	ハピリリ	ハピリリ		鈴木静那	鈴木静那	SHOW (Digz, Inc. Group)	SHOW (Digz, Inc. Group)	アルストロメリア(大崎甘奈、大崎甜花、桑山千雪)	unit	sc			imasdb-9e5e8111e476			unmatched	
sc_バベルシティグレイス	バベルシティ・グレイス	バベルシティ・グレイス		真崎エリカ	真崎エリカ	南田健吾(onetrap)	南田健吾(onetrap)	アンティーカ(月岡恋鐘、田中摩美々、白瀬咲耶、三峰結華、幽谷霧子)	unit	sc			imasdb-fa23cbcb950d			unmatched	
sc_パステルカラー_パスカラカラー	パステルカラー パスカラカラー	パステルカラー パスカラカラー		鈴木静那	鈴木静那	YUU for YOU、Giz'Mo(from Jam9)	YUU for YOU;Giz'Mo(from Jam9)	アルストロメリア(大崎甘奈、大崎甜花、桑山千雪)	unit	sc			imasdb-fe31810d7780			unmatched	
sc_パーティーマジックデザイナー	パーティーマジックデザイナー	パーティーマジックデザイナー		古屋真	古屋真	牧野太洋	牧野太洋	放課後クライマックスガールズ(小宮果穂、園田智代子、西城樹里、杜野凛世、有栖川夏葉)	unit	sc			imasdb-719af14d6bf3			unmatched	
sc_ヒカリのdestination	ヒカリのdestination	ヒカリのdestination		中村彼方	中村彼方	中野領太(onetrap)	中野領太(onetrap)	イルミネーションスターズ(櫻木真乃、風野灯織、八宮めぐる)	unit	sc			imasdb-5db152f700fa			unmatched	
sc_ビーチブレイバー	ビーチブレイバー	ビーチブレイバー		古屋真	古屋真	GAKU	GAKU	放課後クライマックスガールズ(小宮果穂、園田智代子、西城樹里、杜野凛世、有栖川夏葉)	unit	sc			imasdb-a6255a38f07b			unmatched	
sc_フェアリーガール	フェアリー・ガール	フェアリー・ガール		深川琴美	深川琴美	佐藤樹	佐藤樹	七草にちか	solo	sc			imasdb-e73dd4057f88			unmatched	
sc_ブレイクアウトセレンディピティ	ブレイク・アウト・セレンディピティ	ブレイク・アウト・セレンディピティ		真崎エリカ	真崎エリカ	ペロ、YUU for YOU	ペロ;YUU for YOU	アンティーカ(月岡恋鐘、田中摩美々、白瀬咲耶、三峰結華、幽谷霧子)	unit	sc			imasdb-9c7bb9f8ff05			unmatched	
sc_プラスチックアンブレラ	プラスチック・アンブレラ	プラスチック・アンブレラ		児玉雨子	児玉雨子	矢吹香那	矢吹香那	三峰結華	solo	sc			imasdb-88256700255d			unmatched	
sc_プラニスフィア_planisphere	プラニスフィア 〜planisphere〜	プラニスフィア 〜planisphere〜		松井洋平	松井洋平	ArmySlick、Giz'Mo (from Jam9)	ArmySlick;Giz'Mo (from Jam9)	Team.Stella(櫻木真乃、月岡恋鐘、小宮果穂、園田智代子、大崎甘奈、芹沢あさひ、樋口円香)	unit	sc			imasdb-e95b1163efbd			unmatched	
sc_プリズムフレア	プリズムフレア	プリズムフレア		こだまさおり	こだまさおり	ヒゲドライバー	ヒゲドライバー	シャイニーカラーズ(櫻木真乃、風野灯織、八宮めぐる、月岡恋鐘、田中摩美々、白瀬咲耶、三峰結華、幽谷霧子、小宮果穂、園田智代子、西城樹里、杜野凛世、有栖川夏葉、大崎甘奈、大崎甜花、桑山千雪、芹沢あさひ、黛冬優子、和泉愛依)	all	sc			imasdb-d899ed52af4f			unmatched	
sc_ホムラインビテーション	ホムラインビテーション	ホムラインビテーション		涼木シンジ(KEYTONE)	涼木シンジ(KEYTONE)	涼木シンジ(KEYTONE)	涼木シンジ(KEYTONE)	HOMURAーGIRLS(芹沢あさひ、黛冬優子、和泉愛依、七草にちか、緋田美琴)	unit	sc			imasdb-ace300004b8a			unmatched	
sc_ボーダーレスノンストレス	ボーダーレス・ノンストレス	ボーダーレス・ノンストレス		小池竜暉	小池竜暉	小池竜暉、菊池博人(KEYTONE)	小池竜暉;菊池博人(KEYTONE)	Sonic Heart (and Signal)(八宮めぐる、小宮果穂、月岡恋鐘、市川雛菜)	unit	sc			imasdb-44181894c1ba			unmatched	
sc_ボーダーレスノンストレス_game_size	ボーダーレス・ノンストレス (Game Size)	ボーダーレス・ノンストレス	Game Size	小池竜暉	小池竜暉	小池竜暉、菊池博人(KEYTONE)	小池竜暉;菊池博人(KEYTONE)	八宮めぐる、小宮果穂、市川雛菜、月岡恋鐘	unit	sc	sc_ボーダーレスノンストレス	1	imasdb-871efd0637a7			unmatched	
sc_メッセージ	メッセージ	メッセージ		鈴木静那	鈴木静那	amazuti	amazuti	アルストロメリア(大崎甘奈、大崎甜花、桑山千雪)	unit	sc			imasdb-ebd6f31326b3			unmatched	
sc_メモワールアンタクト	メモワール・アンタクト	メモワール・アンタクト		真崎エリカ	真崎エリカ	田中透真(Dream Monster)	田中透真(Dream Monster)	幽谷霧子	solo	sc			imasdb-8de9253a46b2			unmatched	
sc_ラビリンスレジスタンス	ラビリンス・レジスタンス	ラビリンス・レジスタンス		真崎エリカ	真崎エリカ	家原正樹、Lauren Kaori	家原正樹;Lauren Kaori	アンティーカ(月岡恋鐘、田中摩美々、白瀬咲耶、三峰結華、幽谷霧子)	unit	sc			imasdb-608d4bb2b85c			unmatched	
sc_ラブボナペティート	ラブ・ボナペティート	ラブ・ボナペティート		鈴木静那	鈴木静那	石井健太郎	石井健太郎	アルストロメリア(大崎甘奈、大崎甜花、桑山千雪)	unit	sc			imasdb-da8a1c984c71			unmatched	
sc_リフレインブレイン	リフレインブレイン	リフレインブレイン		出口遼	出口遼	三好啓太、大竹智之	三好啓太;大竹智之	アルストロメリア×コメティック(大崎甘奈、大崎甜花、桑山千雪、斑鳩ルカ、鈴木羽那、郁田はるき)	unit	sc			imasdb-b3c8451eebe0			unmatched	
sc_リフレクトサイン	リフレクトサイン	リフレクトサイン		真崎エリカ	真崎エリカ	家原正樹、Lauren Kaori	家原正樹;Lauren Kaori	Team.Luna(風野灯織、田中摩美々、三峰結華、幽谷霧子、杜野凛世、大崎甜花、和泉愛依、福丸小糸)	unit	sc			imasdb-f87f85492720			unmatched	
sc_ルピラ	ルピラ	ルピラ		鈴木静那	鈴木静那	YOSHIHIRO (KEYTONE)	YOSHIHIRO (KEYTONE)	アルストロメリア(大崎甘奈、大崎甜花、桑山千雪)	unit	sc			imasdb-aa12bd1bb3bd			unmatched	
sc_一閃は君が導く	一閃は君が導く	一閃は君が導く		古屋真	古屋真	武田城以、Hiroki Sagawa(Relic Lyric, inc.)	武田城以;Hiroki Sagawa(Relic Lyric, inc.)	放課後クライマックスガールズ(小宮果穂、園田智代子、西城樹里、杜野凛世、有栖川夏葉)	unit	sc			imasdb-d62aa926f8d5			unmatched	
sc_乱舞る	乱舞る	乱舞る		Shun	Shun	Shun、Bunta、Jose	Shun;Bunta;Jose	放課後クライマックスガールズ(小宮果穂、園田智代子、西城樹里、杜野凛世、有栖川夏葉)	unit	sc			imasdb-ca5efcde611f			unmatched	
sc_五ツ座流星群	五ツ座流星群	五ツ座流星群		古屋真	古屋真	三浦誠司	三浦誠司	放課後クライマックスガールズ(小宮果穂、園田智代子、西城樹里、杜野凛世、有栖川夏葉)	unit	sc			imasdb-096b1ec26929			unmatched	
sc_今しかない瞬間を	今しかない瞬間を	今しかない瞬間を		秋浦智裕(onetrap)	秋浦智裕(onetrap)	本多友紀(Arte Refact)	本多友紀(Arte Refact)	ノクチル(浅倉透、樋口円香、福丸小糸、市川雛菜)	unit	sc			imasdb-74f66615cd21			unmatched	
sc_似セ者	似セ者	似セ者		Soflan Daichi	Soflan Daichi	ねりきり (KEYTONE)	ねりきり (KEYTONE)	コメティック(斑鳩ルカ、鈴木羽那、郁田はるき)	unit	sc			imasdb-eff288474a2e			unmatched	
sc_僕らだけの未来の空	僕らだけの未来の空	僕らだけの未来の空		秋浦智裕(onetrap)	秋浦智裕(onetrap)	石井健太郎	石井健太郎	ノクチル(浅倉透、樋口円香、福丸小糸、市川雛菜)	unit	sc			imasdb-eadd5c2cc7cc			unmatched	
sc_全力アンサー	全力アンサー	全力アンサー		古屋真	古屋真	藤井健太郎(HANO)	藤井健太郎(HANO)	放課後クライマックスガールズ(小宮果穂、園田智代子、西城樹里、杜野凛世、有栖川夏葉)	unit	sc			imasdb-56d44fd1cb00			unmatched	
sc_千夜アリア	千夜アリア	千夜アリア		真崎エリカ	真崎エリカ	藤井健太郎(HANO)、谷ナオキ(HANO)	藤井健太郎(HANO);谷ナオキ(HANO)	白瀬咲耶	solo	sc			imasdb-437e691e1019			unmatched	
sc_夢が夢じゃなくなるその日まで	夢が夢じゃなくなるその日まで	夢が夢じゃなくなるその日まで		秋浦智裕	秋浦智裕	原田篤(Arte Refact)	原田篤(Arte Refact)	ノクチル(浅倉透、樋口円香、福丸小糸、市川雛菜)	unit	sc			imasdb-75d51f1294ea			unmatched	
sc_夢咲きafter_school	夢咲きAfter school	夢咲きAfter school		古屋真	古屋真	南田健吾(onetrap)	南田健吾(onetrap)	放課後クライマックスガールズ(小宮果穂、園田智代子、西城樹里、杜野凛世、有栖川夏葉)	unit	sc			imasdb-dccce2451535			unmatched	
sc_夢模様キャンバス	夢模様キャンバス	夢模様キャンバス		出口遼	出口遼	出口遼	出口遼	郁田はるき	solo	sc			imasdb-f6f8ba4f2fb3			unmatched	
sc_夢見鳥	夢見鳥	夢見鳥		秋浦智裕	秋浦智裕	家原正樹、Jam9	家原正樹;Jam9	樋口円香	solo	sc			imasdb-414f72d54e0b			unmatched	
sc_太陽キッス	太陽キッス	太陽キッス		古屋真	古屋真	no_my	no_my	放課後クライマックスガールズ(小宮果穂、園田智代子、西城樹里、杜野凛世、有栖川夏葉)	unit	sc			imasdb-0d3f76349eec			unmatched	
sc_学祭革命夜明け前	学祭革命夜明け前	学祭革命夜明け前		古屋真	古屋真	佐々倉有吾	佐々倉有吾	放課後クライマックスガールズ(小宮果穂、園田智代子、西城樹里、杜野凛世、有栖川夏葉)	unit	sc			imasdb-338ce42e0160			unmatched	
sc_常咲の庭	常咲の庭	常咲の庭		古屋真	古屋真	田熊知存(Dream Monster)	田熊知存(Dream Monster)	杜野凛世	solo	sc			imasdb-c053dd605c4e			unmatched	
sc_平行線の美学	平行線の美学	平行線の美学		園田健太郎	園田健太郎	ねりきり(KEYTONE)	ねりきり(KEYTONE)	コメティック(斑鳩ルカ、鈴木羽那、郁田はるき)	unit	sc			imasdb-30794ece6867			unmatched	
sc_幻惑silhouette	幻惑SILHOUETTE	幻惑SILHOUETTE		真崎エリカ	真崎エリカ	no_my	no_my	アンティーカ(月岡恋鐘、田中摩美々、白瀬咲耶、三峰結華、幽谷霧子)	unit	sc			imasdb-4e9252d7fe82			unmatched	
sc_快盗vを見逃すな	快盗Vを見逃すな	快盗Vを見逃すな		古屋真	古屋真	常楽寺澪、popopo	常楽寺澪;popopo	放課後クライマックスガールズ(小宮果穂、園田智代子、西城樹里、杜野凛世、有栖川夏葉)	unit	sc			imasdb-84c8f5a09476			unmatched	
sc_想像のつばさ	想像のつばさ	想像のつばさ		前田甘露	前田甘露	高田暁	高田暁	櫻木真乃	solo	sc			imasdb-8189e25e8609			unmatched	
sc_愚者の独白	愚者の独白	愚者の独白		真崎エリカ	真崎エリカ	ArmySlick、Lauren Kaori	ArmySlick;Lauren Kaori	アンティーカ(月岡恋鐘、田中摩美々、白瀬咲耶、三峰結華、幽谷霧子)	unit	sc			imasdb-9a23cc56c8f9			unmatched	
sc_愛しき日々	愛しき日々	愛しき日々		秋浦智裕	秋浦智裕	前口ワタル	前口ワタル	ノクチル(浅倉透、樋口円香、福丸小糸、市川雛菜)	unit	sc			imasdb-3e6780266d1d			unmatched	
sc_愛なview	愛なView	愛なView		渡邊亜希子	渡邊亜希子	原田雄一、奥野涼	原田雄一;奥野涼	シャイニーカラーズ(櫻木真乃、風野灯織、八宮めぐる、月岡恋鐘、田中摩美々、白瀬咲耶、三峰結華、幽谷霧子、小宮果穂、園田智代子、西城樹里、杜野凛世、有栖川夏葉、大崎甘奈、大崎甜花、桑山千雪、芹沢あさひ、黛冬優子、和泉愛依、浅倉透、樋口円香、福丸小糸、市川雛菜、七草にちか、緋田美琴、斑鳩ルカ、鈴木羽那、郁田はるき)	all	sc			imasdb-58a1dbae5488			unmatched	
sc_感謝のコントレイル	感謝のコントレイル	感謝のコントレイル		RUCCA、BlasTrain(Rap詞)	RUCCA;BlasTrain(Rap詞)	菊池博人(KEYTONE)、小池竜暉、Hayato Yamamoto、YUUKI SANO	菊池博人(KEYTONE);小池竜暉;Hayato Yamamoto;YUUKI SANO	シャイニーカラーズ(櫻木真乃、風野灯織、八宮めぐる、月岡恋鐘、田中摩美々、白瀬咲耶、三峰結華、幽谷霧子、小宮果穂、園田智代子、西城樹里、杜野凛世、有栖川夏葉、大崎甘奈、大崎甜花、桑山千雪、芹沢あさひ、黛冬優子、和泉愛依、浅倉透、樋口円香、福丸小糸、市川雛菜、七草にちか、緋田美琴、斑鳩ルカ、鈴木羽那、郁田はるき)	all	sc			imasdb-2bda5b2a321e			unmatched	
sc_感謝のコントレイル_game_size	感謝のコントレイル (Game Size)	感謝のコントレイル	Game Size	RUCCA、BlasTrain(Rap詞)	RUCCA;BlasTrain(Rap詞)	菊池博人(KEYTONE)、小池竜暉、Hayato Yamamoto、YUUKI SANO	菊池博人(KEYTONE);小池竜暉;Hayato Yamamoto;YUUKI SANO	七草にちか、三峰結華、八宮めぐる、和泉愛依、園田智代子、大崎甘奈、大崎甜花、小宮果穂、市川雛菜、幽谷霧子、斑鳩ルカ、月岡恋鐘、有栖川夏葉、杜野凛世、桑山千雪、樋口円香、櫻木真乃、浅倉透、田中摩美々、白瀬咲耶、福丸小糸、緋田美琴、芹沢あさひ、西城樹里、郁田はるき、鈴木羽那、風野灯織、黛冬優子	all	sc	sc_感謝のコントレイル	1	imasdb-e60a5a523698			unmatched	
sc_拝啓タイムカプセル	拝啓タイムカプセル	拝啓タイムカプセル		古屋真	古屋真	小久保祐希、YUU for YOU	小久保祐希;YUU for YOU	放課後クライマックスガールズ(小宮果穂、園田智代子、西城樹里、杜野凛世、有栖川夏葉)	unit	sc			imasdb-091677cbd0e9			unmatched	
sc_放っておかないファイヴァーズ	放っておかないファイヴァーズ	放っておかないファイヴァーズ		古屋真	古屋真	YUU for YOU、常楽寺澪	YUU for YOU;常楽寺澪	放課後クライマックスガールズ(小宮果穂、園田智代子、西城樹里、杜野凛世、有栖川夏葉)	unit	sc			imasdb-5919c37ecd99			unmatched	
sc_放課後マギア	放課後マギア	放課後マギア		古屋真	古屋真	金山秀士(Dream Monster)	金山秀士(Dream Monster)	放課後クライマックスガールズ(小宮果穂、園田智代子、西城樹里、杜野凛世、有栖川夏葉)	unit	sc			imasdb-5b61135228ee			unmatched	
sc_散花-sanka-	散花-sanka-	散花-sanka-		柿沼雅美 (KEYTONE)	柿沼雅美 (KEYTONE)	YOSHIHIRO (KEYTONE)	YOSHIHIRO (KEYTONE)	彼岸流(風野灯織、白瀬咲耶、有栖川夏葉、桑山千雪、和泉愛依)	unit	sc			imasdb-7d9d51c083ed			unmatched	
sc_散花-sanka-_game_size	散花-sanka- (Game Size)	散花-sanka-	Game Size	柿沼雅美 (KEYTONE)	柿沼雅美 (KEYTONE)	YOSHIHIRO (KEYTONE)	YOSHIHIRO (KEYTONE)	和泉愛依、有栖川夏葉、桑山千雪、白瀬咲耶、風野灯織	unit	sc	sc_散花-sanka-	1	imasdb-8452a28f6cc7			unmatched	
sc_文明開花輪舞_-シティハレルヤ-	文明開花輪舞 -シティ・ハレルヤ-	文明開花輪舞 -シティ・ハレルヤ-		真崎エリカ	真崎エリカ	藤井健太郎(HANO)	藤井健太郎(HANO)	アンティーカ(月岡恋鐘、田中摩美々、白瀬咲耶、三峰結華、幽谷霧子)	unit	sc			imasdb-a17e881b661c			unmatched	
sc_明日もbeautiful_day	明日もBeautiful Day	明日もBeautiful Day		鈴木静那	鈴木静那	丸山真由子(Blue Bird's Nest)	丸山真由子(Blue Bird's Nest)	アルストロメリア(大崎甘奈、大崎甜花、桑山千雪)	unit	sc			imasdb-411740bca0e9			unmatched	
sc_星が流れて	星が流れて	星が流れて		渡邊亜希子	渡邊亜希子	山田智和	山田智和	イルミネーションスターズ(櫻木真乃、風野灯織、八宮めぐる)	unit	sc			imasdb-e8c9140c9c0e			unmatched	
sc_星の声	星の声	星の声		秋浦智裕	秋浦智裕	秋浦智裕	秋浦智裕	シャイニーカラーズ(櫻木真乃、風野灯織、八宮めぐる、月岡恋鐘、田中摩美々、白瀬咲耶、三峰結華、幽谷霧子、小宮果穂、園田智代子、西城樹里、杜野凛世、有栖川夏葉、大崎甘奈、大崎甜花、桑山千雪、芹沢あさひ、黛冬優子、和泉愛依、浅倉透、樋口円香、福丸小糸、市川雛菜、七草にちか、緋田美琴、斑鳩ルカ、鈴木羽那、郁田はるき)	all	sc			imasdb-38e95464ea6f			unmatched	
sc_星の数だけ	星の数だけ	星の数だけ		渡邊亜希子	渡邊亜希子	南田健吾(agehasprings Party)	南田健吾(agehasprings Party)	イルミネーションスターズ(櫻木真乃、風野灯織、八宮めぐる)	unit	sc			imasdb-dad7bbb7ccea			unmatched	
sc_星をめざして	星をめざして	星をめざして		下地悠	下地悠	三好啓太	三好啓太	芹沢あさひ	solo	sc			imasdb-88618e0de940			unmatched	
sc_時限式狂騒ワンダーランド	時限式狂騒ワンダーランド	時限式狂騒ワンダーランド		真崎エリカ	真崎エリカ	河田貴央	河田貴央	アンティーカ(月岡恋鐘、田中摩美々、白瀬咲耶、三峰結華、幽谷霧子)	unit	sc			imasdb-7bcdf8d9ea9f			unmatched	
sc_晴れのちバルーン	晴れのちバルーン	晴れのちバルーン		渡邊亜希子	渡邊亜希子	三好啓太	三好啓太	イルミネーションスターズ(櫻木真乃、風野灯織、八宮めぐる)	unit	sc			imasdb-67a978a8eb71			unmatched	
sc_月影のアンシェネ	月影のアンシェネ	月影のアンシェネ		真崎エリカ	真崎エリカ	山崎光(Arte Refact)	山崎光(Arte Refact)	田中摩美々	solo	sc			imasdb-43eed5fe9515			unmatched	
sc_有彩色ユリイカ	有彩色ユリイカ	有彩色ユリイカ		真崎エリカ	真崎エリカ	藤井健太郎(HANO)	藤井健太郎(HANO)	アンティーカ(月岡恋鐘、田中摩美々、白瀬咲耶、三峰結華、幽谷霧子)	unit	sc			imasdb-986ba9ebd99a			unmatched	
sc_未来へのsign	未来へのSign	未来へのSign		秋浦智裕	秋浦智裕	HaTo	HaTo	ノクチル(浅倉透、樋口円香、福丸小糸、市川雛菜)	unit	sc			imasdb-ba7c11d5103d			unmatched	
sc_枕木の歌	枕木の歌	枕木の歌		渡邊亜希子	渡邊亜希子	石黑剛、小久保祐希	石黑剛;小久保祐希	イルミネーションスターズ(櫻木真乃、風野灯織、八宮めぐる)	unit	sc			imasdb-d84a22817212			unmatched	
sc_橙より未来	橙より未来	橙より未来		真崎エリカ	真崎エリカ	めんま	めんま	アンティーカ(月岡恋鐘、田中摩美々、白瀬咲耶、三峰結華、幽谷霧子)	unit	sc			imasdb-f87c62235e3b			unmatched	
sc_永遠色アーチ	永遠色アーチ	永遠色アーチ		RUCCA	RUCCA	菊池博人(KEYTONE)、小池竜暉、Hayato Yamamoto、YUUKI SANO	菊池博人(KEYTONE);小池竜暉;Hayato Yamamoto;YUUKI SANO	Team.Sol(八宮めぐる、白瀬咲耶、西城樹里、有栖川夏葉、桑山千雪、黛冬優子、浅倉透、市川雛菜、七草にちか、郁田はるき)	unit	sc			imasdb-f7f39280440f			unmatched	
sc_泥濘鳴鳴	泥濘鳴鳴	泥濘鳴鳴		出口遼	出口遼	ArmySlick、常楽寺澪	ArmySlick;常楽寺澪	コメティック(斑鳩ルカ、鈴木羽那、郁田はるき)	unit	sc			imasdb-f721472974bd			unmatched	
sc_浮動性イノセンス	浮動性イノセンス	浮動性イノセンス		真崎エリカ	真崎エリカ	ArmySlick、Giz'Mo (from Jam9)	ArmySlick;Giz'Mo (from Jam9)	アンティーカ(月岡恋鐘、田中摩美々、白瀬咲耶、三峰結華、幽谷霧子)	unit	sc			imasdb-77b883650d20			unmatched	
sc_無垢	無垢	無垢		園田健太郎	園田健太郎	ねりきり(KEYTONE)	ねりきり(KEYTONE)	鈴木羽那	solo	sc			imasdb-d9205fc4fd26			unmatched	
sc_無自覚アプリオリ	無自覚アプリオリ	無自覚アプリオリ		出口遼(KEYTONE)	出口遼(KEYTONE)	涼木シンジ(KEYTONE)	涼木シンジ(KEYTONE)	コメティック(斑鳩ルカ、鈴木羽那、郁田はるき)	unit	sc			imasdb-b269f88347cd			unmatched	
sc_疾風ザブングル	疾風ザブングル	疾風ザブングル						放課後クライマックスガールズ	unit	sc			imasdb-23c50973ea1e			unmatched	
sc_相合学舎	相合学舎	相合学舎		古屋真	古屋真	藤井健太郎(HANO)	藤井健太郎(HANO)	放課後クライマックスガールズ×ノクチル(小宮果穂、園田智代子、西城樹里、杜野凛世、有栖川夏葉、浅倉透、樋口円香、福丸小糸、市川雛菜)	unit	sc			imasdb-2f97d2117166			unmatched	
sc_神様は死んだって	神様は死んだ、って	神様は死んだ、って		烏屋茶房	烏屋茶房	水野谷怜(Arte Refact)	水野谷怜(Arte Refact)	斑鳩ルカ	solo	sc			imasdb-d002d4840236			unmatched	
sc_秋の終わり僕の記憶	秋の終わり、僕の記憶	秋の終わり、僕の記憶		真崎エリカ	真崎エリカ	ArmySlick、Giz'Mo (from Jam9)	ArmySlick;Giz'Mo (from Jam9)	アンティーカ(月岡恋鐘、田中摩美々、白瀬咲耶、三峰結華、幽谷霧子)	unit	sc			imasdb-2f6a0703a35a			unmatched	
sc_紅花-benibana-	紅花-benibana-	紅花-benibana-		Eri Osanai	Eri Osanai	ArmySlick、Giz'Mo(from Jam9)	ArmySlick;Giz'Mo(from Jam9)	彼岸流(風野灯織、白瀬咲耶、有栖川夏葉、桑山千雪、和泉愛依)	unit	sc			imasdb-b8e4784bbb1e			unmatched	
sc_紅花-benibana-_game_size	紅花-benibana- (Game Size)	紅花-benibana-	Game Size	Eri Osanai	Eri Osanai	ArmySlick、Giz'Mo(from Jam9)	ArmySlick;Giz'Mo(from Jam9)	和泉愛依、有栖川夏葉、桑山千雪、白瀬咲耶、風野灯織	unit	sc	sc_紅花-benibana-	1	imasdb-9d22015dac0d			unmatched	
sc_純白トロイメライ	純白トロイメライ	純白トロイメライ		真崎エリカ	真崎エリカ	原田篤(Arte Refact)	原田篤(Arte Refact)	アンティーカ(月岡恋鐘、田中摩美々、白瀬咲耶、三峰結華、幽谷霧子)	unit	sc			imasdb-8c9d57e594bc			unmatched	
sc_絶対正義_every_day	絶対正義 EVERY DAY	絶対正義 EVERY DAY		前田甘露	前田甘露	景山将太	景山将太	小宮果穂	solo	sc			imasdb-d6f96f681b3a			unmatched	
sc_虹になれ	虹になれ	虹になれ		中村彼方	中村彼方	藤末樹	藤末樹	イルミネーションスターズ(櫻木真乃、風野灯織、八宮めぐる)	unit	sc			imasdb-653834a140e0			unmatched	
sc_虹の行方	虹の行方	虹の行方		古屋真	古屋真	三好啓太	三好啓太	シャイニーカラーズ(櫻木真乃、風野灯織、八宮めぐる、月岡恋鐘、田中摩美々、白瀬咲耶、三峰結華、幽谷霧子、小宮果穂、園田智代子、西城樹里、杜野凛世、有栖川夏葉、大崎甘奈、大崎甜花、桑山千雪、芹沢あさひ、黛冬優子、和泉愛依、浅倉透、樋口円香、福丸小糸、市川雛菜、七草にちか、緋田美琴)	all	sc			imasdb-26104fba916a			unmatched	
sc_街角メランコリー	街角メランコリー	街角メランコリー		-	-	-	-	ザ・ふたりトラベラー(郁田はるき、櫻木真乃)	unit	sc			imasdb-9569eccb436a			unmatched	
sc_裸足じゃイラレナイ	裸足じゃイラレナイ	裸足じゃイラレナイ		古屋真	古屋真	ats-(Blue Bird's Nest)	ats-(Blue Bird's Nest)	放課後クライマックスガールズ(小宮果穂、園田智代子、西城樹里、杜野凛世、有栖川夏葉)	unit	sc			imasdb-20923b48455f			unmatched	
sc_誰ソ彼アイデンティティー	誰ソ彼アイデンティティー	誰ソ彼アイデンティティー		松井洋平	松井洋平	高尾奏之介	高尾奏之介	田中摩美々	solo	sc			imasdb-66c54c3d5739			unmatched	
sc_輝きにかわる	輝きにかわる	輝きにかわる		くじら	くじら	くじら	くじら	大崎甘奈、市川雛菜、田中摩美々	unit	sc			imasdb-9955d1adc925			unmatched	
sc_迅雷鉄火	迅雷鉄火	迅雷鉄火		古屋真	古屋真	藤井健太郎	藤井健太郎	放課後クライマックスガールズ×ストレイライト(小宮果穂、園田智代子、西城樹里、杜野凛世、有栖川夏葉、芹沢あさひ、黛冬優子、和泉愛依)	unit	sc			imasdb-18d0d469b0a3			unmatched	
sc_進路は超銀河	進路は超銀河	進路は超銀河		古屋真	古屋真	ねりきり(KEYTONE)	ねりきり(KEYTONE)	放課後クライマックスガールズ(小宮果穂、園田智代子、西城樹里、杜野凛世、有栖川夏葉)	unit	sc			imasdb-0af8506c86b8			unmatched	
sc_運命前夜	運命前夜	運命前夜		真崎エリカ	真崎エリカ	都丸椋太(Elements Garden)、近藤世真(Elements Garden)	都丸椋太(Elements Garden);近藤世真(Elements Garden)	アンティーカ(月岡恋鐘、田中摩美々、白瀬咲耶、三峰結華、幽谷霧子)	unit	sc			imasdb-e46093afc308			unmatched	
sc_過純性ブリーチ	過純性ブリーチ	過純性ブリーチ		古屋真	古屋真	大西克巳	大西克巳	西城樹里	solo	sc			imasdb-180072f8ee87			unmatched	
sc_銀翼のアレジアンス_-blade_of_truth-	銀翼のアレジアンス -blade of truth-	銀翼のアレジアンス -blade of truth-		真崎エリカ	真崎エリカ	原田篤(Arte Refact)	原田篤(Arte Refact)	アンティーカ(月岡恋鐘、田中摩美々、白瀬咲耶、三峰結華、幽谷霧子)	unit	sc			imasdb-27dd2607c231			unmatched	
sc_銀翼のアヴニール_-become_the_brave-	銀翼のアヴニール -become the brave-	銀翼のアヴニール -become the brave-		真崎エリカ	真崎エリカ	原田篤(Arte Refact)	原田篤(Arte Refact)	アンティーカ(月岡恋鐘、田中摩美々、白瀬咲耶、三峰結華、幽谷霧子)	unit	sc			imasdb-03b32d52049a			unmatched	
sc_雪月風花	雪・月・風・花	雪・月・風・花		真崎エリカ	真崎エリカ	rionos	rionos	幽谷霧子	solo	sc			imasdb-146777f9ba40			unmatched	
sc_青とオレンジ	青とオレンジ	青とオレンジ		秋浦智裕	秋浦智裕	涼木シンジ(KEYTONE)	涼木シンジ(KEYTONE)	ノクチル(浅倉透、樋口円香、福丸小糸、市川雛菜)	unit	sc			imasdb-eb81bfdbe97b			unmatched	
sc_青空	青空	青空		秋浦智裕(onetrap)	秋浦智裕(onetrap)	渡辺徹(Blue Bird's Nest)	渡辺徹(Blue Bird's Nest)	ノクチル(浅倉透、樋口円香、福丸小糸、市川雛菜)	unit	sc			imasdb-560c5fef9f2d			unmatched	
sc_革命進化論	革命進化論	革命進化論		真崎エリカ	真崎エリカ	伊藤和馬(Arte Refact)	伊藤和馬(Arte Refact)	アンティーカ(月岡恋鐘、田中摩美々、白瀬咲耶、三峰結華、幽谷霧子)	unit	sc			imasdb-78445f32f1f4			unmatched	
sidem_315_steelo	315 Steelo!	315 Steelo!		松井洋平	松井洋平	河田貴央	河田貴央	天道輝、ピエール、渡辺みのり、伊瀬谷四季、蒼井享介、硲道夫、若里春名、舞田類	unit	sidem			imasdb-75f1994b539d			unmatched	
sidem__possibilities	∞ Possibilities	∞ Possibilities		松井洋平	松井洋平	オオヤギヒロオ、南田健吾	オオヤギヒロオ;南田健吾	S.E.M(硲道夫、舞田類、山下次郎)	unit	sidem			imasdb-648a13b80e2b			unmatched	
sidem_a_cup_of_happiness	A CUP OF HAPPINESS	A CUP OF HAPPINESS		松井洋平	松井洋平	EFFY	EFFY	神谷幸広	solo	sidem			imasdb-5a4e267caed4			unmatched	
sidem_after_the_rain	AFTER THE RAIN	AFTER THE RAIN		結城アイラ	結城アイラ	TKC	TKC	W(蒼井享介、蒼井悠介)	unit	sidem			imasdb-d0407312df67			unmatched	
sidem_alice_or_guilty_indies_live_arrange-	Alice or Guilty –Indies Live Arrange-	Alice or Guilty	Indies Live Arrange	上江洲誠	上江洲誠	BNEI(濱本理央)	濱本理央	Jupiter(天ヶ瀬冬馬、御手洗翔太、伊集院北斗)	unit	sidem		1	imasdb-e717b5cf3532			unmatched	
sidem_all_nor_nothing	ALL nOR NOTHING	ALL nOR NOTHING		松井洋平	松井洋平	齋藤大(Dream Monster)	齋藤大(Dream Monster)	神谷幸広、北村想楽、握野英雄、華村翔真、榊夏来、岡村直央	unit	sidem			imasdb-6c48dc29ee69			unmatched	
sidem_aloha_happy_creator	ALOHA! HAPPY CREATOR!	ALOHA! HAPPY CREATOR!		結城アイラ	結城アイラ	奥田もとい	奥田もとい	水嶋咲、姫野かのん、舞田類	unit	sidem			imasdb-6899dd1be3a5			unmatched	
sidem_amazing_moment	Amazing Moment	Amazing Moment		松井洋平	松井洋平	和賀裕希	和賀裕希	VΔLZ(弦月藤士郎、長尾景、甲斐田晴]&DRAMATIC STARS[天道輝、桜庭薫、柏木翼)	unit	sidem			imasdb-6fed372a2017			unmatched	
sidem_amber_color_oasis	Amber Color Oasis	Amber Color Oasis		真崎エリカ	真崎エリカ	信政誠	信政誠	FRAME(握野英雄、木村龍、信玄誠司)	unit	sidem			imasdb-9518e35855bb			unmatched	
sidem_anywhere	ANYWHERE	ANYWHERE		真崎エリカ	真崎エリカ	石井健太郎	石井健太郎	315 STARS(インテリVer.)(伊集院北斗、桜庭薫、神楽麗、鷹城恭二、蒼井享介、握野英雄、猫柳キリオ、冬美旬、榊夏来、黒野玄武、東雲荘一郎、岡村直央、硲道夫、山下次郎、九十九一希、葛之葉雨彦、古論クリス、天峰秀)	unit	sidem			imasdb-7e21a8d6efe6			unmatched	
sidem_around_find_world	Around Find World!	Around Find World!		松井洋平	松井洋平	光増ハジメ	光増ハジメ	S.E.M(硲道夫、舞田類、山下次郎)	unit	sidem			imasdb-203c8a5578d7			unmatched	
sidem_arrive_to_star	ARRIVE TO STAR	ARRIVE TO STAR		松井洋平	松井洋平	本多友紀(Arte Refact)	本多友紀(Arte Refact)	DRAMATIC STARS(天道輝、桜庭薫、柏木翼)	unit	sidem			imasdb-549a8e9c93b0			unmatched	
sidem_asterisk	ASTERISK	ASTERISK		松井洋平	松井洋平	武田将弥(Dream Monster)	武田将弥(Dream Monster)	DRAMATIC STARS(天道輝、桜庭薫、柏木翼)	unit	sidem			imasdb-321aa0f3d265			unmatched	
sidem_attacca_scenery	Attacca Scenery	Attacca Scenery		真崎エリカ	真崎エリカ	本多友紀(Arte Refact)	本多友紀(Arte Refact)	Altessimo(都築圭、神楽麗)	unit	sidem			imasdb-5835663dc594			unmatched	
sidem_avenue_illusion	Avenue Illusion!	Avenue Illusion!		真崎エリカ	真崎エリカ	山口朗彦	山口朗彦	Beit(鷹城恭二、ピエール、渡辺みのり)	unit	sidem			imasdb-a0685719a5f8			unmatched	
sidem_azur	AZUR	AZUR		結城アイラ	結城アイラ	春川仁志	春川仁志	W(蒼井享介、蒼井悠介)	unit	sidem			imasdb-29011019fec0			unmatched	
sidem_back_flipemotion	BACK FLIP☆EMOTION	BACK FLIP☆EMOTION		真崎エリカ	真崎エリカ	YASUSHI WATANABE	YASUSHI WATANABE	御手洗翔太	solo	sidem			imasdb-ddcdd3bdb569			unmatched	
sidem_baile_apasionado	Baile Apasionado	Baile Apasionado		松井洋平	松井洋平	草野将史	草野将史	橘志狼、硲道夫、牙崎漣	unit	sidem			imasdb-f9099dcaa044			unmatched	
sidem_because	Because	Because		結城アイラ	結城アイラ	本多友紀(Arte Refact)	本多友紀(Arte Refact)	桜庭薫	solo	sidem			imasdb-635a406a5a1b			unmatched	
sidem_before_long_delight	Before long, DELIGHT	Before long, DELIGHT		真崎エリカ	真崎エリカ	山口朗彦	山口朗彦	Jupiter(天ヶ瀬冬馬、御手洗翔太、伊集院北斗)	unit	sidem			imasdb-062ee510982f			unmatched	
sidem_beginning_tomorrow	Beginning Tomorrow	Beginning Tomorrow		松井洋平	松井洋平	光増ハジメ	光増ハジメ	天道輝	solo	sidem			imasdb-14cbdb0cf182			unmatched	
sidem_beside_emotion	BeSide Emotion	BeSide Emotion		松井洋平	松井洋平	Dr. Lilcom	Dr. Lilcom	S.E.M(硲道夫、舞田類、山下次郎)	unit	sidem			imasdb-9968da5075f0			unmatched	
sidem_best_wishes	Best Wishes.	Best Wishes.		真崎エリカ	真崎エリカ	遠藤直弥	遠藤直弥	Beit(鷹城恭二、ピエール、渡辺みのり)	unit	sidem			imasdb-35d935c6c119			unmatched	
sidem_bet_your_intuition	Bet your intuition!	Bet your intuition!		結城アイラ	結城アイラ	三好啓太	三好啓太	FRAME&S.E.M&Legenders(握野英雄、木村龍、信玄誠司、硲道夫、舞田類、山下次郎、葛之葉雨彦、北村想楽、古論クリス)	unit	sidem			imasdb-9d5d76d24d15			unmatched	
sidem_beyond_the_dream	Beyond The Dream	Beyond The Dream		BNSI(柿埜嘉奈子)	柿埜嘉奈子	EFFY	EFFY	天ヶ瀬冬馬、御手洗翔太、伊集院北斗、天道輝、桜庭薫、柏木翼、鷹城恭二、ピエール、渡辺みのり、伊瀬谷四季、秋山隼人、若里春名、冬美旬、榊夏来、蒼井享介、蒼井悠介、硲道夫、舞田類、山下次郎、華村翔真、猫柳キリオ、清澄九郎、握野英雄、木村龍、信玄誠司、紅井朱雀、黒野玄武、神谷幸広、東雲荘一郎、アスラン=ベルゼビュートII世、卯月巻緒、水嶋咲、都築圭、神楽麗、大河タケル、牙崎漣、円城寺道流、岡村直央、橘志狼、姫野かのん、秋月涼、九十九一希、兜大吾、葛之葉雨彦、北村想楽、古論クリス	all	sidem			imasdb-b089215446bd			unmatched	
sidem_bitter_sweetアドレセンス	Bitter Sweetアドレセンス	Bitter Sweetアドレセンス		結城アイラ	結城アイラ	アッシュ井上	アッシュ井上	F-LAGS(秋月涼、兜大吾、九十九一希)	unit	sidem			imasdb-0836c02dc08c			unmatched	
sidem_brand_new_field	BRAND NEW FIELD	BRAND NEW FIELD		真崎エリカ	真崎エリカ	山口朗彦	山口朗彦	Jupiter(天ヶ瀬冬馬、御手洗翔太、伊集院北斗)	unit	sidem			imasdb-f6ba3a5f6f74			unmatched	
sidem_braver_beat	Braver Beat	Braver Beat		松井洋平	松井洋平	烏屋茶房、篠崎あやと	烏屋茶房;篠崎あやと	大河タケル、古論クリス、秋山隼人、橘志狼、舞田類、兜大吾	unit	sidem			imasdb-2922afb38e40			unmatched	
sidem_break_all_time	Break All Time!	Break All Time!		松井洋平	松井洋平	藤井健太郎	藤井健太郎	S.E.M(硲道夫、舞田類、山下次郎)	unit	sidem			imasdb-9c6133c0eafd			unmatched	
sidem_bright_sunny_day	BRIGHT SUNNY DAY	BRIGHT SUNNY DAY		結城アイラ	結城アイラ	丸山真由子(Blue Bird's Nest)	丸山真由子(Blue Bird's Nest)	F-LAGS(秋月涼、兜大吾、九十九一希)	unit	sidem			imasdb-1cb4feff40a7			unmatched	
sidem_brightest_awaking	BRIGHTEST AWAKING	BRIGHTEST AWAKING		マイクスギヤマ	マイクスギヤマ	中土智博	中土智博	Jupiter(天ヶ瀬冬馬、御手洗翔太、伊集院北斗)	unit	sidem			imasdb-42bfee40e632			unmatched	
sidem_café_parade	Café Parade!	Café Parade!		松井洋平	松井洋平	大川茂伸	大川茂伸	Café Parade(神谷幸広、東雲荘一郎、アスラン=ベルゼビュートII世、卯月巻緒、水嶋咲)	unit	sidem			imasdb-da46c9e725b3			unmatched	
sidem_calling	CALLING	CALLING		結城アイラ	結城アイラ	家原正樹	家原正樹	神速一魂(紅井朱雀、黒野玄武)	unit	sidem			imasdb-bcfc798c140d			unmatched	
sidem_cast_a_spell	CAST A SPELL	CAST A SPELL		マイクスギヤマ	マイクスギヤマ	Mr.LIVE	Mr.LIVE	伊集院北斗、桜庭薫、榊夏来、葛之葉雨彦	unit	sidem			imasdb-9bd81b5b3f7c			unmatched	
sidem_casually	Casually!	Casually!		結城アイラ	結城アイラ	アッシュ井上(Dream Monster)	アッシュ井上(Dream Monster)	F-LAGS(秋月涼、兜大吾、九十九一希)	unit	sidem			imasdb-7c76cf6a790e			unmatched	
sidem_catch_me_if_you_can	CATCH ME IF YOU CAN	CATCH ME IF YOU CAN		結城アイラ	結城アイラ	本多友紀(Arte Refact)	本多友紀(Arte Refact)	THE 虎牙道(大河タケル、牙崎漣、円城寺道流)	unit	sidem			imasdb-5e5cc3506456			unmatched	
sidem_change_to_chance	Change to Chance	Change to Chance		松井洋平	松井洋平	南田健吾	南田健吾	DRAMATIC STARS(天道輝、桜庭薫、柏木翼)	unit	sidem			imasdb-3b4e2ae9c17d			unmatched	
sidem_cherish_bouquet	Cherish BOUQUET	Cherish BOUQUET		真崎エリカ	真崎エリカ	本多友紀(Arte Refact)	本多友紀(Arte Refact)	渡辺みのり	solo	sidem			imasdb-e52011fdd091			unmatched	
sidem_chocolate_special	Chocolate Special	Chocolate Special		山崎寛子	山崎寛子	近藤秀次	近藤秀次	Café Parade(神谷幸広、東雲荘一郎、アスラン=ベルゼビュートII世、卯月巻緒、水嶋咲)	unit	sidem			imasdb-ac85fa9d4e15			unmatched	
sidem_compass_gripper	Compass Gripper!!!	Compass Gripper!!!		真崎エリカ	真崎エリカ	中土智博	中土智博	FRAME(握野英雄、木村龍、信玄誠司、もふもふえん[岡村直央、橘志狼、姫野かのん、F-LAGS[秋月涼、九十九一希、兜大吾)	unit	sidem			imasdb-e620eeba2bf3			unmatched	
sidem_cool_sensation絶対need	COOL SENSATION〜絶対Need!〜	COOL SENSATION〜絶対Need!〜		マイクスギヤマ	マイクスギヤマ	Mr.LIVE	Mr.LIVE	蒼井享介	solo	sidem			imasdb-245547c945fc			unmatched	
sidem_crown_us_king	CROWN US KING!	CROWN US KING!		真崎エリカ	真崎エリカ	光増ハジメ	光増ハジメ	DRAMATIC STARS、FRAME、彩、High×Joker、神速一魂、THE 虎牙道、F-LAGS、Legenders(天道輝、桜庭薫、柏木翼、握野英雄、木村龍、信玄誠司、華村翔真、猫柳キリオ、清澄九郎、伊瀬谷四季、秋山隼人、若里春名、冬美旬、榊夏来、紅井朱雀、黒野玄武、大河タケル、牙崎漣、円城寺道流、秋月涼、九十九一希、兜大吾、葛之葉雨彦、北村想楽、古論クリス)	unit	sidem			imasdb-9a1ff42b2896			unmatched	
sidem_cupids	♡Cupids!	♡Cupids!		結城アイラ	結城アイラ	山元祐介	山元祐介	F-LAGS(秋月涼、九十九一希、兜大吾)	unit	sidem			imasdb-6bc0e446ccdb			unmatched	
sidem_dance_in_the_school	Dance in the school!	Dance in the school!		松井洋平	松井洋平	桑原佑介	桑原佑介	S.E.M(硲道夫、舞田類、山下次郎)	unit	sidem			imasdb-4fd3aa6b8628			unmatched	
sidem_datetoday	Date.today	Date.today		結城アイラ	結城アイラ	Ryu	Ryu	W(蒼井悠介、蒼井享介)	unit	sidem			imasdb-8f66b0972b80			unmatched	
sidem_dear_my_light	Dear My Light,	Dear My Light,		松井洋平	松井洋平	凛々咲	凛々咲	S.E.M(硲道夫、舞田類、山下次郎)	unit	sidem			imasdb-ea19a42536d4			unmatched	
sidem_dear_you_cheers	Dear you, Cheers!!	Dear you, Cheers!!		山崎寛子	山崎寛子	和賀裕希	和賀裕希	Café Parade(神谷幸広、東雲荘一郎、アスラン=ベルゼビュートII世、卯月巻緒、水嶋咲)	unit	sidem			imasdb-1982a7a4f461			unmatched	
sidem_delicious_delivery	Delicious Delivery	Delicious Delivery		松井洋平	松井洋平	三好啓太	三好啓太	Café Parade(神谷幸広、東雲荘一郎、アスラン=ベルゼビュートII世、卯月巻緒、水嶋咲)	unit	sidem			imasdb-43e1aaa164af			unmatched	
sidem_delight_excursion	Delight Excursion	Delight Excursion		松井洋平	松井洋平	本多友紀(Arte Refact)	本多友紀(Arte Refact)	DRAMATIC STARS(天道輝、桜庭薫、柏木翼)	unit	sidem			imasdb-513e3409c0c6			unmatched	
sidem_determined_soul	Determined Soul	Determined Soul		新谷風太	新谷風太	志村真白	志村真白	円城寺道流	solo	sidem			imasdb-1e80fa5bc99e			unmatched	
sidem_dive_to_gravitation	DIVE to GRAVITATION	DIVE to GRAVITATION		真崎エリカ	真崎エリカ	原田篤(Arte Refact)	原田篤(Arte Refact)	Jupiter(天ヶ瀬冬馬、御手洗翔太、伊集院北斗)	unit	sidem			imasdb-ab38deef9520			unmatched	
sidem_dont_u_worry	Don't U Worry	Don't U Worry		Hayato Yamamoto、Kanata Okajima	Hayato Yamamoto;Kanata Okajima	早川博隆、道場秀三郎、Belex	早川博隆;道場秀三郎;Belex	C.FIRST(天峰秀、花園百々人、眉見鋭心)	unit	sidem			imasdb-5bbc1832482c			unmatched	
sidem_dramatic_anthem	Dramatic Anthem	Dramatic Anthem		松井洋平	松井洋平	本多友紀(Arte Refact)	本多友紀(Arte Refact)	DRAMATIC STARS & S.E.M(天道輝、桜庭薫、柏木翼、硲道夫、舞田類、山下次郎)	unit	sidem			imasdb-66b937044646			unmatched	
sidem_dramatic_nonfiction	DRAMATIC NONFICTION	DRAMATIC NONFICTION		松井洋平	松井洋平	磯崎健史	磯崎健史	DRAMATIC STARS(天道輝、桜庭薫、柏木翼)	unit	sidem			imasdb-a4b4f8379cab			unmatched	
sidem_dream_journey	DREAM JOURNEY	DREAM JOURNEY		松井洋平	松井洋平	遠藤直弥	遠藤直弥	DRAMATIC STARS、Jupiter、Beit、High×Joker、Café Parade、もふもふえん 、F-LAGS(天道輝、桜庭薫、柏木翼、天ヶ瀬冬馬、御手洗翔太、伊集院北斗、鷹城恭二、ピエール、渡辺みのり、伊瀬谷四季、秋山隼人、若里春名、冬美旬、榊夏来、神谷幸広、東雲荘一郎、アスラン=ベルゼビュートII世、卯月巻緒、水嶋咲、岡村直央、橘志狼、姫野かのん、秋月涼、九十九一希、兜大吾)	unit	sidem			imasdb-0ad3a830ffa4			unmatched	
sidem_drive_a_live	DRIVE A LIVE	DRIVE A LIVE		BNSI(柿埜嘉奈子)	柿埜嘉奈子	BNSI(柿埜嘉奈子)	柿埜嘉奈子	315 ALLSTARS	all	sidem			imasdb-7cdcb58861c4			unmatched	
sidem_duckling_soars	Duckling Soars	Duckling Soars		山崎寛子	山崎寛子	佐々木裕	佐々木裕	信玄誠司、東雲荘一郎、九十九一希、花園百々人	unit	sidem			imasdb-03b2d27713ad			unmatched	
sidem_earnest	Earnest	Earnest		結城アイラ	結城アイラ	小松一也	小松一也	神速一魂(紅井朱雀、黒野玄武)	unit	sidem			imasdb-1a0333c2c65b			unmatched	
sidem_echoes_my_note	Echoes My Note	Echoes My Note		真崎エリカ	真崎エリカ	田熊知存	田熊知存	神楽麗	solo	sidem			imasdb-02d39af5f3ae			unmatched	
sidem_eclipse_of_the_heart	Eclipse of the Heart	Eclipse of the Heart		松井洋平	松井洋平	原田篤(Arte Refact)	原田篤(Arte Refact)	Legenders(葛之葉雨彦、北村想楽、古論クリス)	unit	sidem			imasdb-76d0758dc171			unmatched	
sidem_eternal_fantasia	Eternal Fantasia	Eternal Fantasia		松井洋平	松井洋平	小高光太郎・UiNA	小高光太郎;UiNA	Café Parade(神谷幸広、東雲荘一郎、アスラン=ベルゼビュートII世、卯月巻緒、水嶋咲、Altessimo[都築圭、神楽麗、Legenders[葛之葉雨彦、北村想楽、古論クリス)	unit	sidem			imasdb-11617e227b0d			unmatched	
sidem_eterniteen_age	Eterniteen Age!!!	Eterniteen Age!!!		松井洋平	松井洋平	志村真白	志村真白	S.E.M(硲道夫、舞田類、山下次郎)	unit	sidem			imasdb-b0a58a4a00ed			unmatched	
sidem_evolution	√EVOLUTION	√EVOLUTION		松井洋平	松井洋平	折倉俊則	折倉俊則	S.E.M(硲道夫、舞田類、山下次郎)	unit	sidem			imasdb-bef0be2dbe7a			unmatched	
sidem_face_the_world	Face the World	Face the World		Safari Natsukawa	Safari Natsukawa	Zeyun、星野孝文	Zeyun;星野孝文	C.FIRST(天峰秀、花園百々人、眉見鋭心)	unit	sidem			imasdb-6c939c601011			unmatched	
sidem_fantastic_discotheque	FANTASTIC DISCOTHEQUE	FANTASTIC DISCOTHEQUE		結城アイラ	結城アイラ	ナカムラジュンキ(Blue Bird's Nest)	ナカムラジュンキ(Blue Bird's Nest)	F-LAGS(秋月涼、兜大吾、九十九一希)	unit	sidem			imasdb-d265c18a180a			unmatched	
sidem_feeeel_gooood	Feeeel Gooood!	Feeeel Gooood!		マイクスギヤマ	マイクスギヤマ	hana20	hana20	W(蒼井享介、蒼井悠介)	unit	sidem			imasdb-69d77e85e477			unmatched	
sidem_fine_day_find_way	Fine Day! Find Way!	Fine Day! Find Way!		松井洋平	松井洋平	光増ハジメ	光増ハジメ	DRAMATIC STARS & 神速一魂 & F-LAGS(天道輝、桜庭薫、柏木翼、紅井朱雀、黒野玄武、秋月涼、九十九一希、兜大吾)	unit	sidem			imasdb-1309bd79ded0			unmatched	
sidem_fired_up	FIRED UP!	FIRED UP!		結城アイラ	結城アイラ	増田武史	増田武史	神速一魂(紅井朱雀、黒野玄武)	unit	sidem			imasdb-1d21efe38d17			unmatched	
sidem_fireworks_-wanna_be_a_star-	Fireworks -Wanna Be A Star-	Fireworks -Wanna Be A Star-		松井洋平	松井洋平	大西克巳(Blue Bird's Nest)	大西克巳(Blue Bird's Nest)	山下次郎	solo	sidem			imasdb-194eacf633e6			unmatched	
sidem_flash_light	FLASH LIGHT	FLASH LIGHT		Safari Natsukawa	Safari Natsukawa	春川仁志	春川仁志	315 STARS(都築圭、鷹城恭二、榊夏来、花園百々人)	unit	sidem			imasdb-040f2991cc19			unmatched	
sidem_flowing_freedom	Flowing Freedom	Flowing Freedom		松井洋平	松井洋平	本多友紀(Arte Refact)	本多友紀(Arte Refact)	北村想楽	solo	sidem			imasdb-7abbe1d7cc70			unmatched	
sidem_flying_hawk	Flying Hawk	Flying Hawk		真崎エリカ	真崎エリカ	田熊知存	田熊知存	鷹城恭二	solo	sidem			imasdb-d5662d5bc00d			unmatched	
sidem_focus_on_your_life	FOCUS ON YOUR LIFE	FOCUS ON YOUR LIFE		松井洋平	松井洋平	Wiggy	Wiggy	Legenders(葛之葉雨彦、北村想楽、古論クリス)	unit	sidem			imasdb-9326f0970aa2			unmatched	
sidem_friendly_smile	Friendly Smile	Friendly Smile		結城アイラ	結城アイラ	島崎貴光	島崎貴光	315 STARS(メンタルVer.)(柏木翼、御手洗翔太、都築圭、ピエール、蒼井悠介、信玄誠司、華村翔真、清澄九郎、若里春名、神谷幸広、卯月巻緒、姫野かのん、舞田類、秋月涼、北村想楽)	unit	sidem			imasdb-b3f70c9c751d			unmatched	
sidem_from_genius	From Genius	From Genius		結城アイラ	結城アイラ	伊藤和馬(Arte Refact)	伊藤和馬(Arte Refact)	牙崎漣	solo	sidem			imasdb-7fe03ec8b533			unmatched	
sidem_from_teacher_to_future	From Teacher To Future!	From Teacher To Future!		松井洋平	松井洋平	本多友紀(Arte Refact)	本多友紀(Arte Refact)	S.E.M(硲道夫、舞田類、山下次郎)	unit	sidem			imasdb-5e7510eb315e			unmatched	
sidem_fun_fun_festa	Fun! Fun! Festa!	Fun! Fun! Festa!		真崎エリカ	真崎エリカ	矢鴇つかさ (Arte Refact)	矢鴇つかさ (Arte Refact)	Beit(鷹城恭二、ピエール、渡辺みのり)	unit	sidem			imasdb-5cf232698599			unmatched	
sidem_gather_round	Gather Round!	Gather Round!		真崎エリカ	真崎エリカ	志村真白	志村真白	315 ALLSTARS	all	sidem			imasdb-07c5645b6c15			unmatched	
sidem_genesis_contact	Genesis Contact	Genesis Contact		真崎エリカ	真崎エリカ	河田貴央	河田貴央	冬美旬、天ヶ瀬冬馬、都築圭、東雲荘一郎、華村翔真	unit	sidem			imasdb-d371b00aae0a			unmatched	
sidem_genuine_feelings	Genuine feelings	Genuine feelings		結城アイラ	結城アイラ	高田暁	高田暁	冬美旬	solo	sidem			imasdb-56f41768d216			unmatched	
sidem_give_me_fusion	GIVE ME × FUSION	GIVE ME × FUSION		山崎寛子	山崎寛子	陶山隼	陶山隼	卯月巻緒	solo	sidem			imasdb-a34c53bb6a72			unmatched	
sidem_gloria_moment	GLORIA MOMENT	GLORIA MOMENT		真崎エリカ	真崎エリカ	中土智博	中土智博	Jupiter(天ヶ瀬冬馬、御手洗翔太、伊集院北斗)	unit	sidem			imasdb-5e318f36292f			unmatched	
sidem_glorious_rod	GLORIOUS RO@D	GLORIOUS RO@D		松井洋平	松井洋平	渡辺拓也	渡辺拓也	315 STARS(DRAMATIC STARS(天道輝、桜庭薫、柏木翼、Beit[鷹城恭二、ピエール、渡辺みのり、S.E.M[硲道夫、舞田類、山下次郎、High×Joker[伊瀬谷四季、秋山隼人、若里春名、冬美旬、榊夏来、W[蒼井享介、蒼井悠介、Jupiter[天ヶ瀬冬馬、御手洗翔太、伊集院北斗)	unit	sidem			imasdb-9bb98aa806a3			unmatched	
sidem_go_ahead_smile	GO AHEAD SMILE!	GO AHEAD SMILE!		真崎エリカ	真崎エリカ	本田光史郎	本田光史郎	信玄誠司	solo	sidem			imasdb-bfe3af5b3614			unmatched	
sidem_go_for_it	GO FOR IT!!	GO FOR IT!!		松井洋平	松井洋平	脇眞富、山本恭平(Arte Refact)	脇眞富;山本恭平(Arte Refact)	315 STARS(渡辺みのり、信玄誠司、硲道夫、山下次郎、葛之葉雨彦)	unit	sidem			imasdb-bb59146491dc			unmatched	
sidem_go_next	GO NEXT	GO NEXT		Kanata Okajima、Hayato Yamamoto	Kanata Okajima;Hayato Yamamoto	Len	Len	天峰秀	solo	sidem			imasdb-526e9c50e68d			unmatched	
sidem_godspeed_ignition	Godspeed IGNITION!!	Godspeed IGNITION!!		新谷風太	新谷風太	三井真一(Dream Monster)	三井真一(Dream Monster)	神速一魂(紅井朱雀、黒野玄武)	unit	sidem			imasdb-390287e724df			unmatched	
sidem_gold_no79	GOLD 〜No.79〜	GOLD 〜No.79〜		松井洋平	松井洋平	鈴木盛広	鈴木盛広	山下次郎	solo	sidem			imasdb-0bea6562f781			unmatched	
sidem_good_new_morning	GOOD NEW MORNING	GOOD NEW MORNING		松井洋平	松井洋平	塚田耕平(Dream Monster)	塚田耕平(Dream Monster)	DRAMATIC STARS(天道輝、桜庭薫、柏木翼)	unit	sidem			imasdb-d26b5031190b			unmatched	
sidem_grand-new_universe	GRAND-NEW UNIVERSE	GRAND-NEW UNIVERSE		マイクスギヤマ	マイクスギヤマ	日比野裕史(Blue Bird's Nest)	日比野裕史(Blue Bird's Nest)	Jupiter&F-LAGS(天ヶ瀬冬馬、御手洗翔太、伊集院北斗、秋月涼、兜大吾、九十九一希)	unit	sidem			imasdb-2e9c2d6a193d			unmatched	
sidem_great_sympathy	Great Sympathy	Great Sympathy		結城アイラ	結城アイラ	本多友紀(Arte Refact)	本多友紀(Arte Refact)	W(蒼井享介、蒼井悠介)	unit	sidem			imasdb-3dbbab57fcc2			unmatched	
sidem_greeting_charm	GREETING CHARM	GREETING CHARM		真崎エリカ	真崎エリカ	渡辺徹	渡辺徹	御手洗翔太	solo	sidem			imasdb-66b91942be27			unmatched	
sidem_growing_smiles	Growing Smiles!	Growing Smiles!		松井洋平	松井洋平	光増ハジメ	光増ハジメ	315 ALLSTARS(天ヶ瀬冬馬、御手洗翔太、伊集院北斗、天道輝、桜庭薫、柏木翼、鷹城恭二、ピエール、渡辺みのり、伊瀬谷四季、秋山隼人、若里春名、冬美旬、榊夏来、蒼井享介、蒼井悠介、硲道夫、舞田類、山下次郎、華村翔真、猫柳キリオ、清澄九郎、握野英雄、木村龍、信玄誠司、紅井朱雀、黒野玄武、神谷幸広、東雲荘一郎、アスラン=ベルゼビュートII世、卯月巻緒、水嶋咲、都築圭、神楽麗、大河タケル、牙崎漣、円城寺道流、岡村直央、橘志狼、姫野かのん、秋月涼、九十九一希、兜大吾、葛之葉雨彦、北村想楽、古論クリス、天峰秀、花園百々人、眉見鋭心)	all	sidem			imasdb-9aaa7da49e68			unmatched	
sidem_growingroovin	Growin’Groovin’	Growin’Groovin’		結城アイラ	結城アイラ	鈴木航海	鈴木航海	W(蒼井悠介、蒼井享介)	unit	sidem			imasdb-61a5055388e0			unmatched	
sidem_hallo_freunde	Hallo, Freunde!	Hallo, Freunde!		真崎エリカ	真崎エリカ	桑原佑介	桑原佑介	伊集院北斗、冬美旬、アスラン=ベルゼビュートII世、都築圭	unit	sidem			imasdb-36c0aceb8b33			unmatched	
sidem_hanamaru_life	HANAMARU LIFE	HANAMARU LIFE		結城アイラ	結城アイラ	本田光史郎	本田光史郎	兜大吾	solo	sidem			imasdb-0d2ec6b7a70e			unmatched	
sidem_hands_claps	Hands & Claps!	Hands & Claps!		柿埜嘉奈子	柿埜嘉奈子	本田光史郎、星野孝文	本田光史郎;星野孝文	315 ALLSTARS(天ヶ瀬冬馬、御手洗翔太、伊集院北斗、天道輝、桜庭薫、柏木翼、鷹城恭二、ピエール、渡辺みのり、伊瀬谷四季、秋山隼人、若里春名、冬美旬、榊夏来、蒼井享介、蒼井悠介、硲道夫、舞田類、山下次郎、華村翔真、猫柳キリオ、清澄九郎、握野英雄、木村龍、信玄誠司、紅井朱雀、黒野玄武、神谷幸広、東雲荘一郎、アスラン=ベルゼビュートII世、卯月巻緒、水嶋咲、都築圭、神楽麗、大河タケル、牙崎漣、円城寺道流、岡村直央、橘志狼、姫野かのん、秋月涼、九十九一希、兜大吾、葛之葉雨彦、北村想楽、古論クリス、天峰秀、花園百々人、眉見鋭心)	all	sidem			imasdb-557b622fecb3			unmatched	
sidem_happy-go-unlucky	Happy-Go-Unlucky!	Happy-Go-Unlucky!		結城アイラ	結城アイラ	渡邉俊彦(LSMJ)	渡邉俊彦(LSMJ)	木村龍	solo	sidem			imasdb-cc3b69d8f2b9			unmatched	
sidem_happy_starting	HAPPY STARTING	HAPPY STARTING		松井洋平	松井洋平	田熊知存(Dream Monster)	田熊知存(Dream Monster)	Café Parade(神谷幸広、東雲荘一郎、アスラン=ベルゼビュートII世、卯月巻緒、水嶋咲)	unit	sidem			imasdb-af80d6dd50f1			unmatched	
sidem_happyhappyミーティング	HAPPY×HAPPYミーティング	HAPPY×HAPPYミーティング		真崎エリカ	真崎エリカ	原田篤(Arte Refact)	原田篤(Arte Refact)	天ヶ瀬冬馬	solo	sidem			imasdb-08a9423e8df5			unmatched	
sidem_happys_birthday	Happy's Birthday	Happy's Birthday		松井洋平	松井洋平	本多友紀(Arte Refact)	本多友紀(Arte Refact)	S.E.M(硲道夫、舞田類、山下次郎)	unit	sidem			imasdb-6fb31d219214			unmatched	
sidem_heartmade_cookies	Heartmade Cookies	Heartmade Cookies		松井洋平	松井洋平	青木康平	青木康平	Café Parade(神谷幸広、東雲荘一郎、アスラン=ベルゼビュートII世、卯月巻緒、水嶋咲)	unit	sidem			imasdb-1a5f6aa4a1b8			unmatched	
sidem_heat_beat_identity	HEAT BEAT “Identity”	HEAT BEAT “Identity”		新谷風太	新谷風太	フワリ	フワリ	秋山隼人	solo	sidem			imasdb-488402d844ad			unmatched	
sidem_high_jump_no_limit	HIGH JUMP NO LIMIT	HIGH JUMP NO LIMIT		結城アイラ	結城アイラ	光増ハジメ	光増ハジメ	High×Joker(伊瀬谷四季、秋山隼人、若里春名、冬美旬、榊夏来)	unit	sidem			imasdb-73b5ad92776c			unmatched	
sidem_hopes_journey	Hope's Journey	Hope's Journey		結城アイラ	結城アイラ	Haggy Rock	Haggy Rock	F-LAGS(秋月涼、九十九一希、兜大吾)	unit	sidem			imasdb-edc486c81d07			unmatched	
sidem_hot_inspiration世界のテッペンyeah	HOT INSPIRATION〜世界のテッペンYeah!〜	HOT INSPIRATION〜世界のテッペンYeah!〜		マイクスギヤマ	マイクスギヤマ	山口朗彦	山口朗彦	蒼井悠介	solo	sidem			imasdb-0bd34503bbcd			unmatched	
sidem_hundreds_color	Hundreds Color	Hundreds Color		松井洋平	松井洋平	大熊淳生(Arte Refact)	大熊淳生(Arte Refact)	花園百々人	solo	sidem			imasdb-59bcd3e81409			unmatched	
sidem_hungry	Hungry?	Hungry?		結城アイラ	結城アイラ	大西克巳	大西克巳	THE 虎牙道(大河タケル、牙崎漣、円城寺道流)	unit	sidem			imasdb-a152e9018c61			unmatched	
sidem_ill_show_you	I’ll show you	I’ll show you		山崎寛子	山崎寛子	徳田光希、whatsme	徳田光希;whatsme	Legenders(葛之葉雨彦、北村想楽、古論クリス)	unit	sidem			imasdb-c361cc987c3b			unmatched	
sidem_infinite_octave	Infinite Octave!	Infinite Octave!		真崎エリカ	真崎エリカ	小高光太郎・UiNA	小高光太郎;UiNA	Altessimo(都築圭、神楽麗)	unit	sidem			imasdb-b121159968ae			unmatched	
sidem_inner_dignity	Inner Dignity	Inner Dignity		真崎エリカ	真崎エリカ	BNSI(濱本理央)	濱本理央	Jupiter(天ヶ瀬冬馬、御手洗翔太、伊集院北斗)	unit	sidem			imasdb-aabd565c4834			unmatched	
sidem_jokerオールマイティ	JOKER↗オールマイティ	JOKER↗オールマイティ		結城アイラ	結城アイラ	河田貴央	河田貴央	High×Joker(伊瀬谷四季、秋山隼人、若里春名、冬美旬、榊夏来)	unit	sidem			imasdb-293a43060b1e			unmatched	
sidem_journey_joy_blend	Journey JOY Blend	Journey JOY Blend		山崎寛子	山崎寛子	椿山日南子(Dream Monster)	椿山日南子(Dream Monster)	神谷幸広	solo	sidem			imasdb-59e55edfa1e4			unmatched	
sidem_joyful_heart_maker	JOYFUL HEART MAKER	JOYFUL HEART MAKER		結城アイラ	結城アイラ	神田ジョン	神田ジョン	High×Joker(伊瀬谷四季、秋山隼人、若里春名、冬美旬、榊夏来)	unit	sidem			imasdb-7c3719693d40			unmatched	
sidem_karma	KARMA	KARMA		Kanata Okajima、Hayato Yamamoto	Kanata Okajima;Hayato Yamamoto	Mr.LIVE	Mr.LIVE	眉見鋭心	solo	sidem			imasdb-edf9ec6c20f4			unmatched	
sidem_key_to_the_dream	KEY to the DREAM	KEY to the DREAM		真崎エリカ	真崎エリカ	Hanazabu	Hanazabu	ピエール	solo	sidem			imasdb-fc69c20a7918			unmatched	
sidem_know_only	K.now O.nly	K.now O.nly		結城アイラ	結城アイラ	本多友紀(Arte Refact)	本多友紀(Arte Refact)	THE 虎牙道(大河タケル、牙崎漣、円城寺道流)	unit	sidem			imasdb-d9baad651120			unmatched	
sidem_leading_your_dream	LEADING YOUR DREAM	LEADING YOUR DREAM		結城アイラ	結城アイラ	徳田光希	徳田光希	W(蒼井享介、蒼井悠介)	unit	sidem			imasdb-a77d24bfb51a			unmatched	
sidem_learning_message	Learning Message	Learning Message		松井洋平	松井洋平	桑原聖(Arte Refact)	桑原聖(Arte Refact)	硲道夫	solo	sidem			imasdb-72045fcdc2f8			unmatched	
sidem_legacy_of_spirit	Legacy of Spirit	Legacy of Spirit		松井洋平	松井洋平	本多友紀 (Arte Refact)	本多友紀 (Arte Refact)	Legenders(葛之葉雨彦、北村想楽、古論クリス)	unit	sidem			imasdb-7a3ed80046a7			unmatched	
sidem_lets_go	LET'S GO!!	LET'S GO!!		松井洋平	松井洋平	no_my	no_my	315 STARS(フィジカルVer.)(天ヶ瀬冬馬、天道輝、渡辺みのり、木村龍、秋山隼人、伊瀬谷四季、紅井朱雀、アスラン=ベルゼビュートII世、水嶋咲、橘志狼、大河タケル、円城寺道流、牙崎漣、兜大吾)	unit	sidem			imasdb-30b3b404f8c4			unmatched	
sidem_lets_go_all_the_way	LET'S GO ALL THE WAY!	LET'S GO ALL THE WAY!		結城アイラ	結城アイラ	光増ハジメ(FirstCall)	光増ハジメ(FirstCall)	High×Joker(伊瀬谷四季、秋山隼人、若里春名、冬美旬、榊夏来)	unit	sidem			imasdb-565a6b1b60e1			unmatched	
sidem_lets_have	LET'S HAVE!	LET'S HAVE!		結城アイラ	結城アイラ	樽井朋弥	樽井朋弥	神楽麗、渡辺みのり、アスラン=ベルゼビュートII世、秋月涼	unit	sidem			imasdb-cee49626a2b4			unmatched	
sidem_life_is_beautiful	Life is Beautiful!	Life is Beautiful!		松井洋平	松井洋平	矢鴇つかさ(Arte Refact)	矢鴇つかさ(Arte Refact)	舞田類	solo	sidem			imasdb-07f44ad66eeb			unmatched	
sidem_lifes_side_menu	Life’s Side Menu!	Life’s Side Menu!		松井洋平	松井洋平	清田直人	清田直人	S.E.M(硲道夫、舞田類、山下次郎)	unit	sidem			imasdb-198c58cf39f3			unmatched	
sidem_like_a_rolling_donuts	Like a Rolling Donuts!!	Like a Rolling Donuts!!		新谷風太	新谷風太	西川サスケ	西川サスケ	若里春名	solo	sidem			imasdb-b84721519bee			unmatched	
sidem_live_in_your_smile	LIVE in your SMILE	LIVE in your SMILE		真崎エリカ	真崎エリカ	KOHTA YAMAMOTO	KOHTA YAMAMOTO	Altessimo、W、FRAME、彩、神速一魂、S.E.M、THE 虎牙道、Legenders(都築圭、神楽麗、蒼井享介、蒼井悠介、握野英雄、木村龍、信玄誠司、華村翔真、猫柳キリオ、清澄九郎、紅井朱雀、黒野玄武、硲道夫、舞田類、山下次郎、大河タケル、牙崎漣、円城寺道流、葛之葉雨彦、北村想楽、古論クリス、神楽麗、蒼井享介、蒼井悠介、握野英雄、木村龍、信玄誠司、華村翔真、猫柳キリオ、清澄九郎、紅井朱雀、黒野玄武、硲道夫、舞田類、山下次郎、大河タケル、牙崎漣、円城寺道流、葛之葉雨彦、北村想楽、古論クリス)	unit	sidem			imasdb-f5804769c9e6			unmatched	
sidem_made_in_	Made in「 ♪ 」	Made in「 ♪ 」		結城アイラ	結城アイラ	アッシュ井上(Dream Monster)	アッシュ井上(Dream Monster)	F-LAGS(秋月涼、兜大吾、九十九一希)	unit	sidem			imasdb-0a84583e9554			unmatched	
sidem_magic_of_princess	Magic of Princess	Magic of Princess		山崎寛子	山崎寛子	浅利進吾	浅利進吾	Beit(鷹城恭二、ピエール、渡辺みのり)	unit	sidem			imasdb-fc27c233a97e			unmatched	
sidem_make_new_legend	Make New Legend	Make New Legend		松井洋平	松井洋平	本多友紀(Arte Refact)	本多友紀(Arte Refact)	Legenders(葛之葉雨彦、北村想楽、古論クリス)	unit	sidem			imasdb-878fe15e0aa5			unmatched	
sidem_make_up_magic	Make up↑ Magic	Make up↑ Magic		松井洋平	松井洋平	本澤尚之、田尻知之(note native)	本澤尚之;田尻知之(note native)	水嶋咲	solo	sidem			imasdb-361f40d5566d			unmatched	
sidem_meet_the_world	MEET THE WORLD!	MEET THE WORLD!		真崎エリカ	真崎エリカ	山口朗彦	山口朗彦	315 ALLSTARS	all	sidem			imasdb-e077215a8b2f			unmatched	
sidem_mermaid_fermata	mermaid fermata	mermaid fermata		真崎エリカ	真崎エリカ	小高光太郎・UiNA	小高光太郎;UiNA	Altessimo(神楽麗、都築圭)	unit	sidem			imasdb-b8abe8aa5182			unmatched	
sidem_meteoric_swarm	Meteoric Swarm	Meteoric Swarm		松井洋平	松井洋平	日比野裕史(Blue Bird's Nest)	日比野裕史(Blue Bird's Nest)	Legenders(葛之葉雨彦、北村想楽、古論クリス)	unit	sidem			imasdb-ae259f01eaaa			unmatched	
sidem_miraculous_white_day	Miraculous White Day	Miraculous White Day		結城アイラ	結城アイラ	丸山真由子(Blue Bird's Nest)	丸山真由子(Blue Bird's Nest)	THE 虎牙道(大河タケル、牙崎漣、円城寺道流)	unit	sidem			imasdb-3ca28feffc4c			unmatched	
sidem_mirror_of_truth	MIRROR of TRUTH	MIRROR of TRUTH		真崎エリカ	真崎エリカ	濱田幹浩	濱田幹浩	Beit(鷹城恭二、ピエール、渡辺みのり)	unit	sidem			imasdb-adbd4fd38469			unmatched	
sidem_mission_is_ピースフル	MISSION is ピースフル!	MISSION is ピースフル!		真崎エリカ	真崎エリカ	磯崎健史	磯崎健史	FRAME(握野英雄、木村龍、信玄誠司)	unit	sidem			imasdb-86a614369f92			unmatched	
sidem_mixxxxxed	Mixxxxxed!!	Mixxxxxed!!		新谷風太	新谷風太	Haggy Rock(Dream Monster)	Haggy Rock(Dream Monster)	High×Joker(秋山隼人、冬美旬、榊夏来、若里春名、伊瀬谷四季)	unit	sidem			imasdb-056643294ce2			unmatched	
sidem_moon_nightのせいにして	MOON NIGHTのせいにして	MOON NIGHTのせいにして		結城アイラ	結城アイラ	本多友紀(Arte Refact)	本多友紀(Arte Refact)	DRAMATIC STARS(天道輝、桜庭薫、柏木翼)	unit	sidem			imasdb-b52899c80317			unmatched	
sidem_moon_shape明鏡止水	Moon Shape/明鏡止水	Moon Shape/明鏡止水		新谷風太	新谷風太	めんま	めんま	黒野玄武	solo	sidem			imasdb-a06bd9e46373			unmatched	
sidem_multiple_entertainment_show	Multiple Entertainment Show!	Multiple Entertainment Show!		松井洋平	松井洋平	桑原佑介	桑原佑介	S.E.M(硲道夫、舞田類、山下次郎)	unit	sidem			imasdb-e4ec19e35d91			unmatched	
sidem_my_pen_light_smile	My pen light, SMILE	My pen light, SMILE		松井洋平	松井洋平	no_my	no_my	柏木翼、華村翔真、東雲荘一郎、円城寺道流	unit	sidem			imasdb-6e1636973b45			unmatched	
sidem_my_starry_song	My Starry Song	My Starry Song		山崎寛子	山崎寛子	JunPayer	JunPayer	桜庭薫	solo	sidem			imasdb-2b6e6ecbc161			unmatched	
sidem_never_endopus	Never end「Opus」	Never end「Opus」		真崎エリカ	真崎エリカ	小高光太郎・UiNA	小高光太郎;UiNA	Altessimo(都築圭、神楽麗)	unit	sidem			imasdb-22184db916cc			unmatched	
sidem_next_stage	NEXT STAGE!	NEXT STAGE!		柿埜嘉奈子	柿埜嘉奈子	EFFY	EFFY	(SideM NEW STAGE共通曲)	unit	sidem			imasdb-9541055457bd			unmatched	
sidem_not_alone	Not Alone	Not Alone		Kanata Okajima	Kanata Okajima	本多友紀(Arte Refact)	本多友紀(Arte Refact)	C.FIRST(天峰秀、花園百々人、眉見鋭心)	unit	sidem			imasdb-0c6039e8cb3a			unmatched	
sidem_nothing_to_lose	“NOTHING TO LOSE”	“NOTHING TO LOSE”		松井洋平	松井洋平	光増ハジメ	光増ハジメ	Legenders(葛之葉雨彦、北村想楽、古論クリス)	unit	sidem			imasdb-1f8d0c059118			unmatched	
sidem_one_life	ONE LIFE	ONE LIFE		結城アイラ	結城アイラ	丸山真由子(Blue Bird's Nest)	丸山真由子(Blue Bird's Nest)	Beit & 神速一魂(鷹城恭二、ピエール、渡辺みのり、紅井朱雀、黒野玄武)	unit	sidem			imasdb-d2a238e40069			unmatched	
sidem_one_to_dream	ONE to DREAM!	ONE to DREAM!		山崎寛子	山崎寛子	本多友紀(Arte Refact)	本多友紀(Arte Refact)	FRAME(握野英雄、木村龍、信玄誠司)	unit	sidem			imasdb-06f11841e3a3			unmatched	
sidem_our_colorful_stage	Our Colorful Stage!!!	Our Colorful Stage!!!		柿埜嘉奈子	柿埜嘉奈子	Yu (vague)	Yu (vague)	315 STARS(天道輝、桜庭薫、柏木翼、伊瀬谷四季、秋山隼人、若里春名、冬美旬、榊夏来、天峰秀、花園百々人、眉見鋭心)	unit	sidem			imasdb-18a769afe09a			unmatched	
sidem_our_song_-それは世界でひとつだけ-	OUR SONG -それは世界でひとつだけ-	OUR SONG -それは世界でひとつだけ-		結城アイラ	結城アイラ	本田光史郎	本田光史郎	High×Joker(伊瀬谷 四季、秋山隼人、若里春名、冬美旬、榊夏来)	unit	sidem			imasdb-0f414c060b7b			unmatched	
sidem_over_again	Over AGAIN	Over AGAIN		真崎エリカ	真崎エリカ	山田竜平	山田竜平	Jupiter(天ヶ瀬冬馬、御手洗翔太、伊集院北斗)	unit	sidem			imasdb-e8d11442e033			unmatched	
sidem_panoramas_fanfare	Panorama's Fanfare	Panorama's Fanfare		真崎エリカ	真崎エリカ	浅利進吾	浅利進吾	Altessimo(都築圭、神楽麗)	unit	sidem			imasdb-4a1231952aa2			unmatched	
sidem_pavé_étoiles	Pavé Étoiles	Pavé Étoiles		松井洋平	松井洋平	丸山真由子	丸山真由子	Café Parade(神谷幸広、東雲荘一郎、アスラン=ベルゼビュートII世、卯月巻緒、水嶋咲)	unit	sidem			imasdb-0559b3744fbb			unmatched	
sidem_permafrost	PERMAFROST	PERMAFROST		松井洋平	松井洋平	水永ここ	水永ここ	Legenders(葛之葉雨彦、北村想楽、古論クリス)	unit	sidem			imasdb-1ae719285e15			unmatched	
sidem_piece_montee	Piece Montee	Piece Montee		松井洋平	松井洋平	矢鴇つかさ(Arte Refact)	矢鴇つかさ(Arte Refact)	東雲荘一郎	solo	sidem			imasdb-866b20a28ba7			unmatched	
sidem_planet_scape	Planet scape	Planet scape		真崎エリカ	真崎エリカ	Kon-K	Kon-K	Jupiter(天ヶ瀬冬馬、御手洗翔太、伊集院北斗)	unit	sidem			imasdb-782596bd57cf			unmatched	
sidem_platinum_mask	Platinum MASK	Platinum MASK		真崎エリカ	真崎エリカ	桑原佑介	桑原佑介	Beit(鷹城恭二、ピエール、渡辺みのり)	unit	sidem			imasdb-e025938f4ae5			unmatched	
sidem_play_for_fun-tasy	PLAY FOR FUN-TASY	PLAY FOR FUN-TASY		マイクスギヤマ	マイクスギヤマ	OzaShin	OzaShin	W(蒼井享介、蒼井悠介)	unit	sidem			imasdb-8b1228957aff			unmatched	
sidem_pleasure_forever	Pleasure Forever	Pleasure Forever		結城アイラ	結城アイラ	本田光史郎	本田光史郎	W(蒼井享介、蒼井悠介)	unit	sidem			imasdb-4e84aae4d34e			unmatched	
sidem_pleasureforever	Pleasure Forever...	Pleasure Forever...		結城アイラ	結城アイラ	本田光史郞	本田光史郞	蒼井享介、蒼井悠介	unit	sidem			imasdb-f157bcd0a3e3			unmatched	
sidem_plus_1_good_day	Plus 1 Good Day!	Plus 1 Good Day!		真崎エリカ	真崎エリカ	アッシュ井上(Dream Monster)	アッシュ井上(Dream Monster)	FRAME(握野英雄、木村龍、信玄誠司)	unit	sidem			imasdb-a5ee45b2b011			unmatched	
sidem_poker_faith_-ポーカーフェイス-	POKER FAITH -ポーカーフェイス-	POKER FAITH -ポーカーフェイス-		真崎エリカ	真崎エリカ	石井健太郎	石井健太郎	315 STARS(インテリ Ver.)(桜庭薫、伊集院北斗、神楽麗、鷹城恭二、蒼井享介、握野英雄、猫柳キリオ、冬美旬、榊夏来、黒野玄武、東雲荘一郎、岡村直央、硲道夫、山下次郎、九十九一希、葛之葉雨彦、古論クリス)	unit	sidem			imasdb-d59ea747ace0			unmatched	
sidem_poppin_planet	POPPIN' PLANET	POPPIN' PLANET		結城アイラ	結城アイラ	藤井健太郎(HANO)	藤井健太郎(HANO)	High×Joker(伊瀬谷四季、秋山隼人、若里春名、冬美旬、榊夏来)	unit	sidem			imasdb-d4d088a80747			unmatched	
sidem_possession_mind	Possession Mind	Possession Mind		真崎エリカ	真崎エリカ	遠藤直弥	遠藤直弥	鷹城恭二	solo	sidem			imasdb-e0316dedf043			unmatched	
sidem_precious_love	precious love	precious love		Safari Natsukawa	Safari Natsukawa	春川仁志	春川仁志	315 STARS(伊瀬谷四季、岡村直央、牙崎漣、古論クリス)	unit	sidem			imasdb-6065c944502d			unmatched	
sidem_precious_ordinary_days	Precious ordinary days	Precious ordinary days		マイクスギヤマ	マイクスギヤマ	叶人、小高光太郎、牧野太洋	叶人;小高光太郎;牧野太洋	Altessimo(都築圭、神楽麗)	unit	sidem			imasdb-ce0472605a37			unmatched	
sidem_precious_tone	PRECIOUS TONE	PRECIOUS TONE		結城アイラ	結城アイラ	小野貴光	小野貴光	秋山隼人	solo	sidem			imasdb-a4e5a172958f			unmatched	
sidem_present_for_you_a_day_in_the_café	Present For You!!!!! ~A day in the café~	Present For You!!!!! ~A day in the café~		松井洋平	松井洋平	桑原佑介	桑原佑介	Café Parade(神谷幸広、東雲荘一郎、アスラン=ベルゼビュートII世、卯月巻緒、水嶋咲)	unit	sidem			imasdb-95993d1f4850			unmatched	
sidem_pride_star	PRIDE STAR	PRIDE STAR		BNSI(柿埜嘉奈子)	柿埜嘉奈子	本多友紀(Arte Refact)	本多友紀(Arte Refact)	315 ALLSTARS(天ヶ瀬冬馬、御手洗翔太、伊集院北斗、天道輝、桜庭薫、柏木翼、鷹城恭二、ピエール、渡辺みのり、伊瀬谷四季、秋山隼人、若里春名、冬美旬、榊夏来、蒼井享介、蒼井悠介、硲道夫、舞田類、山下次郎、華村翔真、猫柳キリオ、清澄九郎、握野英雄、木村龍、信玄誠司、紅井朱雀、黒野玄武、神谷幸広、東雲荘一郎、アスラン=ベルゼビュートII世、卯月巻緒、水嶋咲、都築圭、神楽麗、大河タケル、牙崎漣、円城寺道流、岡村直央、橘志狼、姫野かのん、秋月涼、九十九一希、兜大吾、葛之葉雨彦、北村想楽、古論クリス)	all	sidem			imasdb-03ce0d0c8fbf			unmatched	
sidem_prize_pinata	PRIZE PINATA!	PRIZE PINATA!		松井洋平	松井洋平	ByRIN	ByRIN	High×Joker&Café Parade(伊瀬谷四季、秋山隼人、若里春名、冬美旬、榊夏来、神谷幸広、東雲荘一郎、アスラン=ベルゼビュートII世、卯月巻緒、水嶋咲)	unit	sidem			imasdb-85cf386d5fd6			unmatched	
sidem_proof_of_oneself	PROOF OF ONESELF	PROOF OF ONESELF		結城アイラ	結城アイラ	中野領太	中野領太	THE 虎牙道(大河タケル、牙崎漣、円城寺道流)	unit	sidem			imasdb-4fca6c0a33a1			unmatched	
sidem_purelykindly	Purely&Kindly	Purely&Kindly		真崎エリカ	真崎エリカ	新田目駿	新田目駿	ピエール、榊夏来、蒼井享介、清澄九郎	unit	sidem			imasdb-9845528a455c			unmatched	
sidem_quod_erat_demonstrandum	Quod Erat Demonstrandum	Quod Erat Demonstrandum		マイクスギヤマ	マイクスギヤマ	本多友紀(Arte Refact)	本多友紀(Arte Refact)	硲道夫	solo	sidem			imasdb-0b6c2bd21856			unmatched	
sidem_radiance_of_heart	Radiance of Heart	Radiance of Heart		松井洋平	松井洋平	原田篤(Arte Refact)	原田篤(Arte Refact)	葛之葉雨彦	solo	sidem			imasdb-7cf9848e8ada			unmatched	
sidem_radiant_letter	Radiant Letter	Radiant Letter		真崎エリカ	真崎エリカ	佐々木裕	佐々木裕	Jupiter(天ヶ瀬冬馬、伊集院北斗、御手洗翔太)	unit	sidem			imasdb-e6a36ca15e93			unmatched	
sidem_rainy_memories	Rainy Memories	Rainy Memories		松井洋平	松井洋平	成瀬裕介	成瀬裕介	DRAMATIC STARS(天道輝、桜庭薫、柏木翼)	unit	sidem			imasdb-bd8b441ae3c3			unmatched	
sidem_ray_of_light	RAY OF LIGHT	RAY OF LIGHT		結城アイラ	結城アイラ	矢鴇つかさ (Arte Refact)	矢鴇つかさ (Arte Refact)	THE 虎牙道(大河タケル、牙崎漣、円城寺道流)	unit	sidem			imasdb-841e55082a5f			unmatched	
sidem_re_rainbow	Re RAINBOW	Re RAINBOW		新谷風太	新谷風太	加藤冴人	加藤冴人	THE 虎牙道(大河タケル、牙崎漣、円城寺道流)	unit	sidem			imasdb-63ac2ffbf731			unmatched	
sidem_reason	Reason!!	Reason!!		松井洋平	松井洋平	EFFY	EFFY	315 STARS(DRAMATIC STARS(天道輝、桜庭薫、柏木翼、Beit[鷹城恭二、ピエール、渡辺みのり、S.E.M[硲道夫、舞田類、山下次郎、High×Joker[伊瀬谷四季、秋山隼人、若里春名、冬美旬、榊夏来、W[蒼井享介、蒼井悠介、Jupiter[天ヶ瀬冬馬、御手洗翔太、伊集院北斗)	unit	sidem			imasdb-3bcc359e8aa0			unmatched	
sidem_red_hot_beat	RED HOT BEAT!!	RED HOT BEAT!!		松井洋平	松井洋平	no_my	no_my	315 STARS(フィジカルVer.)(天ヶ瀬冬馬、天道輝、渡辺みのり、木村龍、秋山隼人、伊瀬谷四季、紅井朱雀、アスラン=ベルゼビュートII世、水嶋咲、橘志狼、大河タケル、円城寺道流、牙崎漣、兜大吾、眉見鋭心)	unit	sidem			imasdb-de3b30d96596			unmatched	
sidem_reflection_breakers	Reflection BREAKERS	Reflection BREAKERS		新谷風太	新谷風太	ミディ	ミディ	THE 虎牙道(大河タケル、牙崎漣、円城寺道流)	unit	sidem			imasdb-c6f500b3a50d			unmatched	
sidem_resolution	Resolution	Resolution		結城アイラ	結城アイラ	光増ハジメ	光増ハジメ	大河タケル	solo	sidem			imasdb-fadad1176720			unmatched	
sidem_resonate_blessing	Resonate Blessing	Resonate Blessing		真崎エリカ	真崎エリカ	矢野達也	矢野達也	都築圭	solo	sidem			imasdb-58d2fdc48524			unmatched	
sidem_reversed_masquerade	Reversed Masquerade	Reversed Masquerade		松井洋平	松井洋平	本多友紀(Arte Refact)	本多友紀(Arte Refact)	Café Parade(神谷幸広、東雲荘一郎、アスラン=ベルゼビュートII世、卯月巻緒、水嶋咲)	unit	sidem			imasdb-55fbcf35075f			unmatched	
sidem_right_way_soul_mate	RIGHT WAY, SOUL MATE	RIGHT WAY, SOUL MATE		松井洋平	松井洋平	清水昭男	清水昭男	神速一魂(紅井朱雀、黒野玄武)	unit	sidem			imasdb-8cf1a68ada4a			unmatched	
sidem_road_to_the_future	ROAD TO THE FUTURE	ROAD TO THE FUTURE		結城アイラ	結城アイラ	河田貴央	河田貴央	円城寺道流	solo	sidem			imasdb-9b33e7ebd8f9			unmatched	
sidem_romantic_shaker	ROMANTIC SHAKER	ROMANTIC SHAKER		真崎エリカ	真崎エリカ	石井健太郎	石井健太郎	伊集院北斗	solo	sidem			imasdb-fe4f141faba6			unmatched	
sidem_route77	ROUTE77	ROUTE77		結城アイラ	結城アイラ	増田武史	増田武史	神速一魂(紅井朱雀、黒野玄武)	unit	sidem			imasdb-fa437748baa3			unmatched	
sidem_rule_牙ヲ穿テヨ	RULE 〜牙ヲ穿テヨ〜	RULE 〜牙ヲ穿テヨ〜		結城アイラ	結城アイラ	草野将史	草野将史	牙崎漣	solo	sidem			imasdb-582e94fadc72			unmatched	
sidem_saillightsail	Sail→Light→Sail	Sail→Light→Sail		山崎寛子	山崎寛子	福田陽司	福田陽司	古論クリス	solo	sidem			imasdb-7ff8a44e9e28			unmatched	
sidem_sanctuary_world	Sanctuary World	Sanctuary World		真崎エリカ	真崎エリカ	廣澤優也・藤井亮太	廣澤優也;藤井亮太	都築圭	solo	sidem			imasdb-2a37b775bc33			unmatched	
sidem_sash_of_smile	SASH OF SMILE	SASH OF SMILE		結城アイラ	結城アイラ	石田秀登	石田秀登	兜大吾	solo	sidem			imasdb-b15dd85c6ba9			unmatched	
sidem_scorebook_memories	SCOREBOOK Memories	SCOREBOOK Memories		新谷風太	新谷風太	フワリ	フワリ	冬美旬	solo	sidem			imasdb-0fcc2f18c4b6			unmatched	
sidem_season_in_the_five	SEASON IN THE FIVE	SEASON IN THE FIVE		結城アイラ	結城アイラ	アッシュ井上(Dream Monster)	アッシュ井上(Dream Monster)	High×Joker(伊瀬谷四季、秋山隼人、若里春名、冬美旬、榊夏来)	unit	sidem			imasdb-86c51505a7f0			unmatched	
sidem_secret_light	Secret Light	Secret Light		Safari Natsukawa	Safari Natsukawa	春川仁志	春川仁志	Legenders(葛之葉雨彦、北村想楽、古論クリス、花園百々人、眉見鋭心)	unit	sidem			imasdb-1d9afe21844e			unmatched	
sidem_secret_ornament	Secret Ornament	Secret Ornament		真崎エリカ	真崎エリカ	茨木わたる(MYSTICAL NIGHT)	茨木わたる(MYSTICAL NIGHT)	Beit(鷹城恭二、ピエール、渡辺みのり)	unit	sidem			imasdb-0d8de5b138a5			unmatched	
sidem_secretplayfuldrive	Secret!Playful!Drive!	Secret!Playful!Drive!		結城アイラ	結城アイラ	三好啓太	三好啓太	S.E.M&Jupiter(硲道夫、舞田類、山下次郎、天ヶ瀬冬馬、御手洗翔太、伊集院北斗)	unit	sidem			imasdb-cba3e4482639			unmatched	
sidem_sign_of_hope	Sign of Hope	Sign of Hope		真崎エリカ	真崎エリカ	矢野達也	矢野達也	Altessimo(都築圭、神楽麗)	unit	sidem			imasdb-342893b52c9e			unmatched	
sidem_singing_explorers	Singing Explorers	Singing Explorers		松井洋平	松井洋平	武田将弥(Dream Monster)	武田将弥(Dream Monster)	Altessimo&彩&High×Joker(神楽麗、都築圭、華村翔真、猫柳キリオ、清澄九郎、伊瀬谷四季、秋山隼人、若里春名、冬美旬、榊夏来)	unit	sidem			imasdb-eeda5eb056e5			unmatched	
sidem_smiles_in_wonderland	Smiles In Wonderland!	Smiles In Wonderland!		結城アイラ	結城アイラ	青海佑樹	青海佑樹	High×Joker(伊瀬谷四季、秋山隼人、若里春名、冬美旬、榊夏来)	unit	sidem			imasdb-51a10f755880			unmatched	
sidem_smiling_platter	Smiling Platter!	Smiling Platter!		松井洋平	松井洋平	三好啓太	三好啓太	Café Parade(神谷幸広、東雲荘一郎、アスラン=ベルゼビュートII世、卯月巻緒、水嶋咲)	unit	sidem			imasdb-b1e95373553b			unmatched	
sidem_soothing_place	SOOTHING PLACE	SOOTHING PLACE		真崎エリカ	真崎エリカ	h-wonder	h-wonder	FRAME(握野英雄、木村龍、信玄誠司)	unit	sidem			imasdb-4f67e9cc1003			unmatched	
sidem_spacy_paradise	SPACY PARADISE	SPACY PARADISE		マイクスギヤマ	マイクスギヤマ	大西克巳	大西克巳	Jupiter(天ヶ瀬冬馬、御手洗翔太、伊集院北斗)	unit	sidem			imasdb-6458ce6b48d5			unmatched	
sidem_sparkle_sign	SPARKLE SIGN	SPARKLE SIGN		山崎寛子	山崎寛子	廣中トキワ	廣中トキワ	木村龍	solo	sidem			imasdb-3d2b62b10d0b			unmatched	
sidem_star_over_star	STAR over STAR	STAR over STAR		山崎寛子	山崎寛子	山崎光(Arte Refact)	山崎光(Arte Refact)	DRAMATIC STARS(天道輝、桜庭薫、柏木翼)	unit	sidem			imasdb-f2daafc78dda			unmatched	
sidem_starlight_celebrate	STARLIGHT CELEBRATE!	STARLIGHT CELEBRATE!		松井洋平	松井洋平	EFFY	EFFY	DRAMATIC STARS(天道輝、桜庭薫、柏木翼)	unit	sidem			imasdb-71f6166893f6			unmatched	
sidem_starting	S!T!A!R!ting	S!T!A!R!ting		山崎寛子	山崎寛子	アッシュ井上(Dream Monster)	アッシュ井上(Dream Monster)	DRAMATIC STARS(天道輝、桜庭薫、柏木翼)	unit	sidem			imasdb-a3c31ece4175			unmatched	
sidem_stay_tuned_orbit	STAY TUNED ORBIT	STAY TUNED ORBIT		真崎エリカ	真崎エリカ	山口朗彦	山口朗彦	Jupiter(天ヶ瀬冬馬、御手洗翔太、伊集院北斗)	unit	sidem			imasdb-b68a8f17bfd9			unmatched	
sidem_stillnessmovement	Stillness≒Movement	Stillness≒Movement		結城アイラ	結城アイラ	家原正樹、SUNHEE	家原正樹;SUNHEE	神速一魂(紅井朱雀、黒野玄武)	unit	sidem			imasdb-d7f5b5e5fa43			unmatched	
sidem_stories	Stories	Stories		Kanata Okajima	Kanata Okajima	鈴木航海	鈴木航海	山下次郎、ピエール、冬美旬、黒野玄武、卯月巻緒、北村想楽	unit	sidem			imasdb-f3edb32ac79b			unmatched	
sidem_string_of_fate	String of Fate	String of Fate		松井洋平	松井洋平	原田篤 (Arte Refact)	原田篤 (Arte Refact)	Legenders(葛之葉雨彦、北村想楽、古論クリス)	unit	sidem			imasdb-e87bf0a6d16c			unmatched	
sidem_study_equal_magic	Study Equal Magic!	Study Equal Magic!		松井洋平	松井洋平	岡本健介	岡本健介	S.E.M(硲道夫、舞田類、山下次郎)	unit	sidem			imasdb-c0480fcceb5b			unmatched	
sidem_sugaring_off_party	Sugaring Off Party!	Sugaring Off Party!		松井洋平	松井洋平	板垣祐介	板垣祐介	秋山隼人、卯月巻緒、神楽麗、岡村直央	unit	sidem			imasdb-0b05218023d7			unmatched	
sidem_sunny_day_perfect_day	Sunny day, Perfect day	Sunny day, Perfect day		Safari Natsukawa	Safari Natsukawa	Mitsu.J(Digz, Inc. Group)、ladyhood(Digz, Inc. Group)	Mitsu.J(Digz, Inc. Group);ladyhood(Digz, Inc. Group)	C.FIRST(天峰秀、花園百々人、眉見鋭心)	unit	sidem			imasdb-599d62dcfd20			unmatched	
sidem_sunrise_dreamer	Sunrise Dreamer	Sunrise Dreamer		松井洋平	松井洋平	BNSI(大澤めい)	大澤めい	DRAMATIC STARS(天道輝、桜庭薫、柏木翼)	unit	sidem			imasdb-bf1ddcb124b6			unmatched	
sidem_sunsetcolors	Sunset★Colors	Sunset★Colors		結城アイラ	結城アイラ	本田光史郎	本田光史郎	High×Joker(伊瀬谷四季、秋山隼人、若里春名、冬美旬、榊夏来)	unit	sidem			imasdb-0460b7babc77			unmatched	
sidem_super_kick_rap	SUPER KICK & RAP	SUPER KICK & RAP		マイクスギヤマ	マイクスギヤマ	桑原佑介	桑原佑介	W(蒼井享介、蒼井悠介)	unit	sidem			imasdb-3a5d299ce5e9			unmatched	
sidem_supernova	SUPERNOVA	SUPERNOVA		新谷風太	新谷風太	オタユキ、加藤祐平	オタユキ;加藤祐平	THE 虎牙道(大河タケル、牙崎漣、円城寺道流)	unit	sidem			imasdb-5feee42e7fc2			unmatched	
sidem_supreme_stars_	SUPREME STARS !!!	SUPREME STARS !!!		柿埜嘉奈子	柿埜嘉奈子	EFFY	EFFY	315 ALLSTARS(天ヶ瀬冬馬、御手洗翔太、伊集院北斗、天道輝、桜庭薫、柏木翼、鷹城恭二、ピエール、渡辺みのり、伊瀬谷四季、秋山隼人、若里春名、冬美旬、榊夏来、蒼井享介、蒼井悠介、硲道夫、舞田類、山下次郎、華村翔真、猫柳キリオ、清澄九郎、握野英雄、木村龍、信玄誠司、紅井朱雀、黒野玄武、神谷幸広、東雲荘一郎、アスラン=ベルゼビュートII世、卯月巻緒、水嶋咲、都築圭、神楽麗、大河タケル、牙崎漣、円城寺道流、岡村直央、橘志狼、姫野かのん、秋月涼、九十九一希、兜大吾、葛之葉雨彦、北村想楽、古論クリス、天峰秀、花園百々人、眉見鋭心)	all	sidem			imasdb-f8f5a7ceec12			unmatched	
sidem_supreme_stars_who_goes_first_ver	SUPREME STARS !!! (Who goes first Ver.)	SUPREME STARS !!!	Who goes first Ver.	柿埜嘉奈子	柿埜嘉奈子	EFFY	EFFY	アスラン=ベルゼビュートII世、ピエール、九十九一希、伊瀬谷四季、伊集院北斗、信玄誠司、兜大吾、円城寺道流、冬美旬、北村想楽、卯月巻緒、古論クリス、大河タケル、天ヶ瀬冬馬、天峰秀、天道輝、姫野かのん、山下次郎、岡村直央、御手洗翔太、握野英雄、木村龍、東雲荘一郎、柏木翼、桜庭薫、榊夏来、橘志狼、水嶋咲、清澄九郎、渡辺みのり、牙崎漣、猫柳キリオ、眉見鋭心、硲道夫、神楽麗、神谷幸広、秋山隼人、秋月涼、紅井朱雀、舞田類、花園百々人、若里春名、華村翔真、葛之葉雨彦、蒼井享介、蒼井悠介、都築圭、鷹城恭二、黒野玄武	all	sidem	sidem_supreme_stars_	1	imasdb-2a39ef6bef2d			unmatched	
sidem_sweep_your_gloom	Sweep Your Gloom	Sweep Your Gloom		松井洋平	松井洋平	小野貴光	小野貴光	葛之葉雨彦	solo	sidem			imasdb-36d6c07db8d7			unmatched	
sidem_sweet_diamant	Sweet Diamant	Sweet Diamant		山崎寛子	山崎寛子	本澤尚之、田尻知之(note native)	本澤尚之;田尻知之(note native)	東雲荘一郎	solo	sidem			imasdb-71bc36fe4d3e			unmatched	
sidem_swing_your_leaves	Swing Your Leaves	Swing Your Leaves		真崎エリカ	真崎エリカ	田中俊亮	田中俊亮	FRAME(握野英雄、木村龍、信玄誠司)	unit	sidem			imasdb-f66f0afd3b5a			unmatched	
sidem_symphonic_brave	Symphonic Brave	Symphonic Brave		松井洋平	松井洋平	山本恭平(Arte Refact)	山本恭平(Arte Refact)	Legenders(葛之葉雨彦、北村想楽、古論クリス)	unit	sidem			imasdb-a13a2c62fe59			unmatched	
sidem_take_a_stump	Take a StuMp!	Take a StuMp!		松井洋平	松井洋平	志村真白	志村真白	315 ALLSTARS(天ヶ瀬冬馬、御手洗翔太、伊集院北斗、天道輝、桜庭薫、柏木翼、鷹城恭二、ピエール、渡辺みのり、伊瀬谷四季、秋山隼人、若里春名、冬美旬、榊夏来、蒼井享介、蒼井悠介、硲道夫、舞田類、山下次郎、華村翔真、猫柳キリオ、清澄九郎、握野英雄、木村龍、信玄誠司、紅井朱雀、黒野玄武、神谷幸広、東雲荘一郎、アスラン=ベルゼビュートII世、卯月巻緒、水嶋咲、都築圭、神楽麗、大河タケル、牙崎漣、円城寺道流、岡村直央、橘志狼、姫野かのん、秋月涼、九十九一希、兜大吾、葛之葉雨彦、北村想楽、古論クリス、天峰秀、花園百々人、眉見鋭心)	all	sidem			imasdb-f6e4fe433e83			unmatched	
sidem_teatime_cliché	Teatime Cliché	Teatime Cliché		松井洋平	松井洋平	丸山真由子	丸山真由子	Café Parade(神谷幸広、東雲荘一郎、アスラン=ベルゼビュートII世、卯月巻緒、水嶋咲)	unit	sidem			imasdb-96c1e41259b3			unmatched	
sidem_the_1st_movement_未来のための二重奏	The 1st Movement 〜未来のための二重奏〜	The 1st Movement 〜未来のための二重奏〜		真崎エリカ	真崎エリカ	小高光太郎・UiNA	小高光太郎;UiNA	Altessimo(都築圭、神楽麗)	unit	sidem			imasdb-2402291cfe3e			unmatched	
sidem_the_first_star	THE FIRST STAR	THE FIRST STAR		結城アイラ	結城アイラ	EFFY	EFFY	天道輝	solo	sidem			imasdb-6ba7e8cc5e00			unmatched	
sidem_the_radical_joker	The Radical JOKER	The Radical JOKER		新谷風太	新谷風太	アオワイファイ	アオワイファイ	High×Joker(秋山隼人、冬美旬、榊夏来、若里春名、伊瀬谷四季)	unit	sidem			imasdb-b76c19ae8be0			unmatched	
sidem_the_symphonic_daylight	The Symphonic Daylight	The Symphonic Daylight		マイクスギヤマ	マイクスギヤマ	小高光太郎・矢野達也・UiNA	小高光太郎;矢野達也;UiNA	Altessimo(都築圭、神楽麗)	unit	sidem			imasdb-03346de9bbd9			unmatched	
sidem_this_is_it	THIS IS IT!	THIS IS IT!		松井洋平	松井洋平	矢鴇つかさ(Arte Refact)	矢鴇つかさ(Arte Refact)	舞田類	solo	sidem			imasdb-c4630b9111b9			unmatched	
sidem_tick_tack_voice	Tick Tack Voice	Tick Tack Voice		真崎エリカ	真崎エリカ	本多友紀(Arte Refact)	本多友紀(Arte Refact)	信玄誠司	solo	sidem			imasdb-e150242f68cf			unmatched	
sidem_time_before_time	Time Before Time	Time Before Time		松井洋平	松井洋平	玉木千尋	玉木千尋	Legenders(葛之葉雨彦、北村想楽、古論クリス)	unit	sidem			imasdb-53541feff541			unmatched	
sidem_tomorrow_diamond	TOMORROW DIAMOND	TOMORROW DIAMOND		真崎エリカ	真崎エリカ	本多友紀(Arte Refact)	本多友紀(Arte Refact)	Beit(鷹城恭二、ピエール、渡辺みのり)	unit	sidem			imasdb-6c3f93538736			unmatched	
sidem_tomorrow_gazer	Tomorrow Gazer	Tomorrow Gazer		真崎エリカ	真崎エリカ	丸山真由子	丸山真由子	天ヶ瀬冬馬	solo	sidem			imasdb-8228279f006a			unmatched	
sidem_tones_destiny	Tone's Destiny	Tone's Destiny		真崎エリカ	真崎エリカ	小高光太郎・UiNA	小高光太郎;UiNA	Altessimo(都築圭、神楽麗)	unit	sidem			imasdb-42451322c836			unmatched	
sidem_toward_pole_star	Toward Pole Star	Toward Pole Star		結城アイラ	結城アイラ	志村真白	志村真白	High×Joker(伊瀬谷四季、秋山隼人、若里春名、冬美旬、榊夏来)	unit	sidem			imasdb-30f3d5ad4661			unmatched	
sidem_tricolor_rendezvous	Tricolor Rendezvous	Tricolor Rendezvous		マイクスギヤマ	マイクスギヤマ	前迫潤哉・Dr. Lilcom・春川仁志	前迫潤哉;Dr. Lilcom;春川仁志	F-LAGS(秋月涼、兜大吾、九十九一希)	unit	sidem			imasdb-4c8cb92f80ab			unmatched	
sidem_true_horizon	True Horizon	True Horizon		松井洋平	松井洋平	原田篤(Arte Refact)	原田篤(Arte Refact)	天ヶ瀬冬馬、天道輝、天峰秀	unit	sidem			imasdb-d6016e88b146			unmatched	
sidem_trust_me_now	Trust me now	Trust me now		Kanata Okajima、Hayato Yamamoto	Kanata Okajima;Hayato Yamamoto	伊藤和馬(Arte Refact)	伊藤和馬(Arte Refact)	C.FIRST(天峰秀、花園百々人、眉見鋭心)	unit	sidem			imasdb-029c96f25661			unmatched	
sidem_ultimate_flame	ULTIMATE FLAME	ULTIMATE FLAME		真崎エリカ	真崎エリカ	ヒゲドライバー	ヒゲドライバー	FRAME(握野英雄、木村龍、信玄誠司)	unit	sidem			imasdb-1186038e266d			unmatched	
sidem_undiscovered_world	Undiscovered WORLD	Undiscovered WORLD		松井洋平	松井洋平	三浦誠司	三浦誠司	古論クリス	solo	sidem			imasdb-4456e8259864			unmatched	
sidem_victory_believer	VICTORY BELIEVER	VICTORY BELIEVER		結城アイラ	結城アイラ	山口朗彦	山口朗彦	W(蒼井享介、蒼井悠介)	unit	sidem			imasdb-5b733760e002			unmatched	
sidem_vivamente	Vivamente!	Vivamente!		マイクスギヤマ	マイクスギヤマ	藤井健太郎(HANO)	藤井健太郎(HANO)	Altessimo(都築圭、神楽麗)	unit	sidem			imasdb-675980e8982a			unmatched	
sidem_vivaファミリーリズム	VIVA!!ファミリーリズム	VIVA!!ファミリーリズム		結城アイラ	結城アイラ	鈴木裕哉・藤原彩豊	鈴木裕哉;藤原彩豊	W(蒼井悠介、蒼井享介)	unit	sidem			imasdb-aa96bbbdb2fc			unmatched	
sidem_vsbelievers	vs.BELIEVERS	vs.BELIEVERS		新谷風太	新谷風太	オタユキ、柿迫ヒカル	オタユキ;柿迫ヒカル	W & THE 虎牙道(蒼井享介、蒼井悠介、大河タケル、牙崎漣、円城寺道流)	unit	sidem			imasdb-d2b25d1db0a5			unmatched	
sidem_watchword	Watchword	Watchword		結城アイラ	結城アイラ	信政誠	信政誠	W(蒼井悠介、蒼井享介)	unit	sidem			imasdb-1983e19c219e			unmatched	
sidem_waving_flags	Waving FLAGS	Waving FLAGS		結城アイラ	結城アイラ	酒井拓也(Arte Refact)	酒井拓也(Arte Refact)	F-LAGS(秋月涼、九十九一希、兜大吾)	unit	sidem			imasdb-b6b047beea04			unmatched	
sidem_welcome_to_japan	Welcome to Japan!	Welcome to Japan!		松井洋平	松井洋平	ats-	ats-	鷹城恭二、信玄誠司、伊瀬谷四季、北村想楽	unit	sidem			imasdb-5eedac3e666e			unmatched	
sidem_well_find_a_way	We’ll find a way	We’ll find a way		Kanata Okajima、Tayuto Nakasu	Kanata Okajima;Tayuto Nakasu	Junya Maesako、after all	Junya Maesako;after all	C.FIRST(天峰秀、花園百々人、眉見鋭心)	unit	sidem			imasdb-2e61e72d9e23			unmatched	
sidem_were_the_one	We're the one	We're the one		Kanata Okajima	Kanata Okajima	本多友紀(Arte Refact)	本多友紀(Arte Refact)	C.FIRST(天峰秀、花園百々人、眉見鋭心)	unit	sidem			imasdb-c21dc91159b3			unmatched	
sidem_white_starlit_night	White Starlit Night	White Starlit Night		山崎寛子	山崎寛子	本多友紀(Arte Refact)	本多友紀(Arte Refact)	DRAMATIC STARS(天道輝、桜庭薫、柏木翼)	unit	sidem			imasdb-520e85866aac			unmatched	
sidem_withstory	With...STORY	With...STORY		結城アイラ	結城アイラ	斎藤仁久・小高光太郎	斎藤仁久;小高光太郎	F-LAGS(秋月涼、九十九一希、兜大吾)	unit	sidem			imasdb-faa9506b2a9e			unmatched	
sidem_wonderful_tactics	“W”onderful Tactics!	“W”onderful Tactics!		松井洋平	松井洋平	渡辺和紀	渡辺和紀	蒼井享介	solo	sidem			imasdb-0fedc9c413ee			unmatched	
sidem_wonderlanders_party	Wonderlander's Party	Wonderlander's Party		松井洋平	松井洋平	錦織孝宏(TRYTONELABO)	錦織孝宏(TRYTONELABO)	天ヶ瀬冬馬、握野英雄、卯月巻緒、牙崎漣	unit	sidem			imasdb-b62e65acbd50			unmatched	
sidem_worldwide_ambitions	“W”orldwide Ambitions!	“W”orldwide Ambitions!		松井洋平	松井洋平	渡辺和紀	渡辺和紀	蒼井悠介	solo	sidem			imasdb-06cc91c452f9			unmatched	
sidem_yell_of_delight	YELL OF DELIGHT	YELL OF DELIGHT		結城アイラ	結城アイラ	アッシュ井上(Dream Monster)	アッシュ井上(Dream Monster)	W(蒼井享介、蒼井悠介)	unit	sidem			imasdb-f2ebd23401f7			unmatched	
sidem_yell_song	Yell Song	Yell Song		結城アイラ	結城アイラ	大西克巳(Blue Bird's Nest)	大西克巳(Blue Bird's Nest)	秋月涼	solo	sidem			imasdb-5095f29dc000			unmatched	
sidem_yellow	YELLOW!	YELLOW!		Safari Natsukawa	Safari Natsukawa	渡辺和紀	渡辺和紀	木村龍、清澄九郎、岡村直央、舞田類	unit	sidem			imasdb-a90f8cf2f782			unmatched	
sidem_your_nobility	Your Nobility	Your Nobility		松井洋平	松井洋平	原田篤(Arte Refact)	原田篤(Arte Refact)	桜庭薫、黒野玄武、九十九一希	unit	sidem			imasdb-0df55964d178			unmatched	
sidem_youre	you’re	you’re		山崎寛子	山崎寛子	本田光史郎	本田光史郎	北村想楽	solo	sidem			imasdb-09d975f5088f			unmatched	
sidem_à_la_carte_freedom	À La Carte FREEDOM♪	À La Carte FREEDOM♪		松井洋平	松井洋平	江並哲志	江並哲志	Café Parade(神谷幸広、東雲荘一郎、アスラン=ベルゼビュートII世、卯月巻緒、水嶋咲)	unit	sidem			imasdb-dfc3e15e339f			unmatched	
sidem_いつかこの瞬間に名前をつけるなら	いつかこの瞬間に名前をつけるなら	いつかこの瞬間に名前をつけるなら		松井洋平	松井洋平	光増ハジメ	光増ハジメ	High×Joker&W(伊瀬谷四季、秋山隼人、若里春名、冬美旬、榊夏来、蒼井享介、蒼井悠介)	unit	sidem			imasdb-1da5d3ab683d			unmatched	
sidem_いつかのトライアングル	いつかのトライアングル	いつかのトライアングル		結城アイラ	結城アイラ	山口朗彦	山口朗彦	Jupiter&Beit&THE 虎牙道(天ヶ瀬冬馬、御手洗翔太、伊集院北斗、鷹城恭二、ピエール、渡辺みのり、大河タケル、牙崎漣、円城寺道流)	unit	sidem			imasdb-17dd41830b41			unmatched	
sidem_いとをかし一彩合彩	いとをかし!〜一彩×合彩〜	いとをかし!〜一彩×合彩〜		松井洋平	松井洋平	流歌	流歌	彩(猫柳キリオ、華村翔真、清澄九郎)	unit	sidem			imasdb-15412528ed6e			unmatched	
sidem_うぇるかむはぴきらパーク	うぇるかむ・はぴきらパーク!	うぇるかむ・はぴきらパーク!		真崎エリカ	真崎エリカ	山本翔馬	山本翔馬	もふもふえん(岡村直央、橘志狼、姫野かのん)	unit	sidem			imasdb-66963505b020			unmatched	
sidem_かざぐるま_windy_road	かざぐるま 〜Windy Road〜	かざぐるま 〜Windy Road〜		松井洋平	松井洋平	三好啓太	三好啓太	Jupiter(天ヶ瀬冬馬、御手洗翔太、伊集院北斗)	unit	sidem			imasdb-8fd1111b5763			unmatched	
sidem_からふるとれじゃわるど	からふる・とれじゃ~わ~るど!	からふる・とれじゃ~わ~るど!		真崎エリカ	真崎エリカ	桑原佑介	桑原佑介	もふもふえん(岡村直央、橘志狼、姫野かのん)	unit	sidem			imasdb-d265b55e1b3f			unmatched	
sidem_そだてったいむかぷせる	そだてっ!たいむかぷせる	そだてっ!たいむかぷせる		真崎エリカ	真崎エリカ	ヒゲドライバー	ヒゲドライバー	もふもふえん(岡村直央、橘志狼、姫野かのん)	unit	sidem			imasdb-ddf7ff2ccf22			unmatched	
sidem_その場所へ行くために-keep_on_fighting-	その場所へ行くために-KEEP ON FIGHTING-	その場所へ行くために-KEEP ON FIGHTING-		結城アイラ	結城アイラ	EFFY	EFFY	大河タケル	solo	sidem			imasdb-fba00ef457fd			unmatched	
sidem_その場所へ行くためにkeeponfightingrule〜牙ヲ穿テヨ〜battlemix	その場所へ行くために-KEEP ON FIGHTING- × RULE 〜牙ヲ穿テヨ〜 BATTLE MIX	その場所へ行くために-KEEP ON FIGHTING- × RULE 〜牙ヲ穿テヨ〜 BATTLE MIX							cover	sidem			imasdb-d7cc541eeca6			unmatched	
sidem_だいぶいんとぅにゅわあるど	だいぶ・いんとぅ・にゅ〜・わあるど!	だいぶ・いんとぅ・にゅ〜・わあるど!		松井洋平	松井洋平	本田光史郎	本田光史郎	猫柳キリオ	solo	sidem			imasdb-fb5d685e9d45			unmatched	
sidem_てのうえで踊るメヌエット	てのうえで踊るメヌエット	てのうえで踊るメヌエット		新谷風太	新谷風太	志記(sixth floor)	志記(sixth floor)	ピエール、伊瀬谷四季、紅井朱雀、北村想楽	unit	sidem			imasdb-a751b403c895			unmatched	
sidem_はるかぜバトン	はるかぜバトン	はるかぜバトン		真崎エリカ	真崎エリカ	アオワイファイ	アオワイファイ	もふもふえん(岡村直央、橘志狼、姫野かのん)	unit	sidem			imasdb-d3d829bb3cb5			unmatched	
sidem_はんどめいどきみはーと	はんどめいど・きみはーと!	はんどめいど・きみはーと!		真崎エリカ	真崎エリカ	桑原佑介	桑原佑介	もふもふえん(岡村直央、橘志狼、姫野かのん)	unit	sidem			imasdb-de04b8bc431c			unmatched	
sidem_ぴんとこな_蝶よ華よ	ぴんとこな 〜蝶よ華よ〜	ぴんとこな 〜蝶よ華よ〜		松井洋平	松井洋平	廣澤優也	廣澤優也	華村翔真	solo	sidem			imasdb-31307e1b4b4d			unmatched	
sidem_ふわもこシフォンなゆめのなか	ふわもこシフォンなゆめのなか♪	ふわもこシフォンなゆめのなか♪		真崎エリカ	真崎エリカ	本多友紀(Arte Refact)	本多友紀(Arte Refact)	姫野かのん	solo	sidem			imasdb-cfc6b55a5d8b			unmatched	
sidem_ほっぷすてっぷハイしーぷ	ほっぷ・すてっぷ・ハイ、しーぷ!	ほっぷ・すてっぷ・ハイ、しーぷ!		真崎エリカ	真崎エリカ	桑原佑介	桑原佑介	岡村直央	solo	sidem			imasdb-f35042b537ce			unmatched	
sidem_ぽっぷこーんくろーぜっと	ぽっぷこーん・くろーぜっと!	ぽっぷこーん・くろーぜっと!		真崎エリカ	真崎エリカ	アオワイファイ	アオワイファイ	姫野かのん	solo	sidem			imasdb-9f45362c6f30			unmatched	
sidem_ましゅまろ色のまほう使い	*ましゅまろ色のまほう使い*	*ましゅまろ色のまほう使い*		真崎エリカ	真崎エリカ	藤原彩豊	藤原彩豊	もふもふえん(岡村直央、橘志狼、姫野かのん)	unit	sidem			imasdb-e721486cdc07			unmatched	
sidem_また明日の約束を	「また明日」の約束を	「また明日」の約束を		山崎寛子	山崎寛子	鈴木航海	鈴木航海	FRAME(握野英雄、木村龍、信玄誠司)	unit	sidem			imasdb-51f3076cc981			unmatched	
sidem_もくろみインディアnight	もくろみインディアNight	もくろみインディアNight		結城アイラ	結城アイラ	桑原佑介	桑原佑介	天ヶ瀬冬馬、猫柳キリオ、秋月涼	unit	sidem			imasdb-d787060988af			unmatched	
sidem_もっふいんざぼっくす	もっふ・いんざぼっくす♪	もっふ・いんざぼっくす♪		真崎エリカ	真崎エリカ	渡邉俊彦	渡邉俊彦	もふもふえん(岡村直央、橘志狼、姫野かのん)	unit	sidem			imasdb-f9c60f88cfdb			unmatched	
sidem_もふきゅとデイズ	もふ・きゅ~と・デイズ☆	もふ・きゅ~と・デイズ☆		新谷風太	新谷風太	志村真白	志村真白	もふもふえん(岡村直央、橘志狼、姫野かのん)	unit	sidem			imasdb-be26ff80320a			unmatched	
sidem_もふっとゆにばぁすとらべら	もふっと・ゆにばぁ〜す・とらべら〜!	もふっと・ゆにばぁ〜す・とらべら〜!		真崎エリカ	真崎エリカ	佐藤厚仁(Dream Monster)	佐藤厚仁(Dream Monster)	もふもふえん(岡村直央、橘志狼、姫野かのん)	unit	sidem			imasdb-99ef618f1ba9			unmatched	
sidem_もふデビうぉんてっど	もふデビ★うぉんてっど	もふデビ★うぉんてっど		新谷風太	新谷風太	大西克巳(Blue Bird's Nest)	大西克巳(Blue Bird's Nest)	もふもふえん(岡村直央、橘志狼、姫野かのん)	unit	sidem			imasdb-5cd251fd483e			unmatched	
sidem_ゆきゆきて華やかに	ゆきゆきて華やかに	ゆきゆきて華やかに		新谷風太	新谷風太	草野将史	草野将史	清澄九郎	solo	sidem			imasdb-3ee2784f9d27			unmatched	
sidem_らんまん開花	らんまん開花!	らんまん開花!		新谷風太	新谷風太	高木龍一(Dream Monster)	高木龍一(Dream Monster)	彩(猫柳キリオ、華村翔真、清澄九郎)	unit	sidem			imasdb-256268512e5c			unmatched	
sidem_わんだふる哉人生	わんだふる哉、人生!	わんだふる哉、人生!		松井洋平	松井洋平	KoTa	KoTa	猫柳キリオ	solo	sidem			imasdb-b9b2661ab21f			unmatched	
sidem_わんだーまーちんぐ	わんだー×まーちんぐ!	わんだー×まーちんぐ!		真崎エリカ	真崎エリカ	大熊淳生(Arte Refact)	大熊淳生(Arte Refact)	もふもふえん(岡村直央、橘志狼、姫野かのん)	unit	sidem			imasdb-27e67396c2cb			unmatched	
sidem_アトモスフィア	アトモスフィア	アトモスフィア		真崎エリカ	真崎エリカ	前迫潤哉・サイトウリョースケ・春川仁志	前迫潤哉;サイトウリョースケ;春川仁志	握野英雄	solo	sidem			imasdb-739232b56bd4			unmatched	
sidem_アニマフォルトゥナ	アニマ・フォルトゥナ	アニマ・フォルトゥナ		真崎エリカ	真崎エリカ	小高光太郎	小高光太郎	蒼井享介、秋月涼、信玄誠司、清澄九郎、蒼井悠介、天道輝、若里春名、水嶋咲、紅井朱雀	unit	sidem			imasdb-13884d4526ee			unmatched	
sidem_エウレカダイアリー	エウレカダイアリー	エウレカダイアリー		真崎エリカ	真崎エリカ	本多友紀 (Arte Refact)	本多友紀 (Arte Refact)	Beit(鷹城恭二、ピエール、渡辺みのり、舞田類、山下次郎)	unit	sidem			imasdb-9f0783cf6cd2			unmatched	
sidem_オモイノウタ	オモイノウタ	オモイノウタ		結城アイラ	結城アイラ	白戸佑輔(Dream Monster)	白戸佑輔(Dream Monster)	神速一魂(紅井朱雀、黒野玄武)	unit	sidem			imasdb-5248768e6d77			unmatched	
sidem_オレたちの最強伝説一世一代破羅駄威棲	オレたちの最強伝説〜一世一代、破羅駄威棲!〜	オレたちの最強伝説〜一世一代、破羅駄威棲!〜		結城アイラ	結城アイラ	渡辺和紀	渡辺和紀	神速一魂(紅井朱雀、黒野玄武)	unit	sidem			imasdb-dbf54a0f17dd			unmatched	
sidem_オーロラモーメント	オーロラ・モーメント	オーロラ・モーメント		真崎エリカ	真崎エリカ	加藤冴人	加藤冴人	神楽麗	solo	sidem			imasdb-a4552e8ef28f			unmatched	
sidem_カラフルシンメトリー	カラフル・シンメトリー	カラフル・シンメトリー		山崎寛子	山崎寛子	鶴﨑輝一	鶴﨑輝一	渡辺みのり	solo	sidem			imasdb-0d21e3076235			unmatched	
sidem_カレイド_tourhythm	カレイド TOURHYTHM	カレイド TOURHYTHM		真崎エリカ	真崎エリカ	徳田光希	徳田光希	Jupiter(天ヶ瀬冬馬、御手洗翔太、伊集院北斗、蒼井悠介)	unit	sidem			imasdb-609da0474770			unmatched	
sidem_キセキ的_starry-tune	キセキ的 STARRY-TUNE!!!!!	キセキ的 STARRY-TUNE!!!!!		新谷風太	新谷風太	光増ハジメ	光増ハジメ	High×Joker(伊瀬谷四季、秋山隼人、若里春名、冬美旬、榊夏来)	unit	sidem			imasdb-bd4d99a53e9b			unmatched	
sidem_サイコーcount_up	サイコーCOUNT UP!	サイコーCOUNT UP!		結城アイラ	結城アイラ	本多友紀(Arte Refact)	本多友紀(Arte Refact)	伊瀬谷四季	solo	sidem			imasdb-7dd2c9d05349			unmatched	
sidem_サヨナラ_summer_holiday	サ・ヨ・ナ・ラ Summer Holiday	サ・ヨ・ナ・ラ Summer Holiday		松井洋平	松井洋平	伊藤賢	伊藤賢	S.E.M(硲道夫、舞田類、山下次郎)	unit	sidem			imasdb-b3cf798efc20			unmatched	
sidem_スカイスケープノート	スカイスケープノート	スカイスケープノート		山崎寛子	山崎寛子	近藤秀次	近藤秀次	柏木翼	solo	sidem			imasdb-c6be3771d8ac			unmatched	
sidem_スターチスを束にして	スターチスを束にして	スターチスを束にして		山崎寛子	山崎寛子	浅原康浩	浅原康浩	FRAME(握野英雄、木村龍、信玄誠司)	unit	sidem			imasdb-51db760781ab			unmatched	
sidem_スマイルエンゲージ	スマイル・エンゲージ	スマイル・エンゲージ		真崎エリカ	真崎エリカ	山口朗彦	山口朗彦	Beit(鷹城恭二、ピエール、渡辺みのり)	unit	sidem			imasdb-5bee2d581c04			unmatched	
sidem_スリーブレス	スリーブレス	スリーブレス		真崎エリカ	真崎エリカ	金子雄紀	金子雄紀	FRAME(握野英雄、木村龍、信玄誠司)	unit	sidem			imasdb-8456ed83a0aa			unmatched	
sidem_セブンデイズアルペジオ	セブンデイズ・アルペジオ	セブンデイズ・アルペジオ		新谷風太	新谷風太	大熊淳生(Arte Refact)	大熊淳生(Arte Refact)	High×Joker(伊瀬谷四季、秋山隼人、若里春名、冬美旬、榊夏来)	unit	sidem			imasdb-511750fbfb02			unmatched	
sidem_タソガレドキbluesy	タソガレドキ、Bluesy	タソガレドキ、Bluesy		結城アイラ	結城アイラ	増田武史	増田武史	神速一魂(紅井朱雀、黒野玄武)	unit	sidem			imasdb-6187458aeff4			unmatched	
sidem_ダイヤモンドメゾフォルテ	ダイヤモンド・メゾフォルテ	ダイヤモンド・メゾフォルテ		新谷風太	新谷風太	西川サスケ	西川サスケ	榊夏来	solo	sidem			imasdb-3c1456cb833e			unmatched	
sidem_ディソナンスエデン	ディソナンス・エデン	ディソナンス・エデン		真崎エリカ	真崎エリカ	藤井健太郎	藤井健太郎	Altessimo(都築圭、神楽麗)	unit	sidem			imasdb-9df9c3818756			unmatched	
sidem_トキメキぷろろーぐ	トキメキ・ぷろろーぐ!	トキメキ・ぷろろーぐ!		新谷風太	新谷風太	光増ハジメ	光増ハジメ	岡村直央	solo	sidem			imasdb-141d7db2c339			unmatched	
sidem_トレジャーパーティー	トレジャー・パーティー!	トレジャー・パーティー!		真崎エリカ	真崎エリカ	サイトウヨシヒロ	サイトウヨシヒロ	蒼井悠介、木村龍、若里春名	unit	sidem			imasdb-954bf8181d1c			unmatched	
sidem_トロンプルイユダンスホール	トロンプルイユ・ダンスホール	トロンプルイユ・ダンスホール		真崎エリカ	真崎エリカ	アッシュ井上(Dream Monster)	アッシュ井上(Dream Monster)	Jupiter(天ヶ瀬冬馬、御手洗翔太、伊集院北斗)	unit	sidem			imasdb-acb64cf2998a			unmatched	
sidem_ナツゾラrecords	ナツゾラRecords	ナツゾラRecords		結城アイラ	結城アイラ	山元祐介	山元祐介	榊夏来	solo	sidem			imasdb-eb89f7589319			unmatched	
sidem_ハイパービリーバー	ハイパービリーバー!!	ハイパービリーバー!!		新谷風太	新谷風太	矢野達也	矢野達也	伊瀬谷四季	solo	sidem			imasdb-3ad1eeebe318			unmatched	
sidem_ハナビラメールの空	ハナビラメールの空	ハナビラメールの空		真崎エリカ	真崎エリカ	大濱健悟	大濱健悟	Beit(鷹城恭二、ピエール、渡辺みのり)	unit	sidem			imasdb-51b21f7166bd			unmatched	
sidem_ハローハイドレンジア	ハローハイドレンジア	ハローハイドレンジア		山崎寛子	山崎寛子	オオヤギヒロオ	オオヤギヒロオ	DRAMATIC STARS(天道輝、桜庭薫、柏木翼)	unit	sidem			imasdb-38fea53a71b4			unmatched	
sidem_ハートフルパトローラー	ハートフル・パトローラー	ハートフル・パトローラー		真崎エリカ	真崎エリカ	本多友紀(Arte Refact)	本多友紀(Arte Refact)	握野英雄	solo	sidem			imasdb-977e36f048c2			unmatched	
sidem_バーニンクールで輝いて	バーニン・クールで輝いて	バーニン・クールで輝いて		結城アイラ	結城アイラ	河田貴央	河田貴央	神速一魂(紅井朱雀、黒野玄武)	unit	sidem			imasdb-35890db9772f			unmatched	
sidem_ヒカリ待つ明日へ	ヒカリ待つ明日へ	ヒカリ待つ明日へ		結城アイラ	結城アイラ	めんま	めんま	神速一魂(紅井朱雀、黒野玄武)	unit	sidem			imasdb-a437330279e6			unmatched	
sidem_フェイバリットに踊らせて	フェイバリットに踊らせて	フェイバリットに踊らせて		真崎エリカ	真崎エリカ	宮崎まゆ	宮崎まゆ	水嶋咲	solo	sidem			imasdb-e7bea050c96a			unmatched	
sidem_マイドラマティックヒロイン	マイドラマティックヒロイン	マイドラマティックヒロイン		山崎寛子	山崎寛子	永井正道	永井正道	Beit(鷹城恭二、ピエール、渡辺みのり)	unit	sidem			imasdb-1cf5876d38fe			unmatched	
sidem_ミュージアムジカ	ミュージアムジカ	ミュージアムジカ		真崎エリカ	真崎エリカ	本田光史郎	本田光史郎	W&Café Parade&もふもふえん(蒼井享介、蒼井悠介、神谷幸広、東雲荘一郎、アスラン=ベルゼビュートII世、卯月巻緒、水嶋咲、岡村直央、橘志狼、姫野かのん)	unit	sidem			imasdb-2d537ddb8682			unmatched	
sidem_ミートユメノトピア	ミート・ユメノトピア	ミート・ユメノトピア		結城アイラ	結城アイラ	日比野裕史(Blue Bird's Nest)	日比野裕史(Blue Bird's Nest)	F-LAGS(秋月涼、兜大吾、九十九一希)	unit	sidem			imasdb-cee829237652			unmatched	
sidem_ムゲンダイグロウアップ	ムゲンダイグロウアップ!	ムゲンダイグロウアップ!		真崎エリカ	真崎エリカ	桑原佑介	桑原佑介	FRAME&もふもふえん(握野英雄、木村龍、信玄誠司、岡村直央、橘志狼、姫野かのん)	unit	sidem			imasdb-de4d5d25d1df			unmatched	
sidem_リトルハピネス	リトルハピネス	リトルハピネス		結城アイラ	結城アイラ	島崎貴光	島崎貴光	315 STARS(メンタル Ver.)(御手洗翔太、柏木翼、都築圭、ピエール、蒼井悠介、信玄誠司、華村翔真、清澄九郎、若里春名、神谷幸広、卯月巻緒、姫野かのん、舞田類、秋月涼、北村想楽、花園百々人)	unit	sidem			imasdb-2d2b00daee4b			unmatched	
sidem_リトルマイシューズ	リトルマイシューズ	リトルマイシューズ		真崎エリカ	真崎エリカ	本澤尚之、田尻知之(note native)	本澤尚之;田尻知之(note native)	橘志狼	solo	sidem			imasdb-09ca110a5a2a			unmatched	
sidem_リビングアイズヒーロー	リビングアイズヒーロー	リビングアイズヒーロー		真崎エリカ	真崎エリカ	陶山隼	陶山隼	FRAME(握野英雄、木村龍、信玄誠司)	unit	sidem			imasdb-b1e7b820f155			unmatched	
sidem_リフレインアトリウム	リフレインアトリウム	リフレインアトリウム		山崎寛子	山崎寛子	青木康平	青木康平	Legenders(葛之葉雨彦、北村想楽、古論クリス)	unit	sidem			imasdb-67b90cf0228f			unmatched	
sidem_ワンホールワンダーランド	ワンホール=ワンダーランド!	ワンホール=ワンダーランド!		真崎エリカ	真崎エリカ	原田篤(Arte Refact)	原田篤(Arte Refact)	卯月巻緒	solo	sidem			imasdb-d48afe5f2ce8			unmatched	
sidem_今宵笑むように	今宵、笑むように	今宵、笑むように		新谷風太	新谷風太	加藤冴人	加藤冴人	華村翔真	solo	sidem			imasdb-5c32df033c39			unmatched	
sidem_伝えたいのはこんなきもち	伝えたいのはこんなきもち	伝えたいのはこんなきもち		真崎エリカ	真崎エリカ	原田篤 (Arte Refact)	原田篤 (Arte Refact)	もふもふえん(岡村直央、橘志狼、姫野かのん)	unit	sidem			imasdb-6c2690bcceb5			unmatched	
sidem_冬の日のエトランゼ	冬の日のエトランゼ	冬の日のエトランゼ		真崎エリカ	真崎エリカ	遠藤直弥	遠藤直弥	DRAMATIC STARS(天道輝、桜庭薫、柏木翼、Beit[鷹城恭二、ピエール、渡辺みのり)	unit	sidem			imasdb-0a51cbe0e3cd			unmatched	
sidem_劇星戦隊ドラスターズ	劇星☆戦隊ドラスターズ	劇星☆戦隊ドラスターズ		松井洋平	松井洋平	石田秀登	石田秀登	DRAMATIC STARS(天道輝、桜庭薫、柏木翼)	unit	sidem			imasdb-cf5044206c7d			unmatched	
sidem_勇敢なるキミへ	勇敢なるキミへ	勇敢なるキミへ		真崎エリカ	真崎エリカ	増田武史	増田武史	FRAME(握野英雄、木村龍、信玄誠司)	unit	sidem			imasdb-91640bc604b5			unmatched	
sidem_千夜一夜に瞬く星よ	千夜一夜に瞬く星よ	千夜一夜に瞬く星よ		結城アイラ	結城アイラ	Sugane Masato	Sugane Masato	Beit(鷹城恭二、ピエール、渡辺みのり)	unit	sidem			imasdb-167a5b99da77			unmatched	
sidem_千客万来ニーハオサァカス	千客万来ニーハオサァカス!	千客万来ニーハオサァカス!		真崎エリカ	真崎エリカ	小川裕司・廣澤優也	小川裕司;廣澤優也	御手洗翔太、渡辺みのり、大河タケル、兜大吾	unit	sidem			imasdb-6adea211ccdd			unmatched	
sidem_君と咲いた未来へ	君と咲いた未来へ	君と咲いた未来へ		松井洋平	松井洋平	鶴﨑輝一	鶴﨑輝一	彩(猫柳キリオ、華村翔真、清澄九郎)	unit	sidem			imasdb-d13c775babc2			unmatched	
sidem_和風堂々wanderful_nippon	和風堂々!〜WAnderful NIPPON!〜	和風堂々!〜WAnderful NIPPON!〜		松井洋平	松井洋平	江並哲志	江並哲志	彩(華村翔真、猫柳キリオ、清澄九郎)	unit	sidem			imasdb-4805c8dab321			unmatched	
sidem_喜怒哀楽万国共通-burn_it_up-	喜怒哀楽万国共通-Burn it up!-	喜怒哀楽万国共通-Burn it up!-		結城アイラ	結城アイラ	河田貴央	河田貴央	神速一魂(紅井朱雀、黒野玄武)	unit	sidem			imasdb-d72026539519			unmatched	
sidem_喝彩花鳥風月	喝彩!〜花鳥風月〜	喝彩!〜花鳥風月〜		松井洋平	松井洋平	流歌	流歌	彩(華村翔真、猫柳キリオ、清澄九郎)	unit	sidem			imasdb-21e22dcd9508			unmatched	
sidem_嗚呼情熱に星は輝く315プロダクション社歌	嗚呼、情熱に星は輝く〜315プロダクション社歌〜	嗚呼、情熱に星は輝く〜315プロダクション社歌〜		松井洋平	松井洋平	本多友紀(Arte Refact)	本多友紀(Arte Refact)	プロデューサー&山村賢 with 齋藤孝司	unit	sidem			imasdb-6721e21c2306			unmatched	
sidem_四心争乱_-天地一指-	四心争乱 -天地一指-	四心争乱 -天地一指-		松井洋平	松井洋平	大熊淳生(Arte Refact)	大熊淳生(Arte Refact)	山下次郎、葛之葉雨彦、伊集院北斗、木村龍、円城寺道流、天ヶ瀬冬馬、眉見鋭心、九十九一希、神楽麗	unit	sidem			imasdb-48836385ca1f			unmatched	
sidem_夏時間グラフィティ	夏時間グラフィティ	夏時間グラフィティ		結城アイラ	結城アイラ	佐々木裕	佐々木裕	Beit(鷹城恭二、ピエール、渡辺みのり、High×Joker[伊瀬谷四季、秋山隼人、若里春名、冬美旬、榊夏来、W[蒼井享介、蒼井悠介)	unit	sidem			imasdb-b9a5a7ddf14f			unmatched	
sidem_夜空を煌めく星のように	夜空を煌めく星のように	夜空を煌めく星のように		結城アイラ	結城アイラ	桑原聖(Arte Refact)	桑原聖(Arte Refact)	DRAMATIC STARS(天道輝、桜庭薫、柏木翼、秋山隼人、若里春名、冬美旬、榊夏来)	unit	sidem			imasdb-93e247a2971b			unmatched	
sidem_夢の不思議なラビリンス	夢の不思議なラビリンス	夢の不思議なラビリンス		真崎エリカ	真崎エリカ	フワリ(Dream Monster)	フワリ(Dream Monster)	Altessimo(都築圭、神楽麗)	unit	sidem			imasdb-61d08d87c76b			unmatched	
sidem_夢色voyager	夢色VOYAGER	夢色VOYAGER		結城アイラ	結城アイラ	原田篤(Arte Refact)	原田篤(Arte Refact)	F-LAGS(秋月涼、九十九一希、兜大吾)	unit	sidem			imasdb-e20c63391bda			unmatched	
sidem_奇想天外狂詩曲-fantastic_rhapsody-	奇想天外狂詩曲-FANTASTIC RHAPSODY-	奇想天外狂詩曲-FANTASTIC RHAPSODY-		松井洋平	松井洋平	EFFY、森田和樹	EFFY;森田和樹	柏木翼、都築圭、神谷幸広、兜大吾	unit	sidem			imasdb-4b9b438c8cf4			unmatched	
sidem_威風堂々と	威風堂々と	威風堂々と		結城アイラ	結城アイラ	無敵DEAD SNAKE	無敵DEAD SNAKE	黒野玄武	solo	sidem			imasdb-a3805bd2ccc1			unmatched	
sidem_安寧のdystopia	安寧のDystopia	安寧のDystopia		松井洋平	松井洋平	本多友紀(Arte Refact)	本多友紀(Arte Refact)	天ヶ瀬冬馬、伊集院北斗、都築圭、神楽麗、渡辺みのり、信玄誠司、華村翔真、清澄九郎、伊瀬谷四季、神谷幸広、卯月巻緒、水嶋咲、橘志狼、舞田類、山下次郎、円城寺道流、兜大吾、九十九一希、葛之葉雨彦、北村想楽	unit	sidem			imasdb-12436c7c69ad			unmatched	
sidem_宵闇のイリュージョン	宵闇のイリュージョン	宵闇のイリュージョン		結城アイラ	結城アイラ	福田陽司	福田陽司	THE 虎牙道(大河タケル、円城寺道流、牙崎漣)	unit	sidem			imasdb-23f989eb3d45			unmatched	
sidem_幸燦燦と	幸燦燦と!	幸燦燦と!		新谷風太	新谷風太	岩越涼大	岩越涼大	彩(猫柳キリオ、華村翔真、清澄九郎)	unit	sidem			imasdb-0156b2808297			unmatched	
sidem_幻想のutopia	幻想のUtopia	幻想のUtopia		松井洋平	松井洋平	大熊淳生(Arte Refact)	大熊淳生(Arte Refact)	ピエール、蒼井悠介、蒼井享介、握野英雄、木村龍、秋山隼人、冬美旬、榊夏来、若里春名、紅井朱雀、東雲荘一郎、アスラン=ベルゼビュートII世、岡村直央、硲道夫、大河タケル、牙崎漣、天峰秀、花園百々人、眉見鋭心	unit	sidem			imasdb-cda34737ea32			unmatched	
sidem_強く尊き獣たち	強く尊き獣たち	強く尊き獣たち		結城アイラ	結城アイラ	岡本健介	岡本健介	THE 虎牙道(大河タケル、牙崎漣、円城寺道流)	unit	sidem			imasdb-fa8240f2952e			unmatched	
sidem_彩リノ歌	彩リノ歌	彩リノ歌		松井洋平	松井洋平	関口晶大	関口晶大	彩(猫柳キリオ、華村翔真、清澄九郎)	unit	sidem			imasdb-6b5ca77981ab			unmatched	
sidem_情熱fighter	情熱...FIGHTER	情熱...FIGHTER		結城アイラ	結城アイラ	増田武史	増田武史	THE 虎牙道(大河タケル、牙崎漣、円城寺道流)	unit	sidem			imasdb-09b0aca9dabb			unmatched	
sidem_惑星が瞬いた夜に	惑星が瞬いた夜に	惑星が瞬いた夜に		マイクスギヤマ	マイクスギヤマ	鶴﨑輝一	鶴﨑輝一	Jupiter(天ヶ瀬冬馬、御手洗翔太、伊集院北斗)	unit	sidem			imasdb-9bd5a9dfb31d			unmatched	
sidem_想いはeternity	想いはETERNITY	想いはETERNITY		真崎エリカ	真崎エリカ	渡辺未来	渡辺未来	Beit(鷹城恭二、ピエール、渡辺みのり)	unit	sidem			imasdb-68d3572769b7			unmatched	
sidem_愛笑華	愛笑華!	愛笑華!		松井洋平	松井洋平	草野将史	草野将史	彩(猫柳キリオ、華村翔真、清澄九郎)	unit	sidem			imasdb-cf82e83e4810			unmatched	
sidem_我が混沌のサバトマリアージュ	我が混沌のサバト・マリアージュ	我が混沌のサバト・マリアージュ		真崎エリカ	真崎エリカ	桑原佑介	桑原佑介	アスラン=ベルゼビュートII世	solo	sidem			imasdb-6e87c1cf70b1			unmatched	
sidem_掲げよう偽りなき自分を	...掲げよう、偽りなき自分を。	...掲げよう、偽りなき自分を。		松井洋平	松井洋平	小野貴光	小野貴光	九十九一希	solo	sidem			imasdb-b5b2eb06025b			unmatched	
sidem_新世代ワールドビッグスター	新世代ワールド・ビッグスター!	新世代ワールド・ビッグスター!		真崎エリカ	真崎エリカ	サイトウヨシヒロ	サイトウヨシヒロ	橘志狼	solo	sidem			imasdb-54a83b49e3a7			unmatched	
sidem_暗黒への前奏曲	暗黒への前奏曲	暗黒への前奏曲		山崎寛子	山崎寛子	濱田幹浩	濱田幹浩	アスラン=ベルゼビュートII世	solo	sidem			imasdb-04d76478818f			unmatched	
sidem_来来美食	来来美食	来来美食		Safari Natsukawa	Safari Natsukawa	シバタトモキ	シバタトモキ	C.FIRST(天峰秀、花園百々人、眉見鋭心)	unit	sidem			imasdb-dc82d78d08f6			unmatched	
sidem_桜彩	桜彩	桜彩		松井洋平	松井洋平	夜兎・小高光太郎	夜兎;小高光太郎	彩(猫柳キリオ、華村翔真、清澄九郎)	unit	sidem			imasdb-7c905945b332			unmatched	
sidem_永遠なる四銃士	永遠なる四銃士	永遠なる四銃士		結城アイラ	結城アイラ	田熊知存	田熊知存	天道輝、握野英雄、紅井朱雀、葛之葉雨彦	unit	sidem			imasdb-ac4b72f4abf9			unmatched	
sidem_流るゝ風の如く_和敬清寂	流るゝ風の如く 〜和敬清寂〜	流るゝ風の如く 〜和敬清寂〜		松井洋平	松井洋平	原田アツシ	原田アツシ	清澄九郎	solo	sidem			imasdb-09e71679eeda			unmatched	
sidem_流星parade	流星PARADE	流星PARADE		真崎エリカ	真崎エリカ	SHINTA-LOW(Arte Refact)	SHINTA-LOW(Arte Refact)	DRAMATIC STARS(天道輝、桜庭薫、柏木翼、S.E.M[硲道夫、舞田類、山下次郎、Jupiter[天ヶ瀬冬馬、御手洗翔太、伊集院北斗)	unit	sidem			imasdb-a235b943e228			unmatched	
sidem_漢一貫ロックンロール	漢一貫ロックン・ロール	漢一貫ロックン・ロール		結城アイラ	結城アイラ	増田武史	増田武史	紅井朱雀	solo	sidem			imasdb-48e643aff466			unmatched	
sidem_熱情_burning_voltage	熱情! Burning Voltage	熱情! Burning Voltage		新谷風太	新谷風太	増田武史	増田武史	紅井朱雀	solo	sidem			imasdb-ba43b7d21c51			unmatched	
sidem_眠らぬ夜にスパシーバ	眠らぬ夜にスパシーバ!	眠らぬ夜にスパシーバ!		真崎エリカ	真崎エリカ	原田篤(Arte Refact)	原田篤(Arte Refact)	山下次郎、神谷幸広、古論クリス	unit	sidem			imasdb-9a4192574b0c			unmatched	
sidem_祝彩	祝彩!	祝彩!		松井洋平	松井洋平	山本恭平(Arte Refact)	山本恭平(Arte Refact)	彩(華村翔真、猫柳キリオ、清澄九郎)	unit	sidem			imasdb-458a6aa3f7e3			unmatched	
sidem_究極fighting	究極...FIGHTING	究極...FIGHTING		結城アイラ	結城アイラ	本田光史郎、星野孝文	本田光史郎;星野孝文	THE 虎牙道(大河タケル、円城寺道流、牙崎漣)	unit	sidem			imasdb-3272ed17f045			unmatched	
sidem_竜宮逢幻記	竜宮逢幻記	竜宮逢幻記		真崎エリカ	真崎エリカ	中村真悟	中村真悟	鷹城恭二、華村翔真、古論クリス、天峰秀	unit	sidem			imasdb-8b9e14404da3			unmatched	
sidem_笑顔の祭りにゃ福来る	笑顔の祭りにゃ、福来る	笑顔の祭りにゃ、福来る		結城アイラ	結城アイラ	本多友紀 (Arte Refact)	本多友紀 (Arte Refact)	彩(猫柳キリオ、華村翔真、清澄九郎、神速一魂[紅井朱雀、黒野玄武、THE 虎牙道[大河タケル、牙崎漣、円城寺道流)	unit	sidem			imasdb-68ce8a53127a			unmatched	
sidem_筆跡の彼方	筆跡の彼方	筆跡の彼方		マイクスギヤマ	マイクスギヤマ	増田武史	増田武史	九十九一希	solo	sidem			imasdb-b721e16cd5f1			unmatched	
sidem_約束はドリーミングフライト	約束はドリーミングフライト	約束はドリーミングフライト		結城アイラ	結城アイラ	高橋修平	高橋修平	柏木翼	solo	sidem			imasdb-d8764208ee06			unmatched	
sidem_素敵にcon_grazia	素敵にCon grazia!	素敵にCon grazia!		マイクスギヤマ	マイクスギヤマ	光増ハジメ	光増ハジメ	伊集院北斗	solo	sidem			imasdb-e8db0616e9b9			unmatched	
sidem_組曲_-to_all_ages_concerto-	組曲 -to All Ages Concerto-	組曲 -to All Ages Concerto-		真崎エリカ	真崎エリカ	矢野達也	矢野達也	Altessimo(都築圭、神楽麗)・彩(猫柳キリオ、華村翔真、清澄九郎)	unit	sidem			imasdb-08574b91b1f7			unmatched	
sidem_縁会entertainments	縁会!〜ENTERTAINMENTS!〜	縁会!〜ENTERTAINMENTS!〜		松井洋平	松井洋平	KoTa	KoTa	彩(猫柳キリオ、華村翔真、清澄九郎)	unit	sidem			imasdb-a0977a12d6a0			unmatched	
sidem_羽ばたきのmy_soul	羽ばたきのMy Soul	羽ばたきのMy Soul		結城アイラ	結城アイラ	森本貴大(CoRecTive)	森本貴大(CoRecTive)	秋月涼	solo	sidem			imasdb-87962b6ab4ef			unmatched	
sidem_装_-so_beautiful-	装 -So Beautiful-	装 -So Beautiful-		松井洋平	松井洋平	桑原佑介	桑原佑介	彩(華村翔真、猫柳キリオ、清澄九郎)	unit	sidem			imasdb-3a27b46c7234			unmatched	
sidem_運命光年	運命光年	運命光年		真崎エリカ	真崎エリカ	Ryu	Ryu	Jupiter(天ヶ瀬冬馬、御手洗翔太、伊集院北斗)	unit	sidem			imasdb-414643aa4f4c			unmatched	
sidem_青春サティスファクション	青春!サティスファクション	青春!サティスファクション		結城アイラ	結城アイラ	mu-ray	mu-ray	若里春名	solo	sidem			imasdb-8ca1a3008cf0			unmatched	
sidem_魔法のステアー	魔法のステアー	魔法のステアー		真崎エリカ	真崎エリカ	桑原佑介	桑原佑介	ピエール	solo	sidem			imasdb-340696787433			unmatched	
